[2026-09-25 08:32:16] production.ERROR: Route [filament.portal.pages.dashboard] not defined. (View: /home/skytech/ISP-BILLING-main/resources/views/layouts/partials/mobile-button-nav.blade.php) (View: /home/skytech/ISP-BILLING-main/resources/views/layouts/partials/mobile-button-nav.blade.php) (View: /home/skytech/ISP-BILLING-main/resources/views/layouts/partials/mobile-button-nav.blade.php) {"userId":1,"exception":"[object] (Illuminate\\View\\ViewException(code: 0): Route [filament.portal.pages.dashboard] not defined. (View: /home/skytech/ISP-BILLING-main/resources/views/layouts/partials/mobile-button-nav.blade.php) (View: /home/skytech/ISP-BILLING-main/resources/views/layouts/partials/mobile-button-nav.blade.php) (View: /home/skytech/ISP-BILLING-main/resources/views/layouts/partials/mobile-button-nav.blade.php) at /home/skytech/ISP-BILLING-main/vendor/laravel/framework/src/Illuminate/Routing/UrlGenerator.php:534)
[stacktrace]
#0 /home/skytech/ISP-BILLING-main/vendor/livewire/livewire/src/Mechanisms/ExtendBlade/ExtendedCompilerEngine.php(58): Illuminate\\View\\Engines\\CompilerEngine->handleViewException()
#1 /home/skytech/ISP-BILLING-main/vendor/laravel/framework/src/Illuminate/View/Engines/PhpEngine.php(59): Livewire\\Mechanisms\\ExtendBlade\\ExtendedCompilerEngine->handleViewException()
#2 /home/skytech/ISP-BILLING-main/vendor/livewire/livewire/src/Mechanisms/ExtendBlade/ExtendedCompilerEngine.php(22): Illuminate\\View\\Engines\\PhpEngine->evaluatePath()
#3 /home/skytech/ISP-BILLING-main/vendor/laravel/framework/src/Illuminate/View/Engines/CompilerEngine.php(76): Livewire\\Mechanisms\\ExtendBlade\\ExtendedCompilerEngine->evaluatePath()
#4 /home/skytech/ISP-BILLING-main/vendor/livewire/livewire/src/Mechanisms/ExtendBlade/ExtendedCompilerEngine.php(10): Illuminate\\View\\Engines\\CompilerEngine->get()
#5 /home/skytech/ISP-BILLING-main/vendor/laravel/framework/src/Illuminate/View/View.php(208): Livewire\\Mechanisms\\ExtendBlade\\ExtendedCompilerEngine->get()
#6 /home/skytech/ISP-BILLING-main/vendor/laravel/framework/src/Illuminate/View/View.php(191): Illuminate\\View\\View->getContents()
#7 /home/skytech/ISP-BILLING-main/vendor/laravel/framework/src/Illuminate/View/View.php(160): Illuminate\\View\\View->renderContents()
#8 /home/skytech/ISP-BILLING-main/vendor/laravel/framework/src/Illuminate/Http/Response.php(78): Illuminate\\View\\View->render()
#9 /home/skytech/ISP-BILLING-main/vendor/laravel/framework/src/Illuminate/Http/Response.php(34): Illuminate\\Http\\Response->setContent()
#10 /home/skytech/ISP-BILLING-main/vendor/laravel/framework/src/Illuminate/Routing/Router.php(939): Illuminate\\Http\\Response->__construct()
#11 /home/skytech/ISP-BILLING-main/vendor/laravel/framework/src/Illuminate/Routing/Router.php(906): Illuminate\\Routing\\Router::toResponse()
#12 /home/skytech/ISP-BILLING-main/vendor/laravel/framework/src/Illuminate/Routing/Router.php(821): Illuminate\\Routing\\Router->prepareResponse()
#13 /home/skytech/ISP-BILLING-main/vendor/laravel/framework/src/Illuminate/Pipeline/Pipeline.php(180): Illuminate\\Routing\\Router->Illuminate\\Routing\\{closure}()
#14 /home/skytech/ISP-BILLING-main/app/Http/Middleware/RestrictHotelUserPortal.php(45): Illuminate\\Pipeline\\Pipeline->Illuminate\\Pipeline\\{closure}()
#15 /home/skytech/ISP-BILLING-main/vendor/laravel/framework/src/Illuminate/Pipeline/Pipeline.php(219): App\\Http\\Middleware\\RestrictHotelUserPortal->handle()
#16 /home/skytech/ISP-BILLING-main/app/Http/Middleware/ForcePortalPasswordChange.php(29): Illuminate\\Pipeline\\Pipeline->Illuminate\\Pipeline\\{closure}()
#17 /home/skytech/ISP-BILLING-main/vendor/laravel/framework/src/Illuminate/Pipeline/Pipeline.php(219): App\\Http\\Middleware\\ForcePortalPasswordChange->handle()
#18 /home/skytech/ISP-BILLING-main/app/Http/Middleware/RestrictToProfileIfNoPermissions.php(61): Illuminate\\Pipeline\\Pipeline->Illuminate\\Pipeline\\{closure}()
#19 /home/skytech/ISP-BILLING-main/vendor/laravel/framework/src/Illuminate/Pipeline/Pipeline.php(219): App\\Http\\Middleware\\RestrictToProfileIfNoPermissions->handle()
#20 /home/skytech/ISP-BILLING-main/vendor/laravel/framework/src/Illuminate/Auth/Middleware/EnsureEmailIsVerified.php(41): Illuminate\\Pipeline\\Pipeline->Illuminate\\Pipeline\\{closure}()
#21 /home/skytech/ISP-BILLING-main/vendor/laravel/framework/src/Illuminate/Pipeline/Pipeline.php(219): Illuminate\\Auth\\Middleware\\EnsureEmailIsVerified->handle()
#22 /home/skytech/ISP-BILLING-main/vendor/php-flasher/flasher-laravel/Middleware/FlasherMiddleware.php(21): Illuminate\\Pipeline\\Pipeline->Illuminate\\Pipeline\\{closure}()
#23 /home/skytech/ISP-BILLING-main/vendor/laravel/framework/src/Illuminate/Pipeline/Pipeline.php(219): Flasher\\Laravel\\Middleware\\FlasherMiddleware->handle()
#24 /home/skytech/ISP-BILLING-main/vendor/php-flasher/flasher-laravel/Middleware/SessionMiddleware.php(21): Illuminate\\Pipeline\\Pipeline->Illuminate\\Pipeline\\{closure}()
#25 /home/skytech/ISP-BILLING-main/vendor/laravel/framework/src/Illuminate/Pipeline/Pipeline.php(219): Flasher\\Laravel\\Middleware\\SessionMiddleware->handle()
#26 /home/skytech/ISP-BILLING-main/app/Http/Middleware/SetLocaleFromSession.php(42): Illuminate\\Pipeline\\Pipeline->Illuminate\\Pipeline\\{closure}()
#27 /home/skytech/ISP-BILLING-main/vendor/laravel/framework/src/Illuminate/Pipeline/Pipeline.php(219): App\\Http\\Middleware\\SetLocaleFromSession->handle()
#28 /home/skytech/ISP-BILLING-main/vendor/laravel/framework/src/Illuminate/Routing/Middleware/SubstituteBindings.php(50): Illuminate\\Pipeline\\Pipeline->Illuminate\\Pipeline\\{closure}()
#29 /home/skytech/ISP-BILLING-main/vendor/laravel/framework/src/Illuminate/Pipeline/Pipeline.php(219): Illuminate\\Routing\\Middleware\\SubstituteBindings->handle()
#30 /home/skytech/ISP-BILLING-main/vendor/laravel/framework/src/Illuminate/Session/Middleware/AuthenticateSession.php(70): Illuminate\\Pipeline\\Pipeline->Illuminate\\Pipeline\\{closure}()
#31 /home/skytech/ISP-BILLING-main/vendor/laravel/framework/src/Illuminate/Pipeline/Pipeline.php(219): Illuminate\\Session\\Middleware\\AuthenticateSession->handle()
#32 /home/skytech/ISP-BILLING-main/vendor/laravel/framework/src/Illuminate/Auth/Middleware/Authenticate.php(63): Illuminate\\Pipeline\\Pipeline->Illuminate\\Pipeline\\{closure}()
#33 /home/skytech/ISP-BILLING-main/vendor/laravel/framework/src/Illuminate/Pipeline/Pipeline.php(219): Illuminate\\Auth\\Middleware\\Authenticate->handle()
#34 /home/skytech/ISP-BILLING-main/vendor/laravel/framework/src/Illuminate/Foundation/Http/Middleware/VerifyCsrfToken.php(87): Illuminate\\Pipeline\\Pipeline->Illuminate\\Pipeline\\{closure}()
#35 /home/skytech/ISP-BILLING-main/vendor/laravel/framework/src/Illuminate/Pipeline/Pipeline.php(219): Illuminate\\Foundation\\Http\\Middleware\\VerifyCsrfToken->handle()
#36 /home/skytech/ISP-BILLING-main/vendor/laravel/framework/src/Illuminate/View/Middleware/ShareErrorsFromSession.php(48): Illuminate\\Pipeline\\Pipeline->Illuminate\\Pipeline\\{closure}()
#37 /home/skytech/ISP-BILLING-main/vendor/laravel/framework/src/Illuminate/Pipeline/Pipeline.php(219): Illuminate\\View\\Middleware\\ShareErrorsFromSession->handle()
#38 /home/skytech/ISP-BILLING-main/vendor/laravel/framework/src/Illuminate/Session/Middleware/StartSession.php(120): Illuminate\\Pipeline\\Pipeline->Illuminate\\Pipeline\\{closure}()
#39 /home/skytech/ISP-BILLING-main/vendor/laravel/framework/src/Illuminate/Session/Middleware/StartSession.php(63): Illuminate\\Session\\Middleware\\StartSession->handleStatefulRequest()
#40 /home/skytech/ISP-BILLING-main/vendor/laravel/framework/src/Illuminate/Pipeline/Pipeline.php(219): Illuminate\\Session\\Middleware\\StartSession->handle()
#41 /home/skytech/ISP-BILLING-main/vendor/laravel/framework/src/Illuminate/Cookie/Middleware/AddQueuedCookiesToResponse.php(36): Illuminate\\Pipeline\\Pipeline->Illuminate\\Pipeline\\{closure}()
#42 /home/skytech/ISP-BILLING-main/vendor/laravel/framework/src/Illuminate/Pipeline/Pipeline.php(219): Illuminate\\Cookie\\Middleware\\AddQueuedCookiesToResponse->handle()
#43 /home/skytech/ISP-BILLING-main/vendor/laravel/framework/src/Illuminate/Cookie/Middleware/EncryptCookies.php(74): Illuminate\\Pipeline\\Pipeline->Illuminate\\Pipeline\\{closure}()
#44 /home/skytech/ISP-BILLING-main/vendor/laravel/framework/src/Illuminate/Pipeline/Pipeline.php(219): Illuminate\\Cookie\\Middleware\\EncryptCookies->handle()
#45 /home/skytech/ISP-BILLING-main/vendor/laravel/framework/src/Illuminate/Pipeline/Pipeline.php(137): Illuminate\\Pipeline\\Pipeline->Illuminate\\Pipeline\\{closure}()
#46 /home/skytech/ISP-BILLING-main/vendor/laravel/framework/src/Illuminate/Routing/Router.php(821): Illuminate\\Pipeline\\Pipeline->then()
#47 /home/skytech/ISP-BILLING-main/vendor/laravel/framework/src/Illuminate/Routing/Router.php(800): Illuminate\\Routing\\Router->runRouteWithinStack()
#48 /home/skytech/ISP-BILLING-main/vendor/laravel/framework/src/Illuminate/Routing/Router.php(764): Illuminate\\Routing\\Router->runRoute()
#49 /home/skytech/ISP-BILLING-main/vendor/laravel/framework/src/Illuminate/Routing/Router.php(753): Illuminate\\Routing\\Router->dispatchToRoute()
#50 /home/skytech/ISP-BILLING-main/vendor/laravel/framework/src/Illuminate/Foundation/Http/Kernel.php(200): Illuminate\\Routing\\Router->dispatch()
#51 /home/skytech/ISP-BILLING-main/vendor/laravel/framework/src/Illuminate/Pipeline/Pipeline.php(180): Illuminate\\Foundation\\Http\\Kernel->Illuminate\\Foundation\\Http\\{closure}()
#52 /home/skytech/ISP-BILLING-main/vendor/livewire/livewire/src/Features/SupportDisablingBackButtonCache/DisableBackButtonCacheMiddleware.php(19): Illuminate\\Pipeline\\Pipeline->Illuminate\\Pipeline\\{closure}()
#53 /home/skytech/ISP-BILLING-main/vendor/laravel/framework/src/Illuminate/Pipeline/Pipeline.php(219): Livewire\\Features\\SupportDisablingBackButtonCache\\DisableBackButtonCacheMiddleware->handle()
#54 /home/skytech/ISP-BILLING-main/app/Http/Middleware/CheckSiteStatus.php(55): Illuminate\\Pipeline\\Pipeline->Illuminate\\Pipeline\\{closure}()
#55 /home/skytech/ISP-BILLING-main/vendor/laravel/framework/src/Illuminate/Pipeline/Pipeline.php(219): App\\Http\\Middleware\\CheckSiteStatus->handle()
#56 /home/skytech/ISP-BILLING-main/vendor/laravel/framework/src/Illuminate/Foundation/Http/Middleware/TransformsRequest.php(21): Illuminate\\Pipeline\\Pipeline->Illuminate\\Pipeline\\{closure}()
#57 /home/skytech/ISP-BILLING-main/vendor/laravel/framework/src/Illuminate/Foundation/Http/Middleware/ConvertEmptyStringsToNull.php(31): Illuminate\\Foundation\\Http\\Middleware\\TransformsRequest->handle()
#58 /home/skytech/ISP-BILLING-main/vendor/laravel/framework/src/Illuminate/Pipeline/Pipeline.php(219): Illuminate\\Foundation\\Http\\Middleware\\ConvertEmptyStringsToNull->handle()
#59 /home/skytech/ISP-BILLING-main/vendor/laravel/framework/src/Illuminate/Foundation/Http/Middleware/TransformsRequest.php(21): Illuminate\\Pipeline\\Pipeline->Illuminate\\Pipeline\\{closure}()
#60 /home/skytech/ISP-BILLING-main/vendor/laravel/framework/src/Illuminate/Foundation/Http/Middleware/TrimStrings.php(51): Illuminate\\Foundation\\Http\\Middleware\\TransformsRequest->handle()
#61 /home/skytech/ISP-BILLING-main/vendor/laravel/framework/src/Illuminate/Pipeline/Pipeline.php(219): Illuminate\\Foundation\\Http\\Middleware\\TrimStrings->handle()
#62 /home/skytech/ISP-BILLING-main/vendor/laravel/framework/src/Illuminate/Http/Middleware/ValidatePostSize.php(27): Illuminate\\Pipeline\\Pipeline->Illuminate\\Pipeline\\{closure}()
#63 /home/skytech/ISP-BILLING-main/vendor/laravel/framework/src/Illuminate/Pipeline/Pipeline.php(219): Illuminate\\Http\\Middleware\\ValidatePostSize->handle()
#64 /home/skytech/ISP-BILLING-main/vendor/laravel/framework/src/Illuminate/Foundation/Http/Middleware/PreventRequestsDuringMaintenance.php(109): Illuminate\\Pipeline\\Pipeline->Illuminate\\Pipeline\\{closure}()
#65 /home/skytech/ISP-BILLING-main/vendor/laravel/framework/src/Illuminate/Pipeline/Pipeline.php(219): Illuminate\\Foundation\\Http\\Middleware\\PreventRequestsDuringMaintenance->handle()
#66 /home/skytech/ISP-BILLING-main/vendor/laravel/framework/src/Illuminate/Http/Middleware/HandleCors.php(61): Illuminate\\Pipeline\\Pipeline->Illuminate\\Pipeline\\{closure}()
#67 /home/skytech/ISP-BILLING-main/vendor/laravel/framework/src/Illuminate/Pipeline/Pipeline.php(219): Illuminate\\Http\\Middleware\\HandleCors->handle()
#68 /home/skytech/ISP-BILLING-main/vendor/laravel/framework/src/Illuminate/Http/Middleware/TrustProxies.php(58): Illuminate\\Pipeline\\Pipeline->Illuminate\\Pipeline\\{closure}()
#69 /home/skytech/ISP-BILLING-main/vendor/laravel/framework/src/Illuminate/Pipeline/Pipeline.php(219): Illuminate\\Http\\Middleware\\TrustProxies->handle()
#70 /home/skytech/ISP-BILLING-main/vendor/laravel/framework/src/Illuminate/Foundation/Http/Middleware/InvokeDeferredCallbacks.php(22): Illuminate\\Pipeline\\Pipeline->Illuminate\\Pipeline\\{closure}()
#71 /home/skytech/ISP-BILLING-main/vendor/laravel/framework/src/Illuminate/Pipeline/Pipeline.php(219): Illuminate\\Foundation\\Http\\Middleware\\InvokeDeferredCallbacks->handle()
#72 /home/skytech/ISP-BILLING-main/vendor/laravel/framework/src/Illuminate/Http/Middleware/ValidatePathEncoding.php(26): Illuminate\\Pipeline\\Pipeline->Illuminate\\Pipeline\\{closure}()
#73 /home/skytech/ISP-BILLING-main/vendor/laravel/framework/src/Illuminate/Pipeline/Pipeline.php(219): Illuminate\\Http\\Middleware\\ValidatePathEncoding->handle()
#74 /home/skytech/ISP-BILLING-main/vendor/laravel/framework/src/Illuminate/Pipeline/Pipeline.php(137): Illuminate\\Pipeline\\Pipeline->Illuminate\\Pipeline\\{closure}()
#75 /home/skytech/ISP-BILLING-main/vendor/laravel/framework/src/Illuminate/Foundation/Http/Kernel.php(175): Illuminate\\Pipeline\\Pipeline->then()
#76 /home/skytech/ISP-BILLING-main/vendor/laravel/framework/src/Illuminate/Foundation/Http/Kernel.php(144): Illuminate\\Foundation\\Http\\Kernel->sendRequestThroughRouter()
#77 /home/skytech/ISP-BILLING-main/vendor/laravel/framework/src/Illuminate/Foundation/Application.php(1220): Illuminate\\Foundation\\Http\\Kernel->handle()
#78 /home/skytech/ISP-BILLING-main/public/index.php(20): Illuminate\\Foundation\\Application->handleRequest()
#79 {main}

[previous exception] [object] (Illuminate\\View\\ViewException(code: 0): Route [filament.portal.pages.dashboard] not defined. (View: /home/skytech/ISP-BILLING-main/resources/views/layouts/partials/mobile-button-nav.blade.php) (View: /home/skytech/ISP-BILLING-main/resources/views/layouts/partials/mobile-button-nav.blade.php) at /home/skytech/ISP-BILLING-main/vendor/laravel/framework/src/Illuminate/Routing/UrlGenerator.php:534)
[stacktrace]
#0 /home/skytech/ISP-BILLING-main/vendor/livewire/livewire/src/Mechanisms/ExtendBlade/ExtendedCompilerEngine.php(58): Illuminate\\View\\Engines\\CompilerEngine->handleViewException()
#1 /home/skytech/ISP-BILLING-main/vendor/laravel/framework/src/Illuminate/View/Engines/PhpEngine.php(59): Livewire\\Mechanisms\\ExtendBlade\\ExtendedCompilerEngine->handleViewException()
#2 /home/skytech/ISP-BILLING-main/vendor/livewire/livewire/src/Mechanisms/ExtendBlade/ExtendedCompilerEngine.php(22): Illuminate\\View\\Engines\\PhpEngine->evaluatePath()
#3 /home/skytech/ISP-BILLING-main/vendor/laravel/framework/src/Illuminate/View/Engines/CompilerEngine.php(76): Livewire\\Mechanisms\\ExtendBlade\\ExtendedCompilerEngine->evaluatePath()
#4 /home/skytech/ISP-BILLING-main/vendor/livewire/livewire/src/Mechanisms/ExtendBlade/ExtendedCompilerEngine.php(10): Illuminate\\View\\Engines\\CompilerEngine->get()
#5 /home/skytech/ISP-BILLING-main/vendor/laravel/framework/src/Illuminate/View/View.php(208): Livewire\\Mechanisms\\ExtendBlade\\ExtendedCompilerEngine->get()
#6 /home/skytech/ISP-BILLING-main/vendor/laravel/framework/src/Illuminate/View/View.php(191): Illuminate\\View\\View->getContents()
#7 /home/skytech/ISP-BILLING-main/vendor/laravel/framework/src/Illuminate/View/View.php(160): Illuminate\\View\\View->renderContents()
#8 /home/skytech/ISP-BILLING-main/vendor/laravel/framework/src/Illuminate/View/Concerns/ManagesComponents.php(99): Illuminate\\View\\View->render()
#9 /home/skytech/ISP-BILLING-main/storage/framework/views/bdf24164d98e5983ac95be5c84ef9cb3.php(894): Illuminate\\View\\Factory->renderComponent()
#10 /home/skytech/ISP-BILLING-main/vendor/laravel/framework/src/Illuminate/Filesystem/Filesystem.php(123): require('...')
#11 /home/skytech/ISP-BILLING-main/vendor/laravel/framework/src/Illuminate/Filesystem/Filesystem.php(124): Illuminate\\Filesystem\\Filesystem::Illuminate\\Filesystem\\{closure}()
#12 /home/skytech/ISP-BILLING-main/vendor/laravel/framework/src/Illuminate/View/Engines/PhpEngine.php(57): Illuminate\\Filesystem\\Filesystem->getRequire()
#13 /home/skytech/ISP-BILLING-main/vendor/livewire/livewire/src/Mechanisms/ExtendBlade/ExtendedCompilerEngine.php(22): Illuminate\\View\\Engines\\PhpEngine->evaluatePath()
#14 /home/skytech/ISP-BILLING-main/vendor/laravel/framework/src/Illuminate/View/Engines/CompilerEngine.php(76): Livewire\\Mechanisms\\ExtendBlade\\ExtendedCompilerEngine->evaluatePath()
#15 /home/skytech/ISP-BILLING-main/vendor/livewire/livewire/src/Mechanisms/ExtendBlade/ExtendedCompilerEngine.php(10): Illuminate\\View\\Engines\\CompilerEngine->get()
#16 /home/skytech/ISP-BILLING-main/vendor/laravel/framework/src/Illuminate/View/View.php(208): Livewire\\Mechanisms\\ExtendBlade\\ExtendedCompilerEngine->get()
#17 /home/skytech/ISP-BILLING-main/vendor/laravel/framework/src/Illuminate/View/View.php(191): Illuminate\\View\\View->getContents()
#18 /home/skytech/ISP-BILLING-main/vendor/laravel/framework/src/Illuminate/View/View.php(160): Illuminate\\View\\View->renderContents()
#19 /home/skytech/ISP-BILLING-main/vendor/laravel/framework/src/Illuminate/Http/Response.php(78): Illuminate\\View\\View->render()
#20 /home/skytech/ISP-BILLING-main/vendor/laravel/framework/src/Illuminate/Http/Response.php(34): Illuminate\\Http\\Response->setContent()
#21 /home/skytech/ISP-BILLING-main/vendor/laravel/framework/src/Illuminate/Routing/Router.php(939): Illuminate\\Http\\Response->__construct()
#22 /home/skytech/ISP-BILLING-main/vendor/laravel/framework/src/Illuminate/Routing/Router.php(906): Illuminate\\Routing\\Router::toResponse()
#23 /home/skytech/ISP-BILLING-main/vendor/laravel/framework/src/Illuminate/Routing/Router.php(821): Illuminate\\Routing\\Router->prepareResponse()
#24 /home/skytech/ISP-BILLING-main/vendor/laravel/framework/src/Illuminate/Pipeline/Pipeline.php(180): Illuminate\\Routing\\Router->Illuminate\\Routing\\{closure}()
#25 /home/skytech/ISP-BILLING-main/app/Http/Middleware/RestrictHotelUserPortal.php(45): Illuminate\\Pipeline\\Pipeline->Illuminate\\Pipeline\\{closure}()
#26 /home/skytech/ISP-BILLING-main/vendor/laravel/framework/src/Illuminate/Pipeline/Pipeline.php(219): App\\Http\\Middleware\\RestrictHotelUserPortal->handle()
#27 /home/skytech/ISP-BILLING-main/app/Http/Middleware/ForcePortalPasswordChange.php(29): Illuminate\\Pipeline\\Pipeline->Illuminate\\Pipeline\\{closure}()
#28 /home/skytech/ISP-BILLING-main/vendor/laravel/framework/src/Illuminate/Pipeline/Pipeline.php(219): App\\Http\\Middleware\\ForcePortalPasswordChange->handle()
#29 /home/skytech/ISP-BILLING-main/app/Http/Middleware/RestrictToProfileIfNoPermissions.php(61): Illuminate\\Pipeline\\Pipeline->Illuminate\\Pipeline\\{closure}()
#30 /home/skytech/ISP-BILLING-main/vendor/laravel/framework/src/Illuminate/Pipeline/Pipeline.php(219): App\\Http\\Middleware\\RestrictToProfileIfNoPermissions->handle()
#31 /home/skytech/ISP-BILLING-main/vendor/laravel/framework/src/Illuminate/Auth/Middleware/EnsureEmailIsVerified.php(41): Illuminate\\Pipeline\\Pipeline->Illuminate\\Pipeline\\{closure}()
#32 /home/skytech/ISP-BILLING-main/vendor/laravel/framework/src/Illuminate/Pipeline/Pipeline.php(219): Illuminate\\Auth\\Middleware\\EnsureEmailIsVerified->handle()
#33 /home/skytech/ISP-BILLING-main/vendor/php-flasher/flasher-laravel/Middleware/FlasherMiddleware.php(21): Illuminate\\Pipeline\\Pipeline->Illuminate\\Pipeline\\{closure}()
#34 /home/skytech/ISP-BILLING-main/vendor/laravel/framework/src/Illuminate/Pipeline/Pipeline.php(219): Flasher\\Laravel\\Middleware\\FlasherMiddleware->handle()
#35 /home/skytech/ISP-BILLING-main/vendor/php-flasher/flasher-laravel/Middleware/SessionMiddleware.php(21): Illuminate\\Pipeline\\Pipeline->Illuminate\\Pipeline\\{closure}()
#36 /home/skytech/ISP-BILLING-main/vendor/laravel/framework/src/Illuminate/Pipeline/Pipeline.php(219): Flasher\\Laravel\\Middleware\\SessionMiddleware->handle()
#37 /home/skytech/ISP-BILLING-main/app/Http/Middleware/SetLocaleFromSession.php(42): Illuminate\\Pipeline\\Pipeline->Illuminate\\Pipeline\\{closure}()
#38 /home/skytech/ISP-BILLING-main/vendor/laravel/framework/src/Illuminate/Pipeline/Pipeline.php(219): App\\Http\\Middleware\\SetLocaleFromSession->handle()
#39 /home/skytech/ISP-BILLING-main/vendor/laravel/framework/src/Illuminate/Routing/Middleware/SubstituteBindings.php(50): Illuminate\\Pipeline\\Pipeline->Illuminate\\Pipeline\\{closure}()
#40 /home/skytech/ISP-BILLING-main/vendor/laravel/framework/src/Illuminate/Pipeline/Pipeline.php(219): Illuminate\\Routing\\Middleware\\SubstituteBindings->handle()
#41 /home/skytech/ISP-BILLING-main/vendor/laravel/framework/src/Illuminate/Session/Middleware/AuthenticateSession.php(70): Illuminate\\Pipeline\\Pipeline->Illuminate\\Pipeline\\{closure}()
#42 /home/skytech/ISP-BILLING-main/vendor/laravel/framework/src/Illuminate/Pipeline/Pipeline.php(219): Illuminate\\Session\\Middleware\\AuthenticateSession->handle()
#43 /home/skytech/ISP-BILLING-main/vendor/laravel/framework/src/Illuminate/Auth/Middleware/Authenticate.php(63): Illuminate\\Pipeline\\Pipeline->Illuminate\\Pipeline\\{closure}()
#44 /home/skytech/ISP-BILLING-main/vendor/laravel/framework/src/Illuminate/Pipeline/Pipeline.php(219): Illuminate\\Auth\\Middleware\\Authenticate->handle()
#45 /home/skytech/ISP-BILLING-main/vendor/laravel/framework/src/Illuminate/Foundation/Http/Middleware/VerifyCsrfToken.php(87): Illuminate\\Pipeline\\Pipeline->Illuminate\\Pipeline\\{closure}()
#46 /home/skytech/ISP-BILLING-main/vendor/laravel/framework/src/Illuminate/Pipeline/Pipeline.php(219): Illuminate\\Foundation\\Http\\Middleware\\VerifyCsrfToken->handle()
#47 /home/skytech/ISP-BILLING-main/vendor/laravel/framework/src/Illuminate/View/Middleware/ShareErrorsFromSession.php(48): Illuminate\\Pipeline\\Pipeline->Illuminate\\Pipeline\\{closure}()
#48 /home/skytech/ISP-BILLING-main/vendor/laravel/framework/src/Illuminate/Pipeline/Pipeline.php(219): Illuminate\\View\\Middleware\\ShareErrorsFromSession->handle()
#49 /home/skytech/ISP-BILLING-main/vendor/laravel/framework/src/Illuminate/Session/Middleware/StartSession.php(120): Illuminate\\Pipeline\\Pipeline->Illuminate\\Pipeline\\{closure}()
#50 /home/skytech/ISP-BILLING-main/vendor/laravel/framework/src/Illuminate/Session/Middleware/StartSession.php(63): Illuminate\\Session\\Middleware\\StartSession->handleStatefulRequest()
#51 /home/skytech/ISP-BILLING-main/vendor/laravel/framework/src/Illuminate/Pipeline/Pipeline.php(219): Illuminate\\Session\\Middleware\\StartSession->handle()
#52 /home/skytech/ISP-BILLING-main/vendor/laravel/framework/src/Illuminate/Cookie/Middleware/AddQueuedCookiesToResponse.php(36): Illuminate\\Pipeline\\Pipeline->Illuminate\\Pipeline\\{closure}()
#53 /home/skytech/ISP-BILLING-main/vendor/laravel/framework/src/Illuminate/Pipeline/Pipeline.php(219): Illuminate\\Cookie\\Middleware\\AddQueuedCookiesToResponse->handle()
#54 /home/skytech/ISP-BILLING-main/vendor/laravel/framework/src/Illuminate/Cookie/Middleware/EncryptCookies.php(74): Illuminate\\Pipeline\\Pipeline->Illuminate\\Pipeline\\{closure}()
#55 /home/skytech/ISP-BILLING-main/vendor/laravel/framework/src/Illuminate/Pipeline/Pipeline.php(219): Illuminate\\Cookie\\Middleware\\EncryptCookies->handle()
#56 /home/skytech/ISP-BILLING-main/vendor/laravel/framework/src/Illuminate/Pipeline/Pipeline.php(137): Illuminate\\Pipeline\\Pipeline->Illuminate\\Pipeline\\{closure}()
#57 /home/skytech/ISP-BILLING-main/vendor/laravel/framework/src/Illuminate/Routing/Router.php(821): Illuminate\\Pipeline\\Pipeline->then()
#58 /home/skytech/ISP-BILLING-main/vendor/laravel/framework/src/Illuminate/Routing/Router.php(800): Illuminate\\Routing\\Router->runRouteWithinStack()
#59 /home/skytech/ISP-BILLING-main/vendor/laravel/framework/src/Illuminate/Routing/Router.php(764): Illuminate\\Routing\\Router->runRoute()
#60 /home/skytech/ISP-BILLING-main/vendor/laravel/framework/src/Illuminate/Routing/Router.php(753): Illuminate\\Routing\\Router->dispatchToRoute()
#61 /home/skytech/ISP-BILLING-main/vendor/laravel/framework/src/Illuminate/Foundation/Http/Kernel.php(200): Illuminate\\Routing\\Router->dispatch()
#62 /home/skytech/ISP-BILLING-main/vendor/laravel/framework/src/Illuminate/Pipeline/Pipeline.php(180): Illuminate\\Foundation\\Http\\Kernel->Illuminate\\Foundation\\Http\\{closure}()
#63 /home/skytech/ISP-BILLING-main/vendor/livewire/livewire/src/Features/SupportDisablingBackButtonCache/DisableBackButtonCacheMiddleware.php(19): Illuminate\\Pipeline\\Pipeline->Illuminate\\Pipeline\\{closure}()
#64 /home/skytech/ISP-BILLING-main/vendor/laravel/framework/src/Illuminate/Pipeline/Pipeline.php(219): Livewire\\Features\\SupportDisablingBackButtonCache\\DisableBackButtonCacheMiddleware->handle()
#65 /home/skytech/ISP-BILLING-main/app/Http/Middleware/CheckSiteStatus.php(55): Illuminate\\Pipeline\\Pipeline->Illuminate\\Pipeline\\{closure}()
#66 /home/skytech/ISP-BILLING-main/vendor/laravel/framework/src/Illuminate/Pipeline/Pipeline.php(219): App\\Http\\Middleware\\CheckSiteStatus->handle()
#67 /home/skytech/ISP-BILLING-main/vendor/laravel/framework/src/Illuminate/Foundation/Http/Middleware/TransformsRequest.php(21): Illuminate\\Pipeline\\Pipeline->Illuminate\\Pipeline\\{closure}()
#68 /home/skytech/ISP-BILLING-main/vendor/laravel/framework/src/Illuminate/Foundation/Http/Middleware/ConvertEmptyStringsToNull.php(31): Illuminate\\Foundation\\Http\\Middleware\\TransformsRequest->handle()
#69 /home/skytech/ISP-BILLING-main/vendor/laravel/framework/src/Illuminate/Pipeline/Pipeline.php(219): Illuminate\\Foundation\\Http\\Middleware\\ConvertEmptyStringsToNull->handle()
#70 /home/skytech/ISP-BILLING-main/vendor/laravel/framework/src/Illuminate/Foundation/Http/Middleware/TransformsRequest.php(21): Illuminate\\Pipeline\\Pipeline->Illuminate\\Pipeline\\{closure}()
#71 /home/skytech/ISP-BILLING-main/vendor/laravel/framework/src/Illuminate/Foundation/Http/Middleware/TrimStrings.php(51): Illuminate\\Foundation\\Http\\Middleware\\TransformsRequest->handle()
#72 /home/skytech/ISP-BILLING-main/vendor/laravel/framework/src/Illuminate/Pipeline/Pipeline.php(219): Illuminate\\Foundation\\Http\\Middleware\\TrimStrings->handle()
#73 /home/skytech/ISP-BILLING-main/vendor/laravel/framework/src/Illuminate/Http/Middleware/ValidatePostSize.php(27): Illuminate\\Pipeline\\Pipeline->Illuminate\\Pipeline\\{closure}()
#74 /home/skytech/ISP-BILLING-main/vendor/laravel/framework/src/Illuminate/Pipeline/Pipeline.php(219): Illuminate\\Http\\Middleware\\ValidatePostSize->handle()
#75 /home/skytech/ISP-BILLING-main/vendor/laravel/framework/src/Illuminate/Foundation/Http/Middleware/PreventRequestsDuringMaintenance.php(109): Illuminate\\Pipeline\\Pipeline->Illuminate\\Pipeline\\{closure}()
#76 /home/skytech/ISP-BILLING-main/vendor/laravel/framework/src/Illuminate/Pipeline/Pipeline.php(219): Illuminate\\Foundation\\Http\\Middleware\\PreventRequestsDuringMaintenance->handle()
#77 /home/skytech/ISP-BILLING-main/vendor/laravel/framework/src/Illuminate/Http/Middleware/HandleCors.php(61): Illuminate\\Pipeline\\Pipeline->Illuminate\\Pipeline\\{closure}()
#78 /home/skytech/ISP-BILLING-main/vendor/laravel/framework/src/Illuminate/Pipeline/Pipeline.php(219): Illuminate\\Http\\Middleware\\HandleCors->handle()
#79 /home/skytech/ISP-BILLING-main/vendor/laravel/framework/src/Illuminate/Http/Middleware/TrustProxies.php(58): Illuminate\\Pipeline\\Pipeline->Illuminate\\Pipeline\\{closure}()
#80 /home/skytech/ISP-BILLING-main/vendor/laravel/framework/src/Illuminate/Pipeline/Pipeline.php(219): Illuminate\\Http\\Middleware\\TrustProxies->handle()
#81 /home/skytech/ISP-BILLING-main/vendor/laravel/framework/src/Illuminate/Foundation/Http/Middleware/InvokeDeferredCallbacks.php(22): Illuminate\\Pipeline\\Pipeline->Illuminate\\Pipeline\\{closure}()
#82 /home/skytech/ISP-BILLING-main/vendor/laravel/framework/src/Illuminate/Pipeline/Pipeline.php(219): Illuminate\\Foundation\\Http\\Middleware\\InvokeDeferredCallbacks->handle()
#83 /home/skytech/ISP-BILLING-main/vendor/laravel/framework/src/Illuminate/Http/Middleware/ValidatePathEncoding.php(26): Illuminate\\Pipeline\\Pipeline->Illuminate\\Pipeline\\{closure}()
#84 /home/skytech/ISP-BILLING-main/vendor/laravel/framework/src/Illuminate/Pipeline/Pipeline.php(219): Illuminate\\Http\\Middleware\\ValidatePathEncoding->handle()
#85 /home/skytech/ISP-BILLING-main/vendor/laravel/framework/src/Illuminate/Pipeline/Pipeline.php(137): Illuminate\\Pipeline\\Pipeline->Illuminate\\Pipeline\\{closure}()
#86 /home/skytech/ISP-BILLING-main/vendor/laravel/framework/src/Illuminate/Foundation/Http/Kernel.php(175): Illuminate\\Pipeline\\Pipeline->then()
#87 /home/skytech/ISP-BILLING-main/vendor/laravel/framework/src/Illuminate/Foundation/Http/Kernel.php(144): Illuminate\\Foundation\\Http\\Kernel->sendRequestThroughRouter()
#88 /home/skytech/ISP-BILLING-main/vendor/laravel/framework/src/Illuminate/Foundation/Application.php(1220): Illuminate\\Foundation\\Http\\Kernel->handle()
#89 /home/skytech/ISP-BILLING-main/public/index.php(20): Illuminate\\Foundation\\Application->handleRequest()
#90 {main}

[previous exception] [object] (Illuminate\\View\\ViewException(code: 0): Route [filament.portal.pages.dashboard] not defined. (View: /home/skytech/ISP-BILLING-main/resources/views/layouts/partials/mobile-button-nav.blade.php) at /home/skytech/ISP-BILLING-main/vendor/laravel/framework/src/Illuminate/Routing/UrlGenerator.php:534)
[stacktrace]
#0 /home/skytech/ISP-BILLING-main/vendor/livewire/livewire/src/Mechanisms/ExtendBlade/ExtendedCompilerEngine.php(58): Illuminate\\View\\Engines\\CompilerEngine->handleViewException()
#1 /home/skytech/ISP-BILLING-main/vendor/laravel/framework/src/Illuminate/View/Engines/PhpEngine.php(59): Livewire\\Mechanisms\\ExtendBlade\\ExtendedCompilerEngine->handleViewException()
#2 /home/skytech/ISP-BILLING-main/vendor/livewire/livewire/src/Mechanisms/ExtendBlade/ExtendedCompilerEngine.php(22): Illuminate\\View\\Engines\\PhpEngine->evaluatePath()
#3 /home/skytech/ISP-BILLING-main/vendor/laravel/framework/src/Illuminate/View/Engines/CompilerEngine.php(76): Livewire\\Mechanisms\\ExtendBlade\\ExtendedCompilerEngine->evaluatePath()
#4 /home/skytech/ISP-BILLING-main/vendor/livewire/livewire/src/Mechanisms/ExtendBlade/ExtendedCompilerEngine.php(10): Illuminate\\View\\Engines\\CompilerEngine->get()
#5 /home/skytech/ISP-BILLING-main/vendor/laravel/framework/src/Illuminate/View/View.php(208): Livewire\\Mechanisms\\ExtendBlade\\ExtendedCompilerEngine->get()
#6 /home/skytech/ISP-BILLING-main/vendor/laravel/framework/src/Illuminate/View/View.php(191): Illuminate\\View\\View->getContents()
#7 /home/skytech/ISP-BILLING-main/vendor/laravel/framework/src/Illuminate/View/View.php(160): Illuminate\\View\\View->renderContents()
#8 /home/skytech/ISP-BILLING-main/storage/framework/views/877e6d9b65383f10cb6c614669e51c1a.php(93): Illuminate\\View\\View->render()
#9 /home/skytech/ISP-BILLING-main/vendor/laravel/framework/src/Illuminate/Filesystem/Filesystem.php(123): require('...')
#10 /home/skytech/ISP-BILLING-main/vendor/laravel/framework/src/Illuminate/Filesystem/Filesystem.php(124): Illuminate\\Filesystem\\Filesystem::Illuminate\\Filesystem\\{closure}()
#11 /home/skytech/ISP-BILLING-main/vendor/laravel/framework/src/Illuminate/View/Engines/PhpEngine.php(57): Illuminate\\Filesystem\\Filesystem->getRequire()
#12 /home/skytech/ISP-BILLING-main/vendor/livewire/livewire/src/Mechanisms/ExtendBlade/ExtendedCompilerEngine.php(22): Illuminate\\View\\Engines\\PhpEngine->evaluatePath()
#13 /home/skytech/ISP-BILLING-main/vendor/laravel/framework/src/Illuminate/View/Engines/CompilerEngine.php(76): Livewire\\Mechanisms\\ExtendBlade\\ExtendedCompilerEngine->evaluatePath()
#14 /home/skytech/ISP-BILLING-main/vendor/livewire/livewire/src/Mechanisms/ExtendBlade/ExtendedCompilerEngine.php(10): Illuminate\\View\\Engines\\CompilerEngine->get()
#15 /home/skytech/ISP-BILLING-main/vendor/laravel/framework/src/Illuminate/View/View.php(208): Livewire\\Mechanisms\\ExtendBlade\\ExtendedCompilerEngine->get()
#16 /home/skytech/ISP-BILLING-main/vendor/laravel/framework/src/Illuminate/View/View.php(191): Illuminate\\View\\View->getContents()
#17 /home/skytech/ISP-BILLING-main/vendor/laravel/framework/src/Illuminate/View/View.php(160): Illuminate\\View\\View->renderContents()
#18 /home/skytech/ISP-BILLING-main/vendor/laravel/framework/src/Illuminate/View/Concerns/ManagesComponents.php(99): Illuminate\\View\\View->render()
#19 /home/skytech/ISP-BILLING-main/storage/framework/views/bdf24164d98e5983ac95be5c84ef9cb3.php(894): Illuminate\\View\\Factory->renderComponent()
#20 /home/skytech/ISP-BILLING-main/vendor/laravel/framework/src/Illuminate/Filesystem/Filesystem.php(123): require('...')
#21 /home/skytech/ISP-BILLING-main/vendor/laravel/framework/src/Illuminate/Filesystem/Filesystem.php(124): Illuminate\\Filesystem\\Filesystem::Illuminate\\Filesystem\\{closure}()
#22 /home/skytech/ISP-BILLING-main/vendor/laravel/framework/src/Illuminate/View/Engines/PhpEngine.php(57): Illuminate\\Filesystem\\Filesystem->getRequire()
#23 /home/skytech/ISP-BILLING-main/vendor/livewire/livewire/src/Mechanisms/ExtendBlade/ExtendedCompilerEngine.php(22): Illuminate\\View\\Engines\\PhpEngine->evaluatePath()
#24 /home/skytech/ISP-BILLING-main/vendor/laravel/framework/src/Illuminate/View/Engines/CompilerEngine.php(76): Livewire\\Mechanisms\\ExtendBlade\\ExtendedCompilerEngine->evaluatePath()
#25 /home/skytech/ISP-BILLING-main/vendor/livewire/livewire/src/Mechanisms/ExtendBlade/ExtendedCompilerEngine.php(10): Illuminate\\View\\Engines\\CompilerEngine->get()
#26 /home/skytech/ISP-BILLING-main/vendor/laravel/framework/src/Illuminate/View/View.php(208): Livewire\\Mechanisms\\ExtendBlade\\ExtendedCompilerEngine->get()
#27 /home/skytech/ISP-BILLING-main/vendor/laravel/framework/src/Illuminate/View/View.php(191): Illuminate\\View\\View->getContents()
#28 /home/skytech/ISP-BILLING-main/vendor/laravel/framework/src/Illuminate/View/View.php(160): Illuminate\\View\\View->renderContents()
#29 /home/skytech/ISP-BILLING-main/vendor/laravel/framework/src/Illuminate/Http/Response.php(78): Illuminate\\View\\View->render()
#30 /home/skytech/ISP-BILLING-main/vendor/laravel/framework/src/Illuminate/Http/Response.php(34): Illuminate\\Http\\Response->setContent()
#31 /home/skytech/ISP-BILLING-main/vendor/laravel/framework/src/Illuminate/Routing/Router.php(939): Illuminate\\Http\\Response->__construct()
#32 /home/skytech/ISP-BILLING-main/vendor/laravel/framework/src/Illuminate/Routing/Router.php(906): Illuminate\\Routing\\Router::toResponse()
#33 /home/skytech/ISP-BILLING-main/vendor/laravel/framework/src/Illuminate/Routing/Router.php(821): Illuminate\\Routing\\Router->prepareResponse()
#34 /home/skytech/ISP-BILLING-main/vendor/laravel/framework/src/Illuminate/Pipeline/Pipeline.php(180): Illuminate\\Routing\\Router->Illuminate\\Routing\\{closure}()
#35 /home/skytech/ISP-BILLING-main/app/Http/Middleware/RestrictHotelUserPortal.php(45): Illuminate\\Pipeline\\Pipeline->Illuminate\\Pipeline\\{closure}()
#36 /home/skytech/ISP-BILLING-main/vendor/laravel/framework/src/Illuminate/Pipeline/Pipeline.php(219): App\\Http\\Middleware\\RestrictHotelUserPortal->handle()
#37 /home/skytech/ISP-BILLING-main/app/Http/Middleware/ForcePortalPasswordChange.php(29): Illuminate\\Pipeline\\Pipeline->Illuminate\\Pipeline\\{closure}()
#38 /home/skytech/ISP-BILLING-main/vendor/laravel/framework/src/Illuminate/Pipeline/Pipeline.php(219): App\\Http\\Middleware\\ForcePortalPasswordChange->handle()
#39 /home/skytech/ISP-BILLING-main/app/Http/Middleware/RestrictToProfileIfNoPermissions.php(61): Illuminate\\Pipeline\\Pipeline->Illuminate\\Pipeline\\{closure}()
#40 /home/skytech/ISP-BILLING-main/vendor/laravel/framework/src/Illuminate/Pipeline/Pipeline.php(219): App\\Http\\Middleware\\RestrictToProfileIfNoPermissions->handle()
#41 /home/skytech/ISP-BILLING-main/vendor/laravel/framework/src/Illuminate/Auth/Middleware/EnsureEmailIsVerified.php(41): Illuminate\\Pipeline\\Pipeline->Illuminate\\Pipeline\\{closure}()
#42 /home/skytech/ISP-BILLING-main/vendor/laravel/framework/src/Illuminate/Pipeline/Pipeline.php(219): Illuminate\\Auth\\Middleware\\EnsureEmailIsVerified->handle()
#43 /home/skytech/ISP-BILLING-main/vendor/php-flasher/flasher-laravel/Middleware/FlasherMiddleware.php(21): Illuminate\\Pipeline\\Pipeline->Illuminate\\Pipeline\\{closure}()
#44 /home/skytech/ISP-BILLING-main/vendor/laravel/framework/src/Illuminate/Pipeline/Pipeline.php(219): Flasher\\Laravel\\Middleware\\FlasherMiddleware->handle()
#45 /home/skytech/ISP-BILLING-main/vendor/php-flasher/flasher-laravel/Middleware/SessionMiddleware.php(21): Illuminate\\Pipeline\\Pipeline->Illuminate\\Pipeline\\{closure}()
#46 /home/skytech/ISP-BILLING-main/vendor/laravel/framework/src/Illuminate/Pipeline/Pipeline.php(219): Flasher\\Laravel\\Middleware\\SessionMiddleware->handle()
#47 /home/skytech/ISP-BILLING-main/app/Http/Middleware/SetLocaleFromSession.php(42): Illuminate\\Pipeline\\Pipeline->Illuminate\\Pipeline\\{closure}()
#48 /home/skytech/ISP-BILLING-main/vendor/laravel/framework/src/Illuminate/Pipeline/Pipeline.php(219): App\\Http\\Middleware\\SetLocaleFromSession->handle()
#49 /home/skytech/ISP-BILLING-main/vendor/laravel/framework/src/Illuminate/Routing/Middleware/SubstituteBindings.php(50): Illuminate\\Pipeline\\Pipeline->Illuminate\\Pipeline\\{closure}()
#50 /home/skytech/ISP-BILLING-main/vendor/laravel/framework/src/Illuminate/Pipeline/Pipeline.php(219): Illuminate\\Routing\\Middleware\\SubstituteBindings->handle()
#51 /home/skytech/ISP-BILLING-main/vendor/laravel/framework/src/Illuminate/Session/Middleware/AuthenticateSession.php(70): Illuminate\\Pipeline\\Pipeline->Illuminate\\Pipeline\\{closure}()
#52 /home/skytech/ISP-BILLING-main/vendor/laravel/framework/src/Illuminate/Pipeline/Pipeline.php(219): Illuminate\\Session\\Middleware\\AuthenticateSession->handle()
#53 /home/skytech/ISP-BILLING-main/vendor/laravel/framework/src/Illuminate/Auth/Middleware/Authenticate.php(63): Illuminate\\Pipeline\\Pipeline->Illuminate\\Pipeline\\{closure}()
#54 /home/skytech/ISP-BILLING-main/vendor/laravel/framework/src/Illuminate/Pipeline/Pipeline.php(219): Illuminate\\Auth\\Middleware\\Authenticate->handle()
#55 /home/skytech/ISP-BILLING-main/vendor/laravel/framework/src/Illuminate/Foundation/Http/Middleware/VerifyCsrfToken.php(87): Illuminate\\Pipeline\\Pipeline->Illuminate\\Pipeline\\{closure}()
#56 /home/skytech/ISP-BILLING-main/vendor/laravel/framework/src/Illuminate/Pipeline/Pipeline.php(219): Illuminate\\Foundation\\Http\\Middleware\\VerifyCsrfToken->handle()
#57 /home/skytech/ISP-BILLING-main/vendor/laravel/framework/src/Illuminate/View/Middleware/ShareErrorsFromSession.php(48): Illuminate\\Pipeline\\Pipeline->Illuminate\\Pipeline\\{closure}()
#58 /home/skytech/ISP-BILLING-main/vendor/laravel/framework/src/Illuminate/Pipeline/Pipeline.php(219): Illuminate\\View\\Middleware\\ShareErrorsFromSession->handle()
#59 /home/skytech/ISP-BILLING-main/vendor/laravel/framework/src/Illuminate/Session/Middleware/StartSession.php(120): Illuminate\\Pipeline\\Pipeline->Illuminate\\Pipeline\\{closure}()
#60 /home/skytech/ISP-BILLING-main/vendor/laravel/framework/src/Illuminate/Session/Middleware/StartSession.php(63): Illuminate\\Session\\Middleware\\StartSession->handleStatefulRequest()
#61 /home/skytech/ISP-BILLING-main/vendor/laravel/framework/src/Illuminate/Pipeline/Pipeline.php(219): Illuminate\\Session\\Middleware\\StartSession->handle()
#62 /home/skytech/ISP-BILLING-main/vendor/laravel/framework/src/Illuminate/Cookie/Middleware/AddQueuedCookiesToResponse.php(36): Illuminate\\Pipeline\\Pipeline->Illuminate\\Pipeline\\{closure}()
#63 /home/skytech/ISP-BILLING-main/vendor/laravel/framework/src/Illuminate/Pipeline/Pipeline.php(219): Illuminate\\Cookie\\Middleware\\AddQueuedCookiesToResponse->handle()
#64 /home/skytech/ISP-BILLING-main/vendor/laravel/framework/src/Illuminate/Cookie/Middleware/EncryptCookies.php(74): Illuminate\\Pipeline\\Pipeline->Illuminate\\Pipeline\\{closure}()
#65 /home/skytech/ISP-BILLING-main/vendor/laravel/framework/src/Illuminate/Pipeline/Pipeline.php(219): Illuminate\\Cookie\\Middleware\\EncryptCookies->handle()
#66 /home/skytech/ISP-BILLING-main/vendor/laravel/framework/src/Illuminate/Pipeline/Pipeline.php(137): Illuminate\\Pipeline\\Pipeline->Illuminate\\Pipeline\\{closure}()
#67 /home/skytech/ISP-BILLING-main/vendor/laravel/framework/src/Illuminate/Routing/Router.php(821): Illuminate\\Pipeline\\Pipeline->then()
#68 /home/skytech/ISP-BILLING-main/vendor/laravel/framework/src/Illuminate/Routing/Router.php(800): Illuminate\\Routing\\Router->runRouteWithinStack()
#69 /home/skytech/ISP-BILLING-main/vendor/laravel/framework/src/Illuminate/Routing/Router.php(764): Illuminate\\Routing\\Router->runRoute()
#70 /home/skytech/ISP-BILLING-main/vendor/laravel/framework/src/Illuminate/Routing/Router.php(753): Illuminate\\Routing\\Router->dispatchToRoute()
#71 /home/skytech/ISP-BILLING-main/vendor/laravel/framework/src/Illuminate/Foundation/Http/Kernel.php(200): Illuminate\\Routing\\Router->dispatch()
#72 /home/skytech/ISP-BILLING-main/vendor/laravel/framework/src/Illuminate/Pipeline/Pipeline.php(180): Illuminate\\Foundation\\Http\\Kernel->Illuminate\\Foundation\\Http\\{closure}()
#73 /home/skytech/ISP-BILLING-main/vendor/livewire/livewire/src/Features/SupportDisablingBackButtonCache/DisableBackButtonCacheMiddleware.php(19): Illuminate\\Pipeline\\Pipeline->Illuminate\\Pipeline\\{closure}()
#74 /home/skytech/ISP-BILLING-main/vendor/laravel/framework/src/Illuminate/Pipeline/Pipeline.php(219): Livewire\\Features\\SupportDisablingBackButtonCache\\DisableBackButtonCacheMiddleware->handle()
#75 /home/skytech/ISP-BILLING-main/app/Http/Middleware/CheckSiteStatus.php(55): Illuminate\\Pipeline\\Pipeline->Illuminate\\Pipeline\\{closure}()
#76 /home/skytech/ISP-BILLING-main/vendor/laravel/framework/src/Illuminate/Pipeline/Pipeline.php(219): App\\Http\\Middleware\\CheckSiteStatus->handle()
#77 /home/skytech/ISP-BILLING-main/vendor/laravel/framework/src/Illuminate/Foundation/Http/Middleware/TransformsRequest.php(21): Illuminate\\Pipeline\\Pipeline->Illuminate\\Pipeline\\{closure}()
#78 /home/skytech/ISP-BILLING-main/vendor/laravel/framework/src/Illuminate/Foundation/Http/Middleware/ConvertEmptyStringsToNull.php(31): Illuminate\\Foundation\\Http\\Middleware\\TransformsRequest->handle()
#79 /home/skytech/ISP-BILLING-main/vendor/laravel/framework/src/Illuminate/Pipeline/Pipeline.php(219): Illuminate\\Foundation\\Http\\Middleware\\ConvertEmptyStringsToNull->handle()
#80 /home/skytech/ISP-BILLING-main/vendor/laravel/framework/src/Illuminate/Foundation/Http/Middleware/TransformsRequest.php(21): Illuminate\\Pipeline\\Pipeline->Illuminate\\Pipeline\\{closure}()
#81 /home/skytech/ISP-BILLING-main/vendor/laravel/framework/src/Illuminate/Foundation/Http/Middleware/TrimStrings.php(51): Illuminate\\Foundation\\Http\\Middleware\\TransformsRequest->handle()
#82 /home/skytech/ISP-BILLING-main/vendor/laravel/framework/src/Illuminate/Pipeline/Pipeline.php(219): Illuminate\\Foundation\\Http\\Middleware\\TrimStrings->handle()
#83 /home/skytech/ISP-BILLING-main/vendor/laravel/framework/src/Illuminate/Http/Middleware/ValidatePostSize.php(27): Illuminate\\Pipeline\\Pipeline->Illuminate\\Pipeline\\{closure}()
#84 /home/skytech/ISP-BILLING-main/vendor/laravel/framework/src/Illuminate/Pipeline/Pipeline.php(219): Illuminate\\Http\\Middleware\\ValidatePostSize->handle()
#85 /home/skytech/ISP-BILLING-main/vendor/laravel/framework/src/Illuminate/Foundation/Http/Middleware/PreventRequestsDuringMaintenance.php(109): Illuminate\\Pipeline\\Pipeline->Illuminate\\Pipeline\\{closure}()
#86 /home/skytech/ISP-BILLING-main/vendor/laravel/framework/src/Illuminate/Pipeline/Pipeline.php(219): Illuminate\\Foundation\\Http\\Middleware\\PreventRequestsDuringMaintenance->handle()
#87 /home/skytech/ISP-BILLING-main/vendor/laravel/framework/src/Illuminate/Http/Middleware/HandleCors.php(61): Illuminate\\Pipeline\\Pipeline->Illuminate\\Pipeline\\{closure}()
#88 /home/skytech/ISP-BILLING-main/vendor/laravel/framework/src/Illuminate/Pipeline/Pipeline.php(219): Illuminate\\Http\\Middleware\\HandleCors->handle()
#89 /home/skytech/ISP-BILLING-main/vendor/laravel/framework/src/Illuminate/Http/Middleware/TrustProxies.php(58): Illuminate\\Pipeline\\Pipeline->Illuminate\\Pipeline\\{closure}()
#90 /home/skytech/ISP-BILLING-main/vendor/laravel/framework/src/Illuminate/Pipeline/Pipeline.php(219): Illuminate\\Http\\Middleware\\TrustProxies->handle()
#91 /home/skytech/ISP-BILLING-main/vendor/laravel/framework/src/Illuminate/Foundation/Http/Middleware/InvokeDeferredCallbacks.php(22): Illuminate\\Pipeline\\Pipeline->Illuminate\\Pipeline\\{closure}()
#92 /home/skytech/ISP-BILLING-main/vendor/laravel/framework/src/Illuminate/Pipeline/Pipeline.php(219): Illuminate\\Foundation\\Http\\Middleware\\InvokeDeferredCallbacks->handle()
#93 /home/skytech/ISP-BILLING-main/vendor/laravel/framework/src/Illuminate/Http/Middleware/ValidatePathEncoding.php(26): Illuminate\\Pipeline\\Pipeline->Illuminate\\Pipeline\\{closure}()
#94 /home/skytech/ISP-BILLING-main/vendor/laravel/framework/src/Illuminate/Pipeline/Pipeline.php(219): Illuminate\\Http\\Middleware\\ValidatePathEncoding->handle()
#95 /home/skytech/ISP-BILLING-main/vendor/laravel/framework/src/Illuminate/Pipeline/Pipeline.php(137): Illuminate\\Pipeline\\Pipeline->Illuminate\\Pipeline\\{closure}()
#96 /home/skytech/ISP-BILLING-main/vendor/laravel/framework/src/Illuminate/Foundation/Http/Kernel.php(175): Illuminate\\Pipeline\\Pipeline->then()
#97 /home/skytech/ISP-BILLING-main/vendor/laravel/framework/src/Illuminate/Foundation/Http/Kernel.php(144): Illuminate\\Foundation\\Http\\Kernel->sendRequestThroughRouter()
#98 /home/skytech/ISP-BILLING-main/vendor/laravel/framework/src/Illuminate/Foundation/Application.php(1220): Illuminate\\Foundation\\Http\\Kernel->handle()
#99 /home/skytech/ISP-BILLING-main/public/index.php(20): Illuminate\\Foundation\\Application->handleRequest()
#100 {main}

[previous exception] [object] (Symfony\\Component\\Routing\\Exception\\RouteNotFoundException(code: 0): Route [filament.portal.pages.dashboard] not defined. at /home/skytech/ISP-BILLING-main/vendor/laravel/framework/src/Illuminate/Routing/UrlGenerator.php:534)
[stacktrace]
#0 /home/skytech/ISP-BILLING-main/vendor/laravel/framework/src/Illuminate/Foundation/helpers.php(870): Illuminate\\Routing\\UrlGenerator->route()
#1 /home/skytech/ISP-BILLING-main/storage/framework/views/df9aaeeb582fe684a44e7d220c197c99.php(59): route()
#2 /home/skytech/ISP-BILLING-main/vendor/laravel/framework/src/Illuminate/Filesystem/Filesystem.php(123): require('...')
#3 /home/skytech/ISP-BILLING-main/vendor/laravel/framework/src/Illuminate/Filesystem/Filesystem.php(124): Illuminate\\Filesystem\\Filesystem::Illuminate\\Filesystem\\{closure}()
#4 /home/skytech/ISP-BILLING-main/vendor/laravel/framework/src/Illuminate/View/Engines/PhpEngine.php(57): Illuminate\\Filesystem\\Filesystem->getRequire()
#5 /home/skytech/ISP-BILLING-main/vendor/livewire/livewire/src/Mechanisms/ExtendBlade/ExtendedCompilerEngine.php(22): Illuminate\\View\\Engines\\PhpEngine->evaluatePath()
#6 /home/skytech/ISP-BILLING-main/vendor/laravel/framework/src/Illuminate/View/Engines/CompilerEngine.php(76): Livewire\\Mechanisms\\ExtendBlade\\ExtendedCompilerEngine->evaluatePath()
#7 /home/skytech/ISP-BILLING-main/vendor/livewire/livewire/src/Mechanisms/ExtendBlade/ExtendedCompilerEngine.php(10): Illuminate\\View\\Engines\\CompilerEngine->get()
#8 /home/skytech/ISP-BILLING-main/vendor/laravel/framework/src/Illuminate/View/View.php(208): Livewire\\Mechanisms\\ExtendBlade\\ExtendedCompilerEngine->get()
#9 /home/skytech/ISP-BILLING-main/vendor/laravel/framework/src/Illuminate/View/View.php(191): Illuminate\\View\\View->getContents()
#10 /home/skytech/ISP-BILLING-main/vendor/laravel/framework/src/Illuminate/View/View.php(160): Illuminate\\View\\View->renderContents()
#11 /home/skytech/ISP-BILLING-main/storage/framework/views/877e6d9b65383f10cb6c614669e51c1a.php(93): Illuminate\\View\\View->render()
#12 /home/skytech/ISP-BILLING-main/vendor/laravel/framework/src/Illuminate/Filesystem/Filesystem.php(123): require('...')
#13 /home/skytech/ISP-BILLING-main/vendor/laravel/framework/src/Illuminate/Filesystem/Filesystem.php(124): Illuminate\\Filesystem\\Filesystem::Illuminate\\Filesystem\\{closure}()
#14 /home/skytech/ISP-BILLING-main/vendor/laravel/framework/src/Illuminate/View/Engines/PhpEngine.php(57): Illuminate\\Filesystem\\Filesystem->getRequire()
#15 /home/skytech/ISP-BILLING-main/vendor/livewire/livewire/src/Mechanisms/ExtendBlade/ExtendedCompilerEngine.php(22): Illuminate\\View\\Engines\\PhpEngine->evaluatePath()
#16 /home/skytech/ISP-BILLING-main/vendor/laravel/framework/src/Illuminate/View/Engines/CompilerEngine.php(76): Livewire\\Mechanisms\\ExtendBlade\\ExtendedCompilerEngine->evaluatePath()
#17 /home/skytech/ISP-BILLING-main/vendor/livewire/livewire/src/Mechanisms/ExtendBlade/ExtendedCompilerEngine.php(10): Illuminate\\View\\Engines\\CompilerEngine->get()
#18 /home/skytech/ISP-BILLING-main/vendor/laravel/framework/src/Illuminate/View/View.php(208): Livewire\\Mechanisms\\ExtendBlade\\ExtendedCompilerEngine->get()
#19 /home/skytech/ISP-BILLING-main/vendor/laravel/framework/src/Illuminate/View/View.php(191): Illuminate\\View\\View->getContents()
#20 /home/skytech/ISP-BILLING-main/vendor/laravel/framework/src/Illuminate/View/View.php(160): Illuminate\\View\\View->renderContents()
#21 /home/skytech/ISP-BILLING-main/vendor/laravel/framework/src/Illuminate/View/Concerns/ManagesComponents.php(99): Illuminate\\View\\View->render()
#22 /home/skytech/ISP-BILLING-main/storage/framework/views/bdf24164d98e5983ac95be5c84ef9cb3.php(894): Illuminate\\View\\Factory->renderComponent()
#23 /home/skytech/ISP-BILLING-main/vendor/laravel/framework/src/Illuminate/Filesystem/Filesystem.php(123): require('...')
#24 /home/skytech/ISP-BILLING-main/vendor/laravel/framework/src/Illuminate/Filesystem/Filesystem.php(124): Illuminate\\Filesystem\\Filesystem::Illuminate\\Filesystem\\{closure}()
#25 /home/skytech/ISP-BILLING-main/vendor/laravel/framework/src/Illuminate/View/Engines/PhpEngine.php(57): Illuminate\\Filesystem\\Filesystem->getRequire()
#26 /home/skytech/ISP-BILLING-main/vendor/livewire/livewire/src/Mechanisms/ExtendBlade/ExtendedCompilerEngine.php(22): Illuminate\\View\\Engines\\PhpEngine->evaluatePath()
#27 /home/skytech/ISP-BILLING-main/vendor/laravel/framework/src/Illuminate/View/Engines/CompilerEngine.php(76): Livewire\\Mechanisms\\ExtendBlade\\ExtendedCompilerEngine->evaluatePath()
#28 /home/skytech/ISP-BILLING-main/vendor/livewire/livewire/src/Mechanisms/ExtendBlade/ExtendedCompilerEngine.php(10): Illuminate\\View\\Engines\\CompilerEngine->get()
#29 /home/skytech/ISP-BILLING-main/vendor/laravel/framework/src/Illuminate/View/View.php(208): Livewire\\Mechanisms\\ExtendBlade\\ExtendedCompilerEngine->get()
#30 /home/skytech/ISP-BILLING-main/vendor/laravel/framework/src/Illuminate/View/View.php(191): Illuminate\\View\\View->getContents()
#31 /home/skytech/ISP-BILLING-main/vendor/laravel/framework/src/Illuminate/View/View.php(160): Illuminate\\View\\View->renderContents()
#32 /home/skytech/ISP-BILLING-main/vendor/laravel/framework/src/Illuminate/Http/Response.php(78): Illuminate\\View\\View->render()
#33 /home/skytech/ISP-BILLING-main/vendor/laravel/framework/src/Illuminate/Http/Response.php(34): Illuminate\\Http\\Response->setContent()
#34 /home/skytech/ISP-BILLING-main/vendor/laravel/framework/src/Illuminate/Routing/Router.php(939): Illuminate\\Http\\Response->__construct()
#35 /home/skytech/ISP-BILLING-main/vendor/laravel/framework/src/Illuminate/Routing/Router.php(906): Illuminate\\Routing\\Router::toResponse()
#36 /home/skytech/ISP-BILLING-main/vendor/laravel/framework/src/Illuminate/Routing/Router.php(821): Illuminate\\Routing\\Router->prepareResponse()
#37 /home/skytech/ISP-BILLING-main/vendor/laravel/framework/src/Illuminate/Pipeline/Pipeline.php(180): Illuminate\\Routing\\Router->Illuminate\\Routing\\{closure}()
#38 /home/skytech/ISP-BILLING-main/app/Http/Middleware/RestrictHotelUserPortal.php(45): Illuminate\\Pipeline\\Pipeline->Illuminate\\Pipeline\\{closure}()
#39 /home/skytech/ISP-BILLING-main/vendor/laravel/framework/src/Illuminate/Pipeline/Pipeline.php(219): App\\Http\\Middleware\\RestrictHotelUserPortal->handle()
#40 /home/skytech/ISP-BILLING-main/app/Http/Middleware/ForcePortalPasswordChange.php(29): Illuminate\\Pipeline\\Pipeline->Illuminate\\Pipeline\\{closure}()
#41 /home/skytech/ISP-BILLING-main/vendor/laravel/framework/src/Illuminate/Pipeline/Pipeline.php(219): App\\Http\\Middleware\\ForcePortalPasswordChange->handle()
#42 /home/skytech/ISP-BILLING-main/app/Http/Middleware/RestrictToProfileIfNoPermissions.php(61): Illuminate\\Pipeline\\Pipeline->Illuminate\\Pipeline\\{closure}()
#43 /home/skytech/ISP-BILLING-main/vendor/laravel/framework/src/Illuminate/Pipeline/Pipeline.php(219): App\\Http\\Middleware\\RestrictToProfileIfNoPermissions->handle()
#44 /home/skytech/ISP-BILLING-main/vendor/laravel/framework/src/Illuminate/Auth/Middleware/EnsureEmailIsVerified.php(41): Illuminate\\Pipeline\\Pipeline->Illuminate\\Pipeline\\{closure}()
#45 /home/skytech/ISP-BILLING-main/vendor/laravel/framework/src/Illuminate/Pipeline/Pipeline.php(219): Illuminate\\Auth\\Middleware\\EnsureEmailIsVerified->handle()
#46 /home/skytech/ISP-BILLING-main/vendor/php-flasher/flasher-laravel/Middleware/FlasherMiddleware.php(21): Illuminate\\Pipeline\\Pipeline->Illuminate\\Pipeline\\{closure}()
#47 /home/skytech/ISP-BILLING-main/vendor/laravel/framework/src/Illuminate/Pipeline/Pipeline.php(219): Flasher\\Laravel\\Middleware\\FlasherMiddleware->handle()
#48 /home/skytech/ISP-BILLING-main/vendor/php-flasher/flasher-laravel/Middleware/SessionMiddleware.php(21): Illuminate\\Pipeline\\Pipeline->Illuminate\\Pipeline\\{closure}()
#49 /home/skytech/ISP-BILLING-main/vendor/laravel/framework/src/Illuminate/Pipeline/Pipeline.php(219): Flasher\\Laravel\\Middleware\\SessionMiddleware->handle()
#50 /home/skytech/ISP-BILLING-main/app/Http/Middleware/SetLocaleFromSession.php(42): Illuminate\\Pipeline\\Pipeline->Illuminate\\Pipeline\\{closure}()
#51 /home/skytech/ISP-BILLING-main/vendor/laravel/framework/src/Illuminate/Pipeline/Pipeline.php(219): App\\Http\\Middleware\\SetLocaleFromSession->handle()
#52 /home/skytech/ISP-BILLING-main/vendor/laravel/framework/src/Illuminate/Routing/Middleware/SubstituteBindings.php(50): Illuminate\\Pipeline\\Pipeline->Illuminate\\Pipeline\\{closure}()
#53 /home/skytech/ISP-BILLING-main/vendor/laravel/framework/src/Illuminate/Pipeline/Pipeline.php(219): Illuminate\\Routing\\Middleware\\SubstituteBindings->handle()
#54 /home/skytech/ISP-BILLING-main/vendor/laravel/framework/src/Illuminate/Session/Middleware/AuthenticateSession.php(70): Illuminate\\Pipeline\\Pipeline->Illuminate\\Pipeline\\{closure}()
#55 /home/skytech/ISP-BILLING-main/vendor/laravel/framework/src/Illuminate/Pipeline/Pipeline.php(219): Illuminate\\Session\\Middleware\\AuthenticateSession->handle()
#56 /home/skytech/ISP-BILLING-main/vendor/laravel/framework/src/Illuminate/Auth/Middleware/Authenticate.php(63): Illuminate\\Pipeline\\Pipeline->Illuminate\\Pipeline\\{closure}()
#57 /home/skytech/ISP-BILLING-main/vendor/laravel/framework/src/Illuminate/Pipeline/Pipeline.php(219): Illuminate\\Auth\\Middleware\\Authenticate->handle()
#58 /home/skytech/ISP-BILLING-main/vendor/laravel/framework/src/Illuminate/Foundation/Http/Middleware/VerifyCsrfToken.php(87): Illuminate\\Pipeline\\Pipeline->Illuminate\\Pipeline\\{closure}()
#59 /home/skytech/ISP-BILLING-main/vendor/laravel/framework/src/Illuminate/Pipeline/Pipeline.php(219): Illuminate\\Foundation\\Http\\Middleware\\VerifyCsrfToken->handle()
#60 /home/skytech/ISP-BILLING-main/vendor/laravel/framework/src/Illuminate/View/Middleware/ShareErrorsFromSession.php(48): Illuminate\\Pipeline\\Pipeline->Illuminate\\Pipeline\\{closure}()
#61 /home/skytech/ISP-BILLING-main/vendor/laravel/framework/src/Illuminate/Pipeline/Pipeline.php(219): Illuminate\\View\\Middleware\\ShareErrorsFromSession->handle()
#62 /home/skytech/ISP-BILLING-main/vendor/laravel/framework/src/Illuminate/Session/Middleware/StartSession.php(120): Illuminate\\Pipeline\\Pipeline->Illuminate\\Pipeline\\{closure}()
#63 /home/skytech/ISP-BILLING-main/vendor/laravel/framework/src/Illuminate/Session/Middleware/StartSession.php(63): Illuminate\\Session\\Middleware\\StartSession->handleStatefulRequest()
#64 /home/skytech/ISP-BILLING-main/vendor/laravel/framework/src/Illuminate/Pipeline/Pipeline.php(219): Illuminate\\Session\\Middleware\\StartSession->handle()
#65 /home/skytech/ISP-BILLING-main/vendor/laravel/framework/src/Illuminate/Cookie/Middleware/AddQueuedCookiesToResponse.php(36): Illuminate\\Pipeline\\Pipeline->Illuminate\\Pipeline\\{closure}()
#66 /home/skytech/ISP-BILLING-main/vendor/laravel/framework/src/Illuminate/Pipeline/Pipeline.php(219): Illuminate\\Cookie\\Middleware\\AddQueuedCookiesToResponse->handle()
#67 /home/skytech/ISP-BILLING-main/vendor/laravel/framework/src/Illuminate/Cookie/Middleware/EncryptCookies.php(74): Illuminate\\Pipeline\\Pipeline->Illuminate\\Pipeline\\{closure}()
#68 /home/skytech/ISP-BILLING-main/vendor/laravel/framework/src/Illuminate/Pipeline/Pipeline.php(219): Illuminate\\Cookie\\Middleware\\EncryptCookies->handle()
#69 /home/skytech/ISP-BILLING-main/vendor/laravel/framework/src/Illuminate/Pipeline/Pipeline.php(137): Illuminate\\Pipeline\\Pipeline->Illuminate\\Pipeline\\{closure}()
#70 /home/skytech/ISP-BILLING-main/vendor/laravel/framework/src/Illuminate/Routing/Router.php(821): Illuminate\\Pipeline\\Pipeline->then()
#71 /home/skytech/ISP-BILLING-main/vendor/laravel/framework/src/Illuminate/Routing/Router.php(800): Illuminate\\Routing\\Router->runRouteWithinStack()
#72 /home/skytech/ISP-BILLING-main/vendor/laravel/framework/src/Illuminate/Routing/Router.php(764): Illuminate\\Routing\\Router->runRoute()
#73 /home/skytech/ISP-BILLING-main/vendor/laravel/framework/src/Illuminate/Routing/Router.php(753): Illuminate\\Routing\\Router->dispatchToRoute()
#74 /home/skytech/ISP-BILLING-main/vendor/laravel/framework/src/Illuminate/Foundation/Http/Kernel.php(200): Illuminate\\Routing\\Router->dispatch()
#75 /home/skytech/ISP-BILLING-main/vendor/laravel/framework/src/Illuminate/Pipeline/Pipeline.php(180): Illuminate\\Foundation\\Http\\Kernel->Illuminate\\Foundation\\Http\\{closure}()
#76 /home/skytech/ISP-BILLING-main/vendor/livewire/livewire/src/Features/SupportDisablingBackButtonCache/DisableBackButtonCacheMiddleware.php(19): Illuminate\\Pipeline\\Pipeline->Illuminate\\Pipeline\\{closure}()
#77 /home/skytech/ISP-BILLING-main/vendor/laravel/framework/src/Illuminate/Pipeline/Pipeline.php(219): Livewire\\Features\\SupportDisablingBackButtonCache\\DisableBackButtonCacheMiddleware->handle()
#78 /home/skytech/ISP-BILLING-main/app/Http/Middleware/CheckSiteStatus.php(55): Illuminate\\Pipeline\\Pipeline->Illuminate\\Pipeline\\{closure}()
#79 /home/skytech/ISP-BILLING-main/vendor/laravel/framework/src/Illuminate/Pipeline/Pipeline.php(219): App\\Http\\Middleware\\CheckSiteStatus->handle()
#80 /home/skytech/ISP-BILLING-main/vendor/laravel/framework/src/Illuminate/Foundation/Http/Middleware/TransformsRequest.php(21): Illuminate\\Pipeline\\Pipeline->Illuminate\\Pipeline\\{closure}()
#81 /home/skytech/ISP-BILLING-main/vendor/laravel/framework/src/Illuminate/Foundation/Http/Middleware/ConvertEmptyStringsToNull.php(31): Illuminate\\Foundation\\Http\\Middleware\\TransformsRequest->handle()
#82 /home/skytech/ISP-BILLING-main/vendor/laravel/framework/src/Illuminate/Pipeline/Pipeline.php(219): Illuminate\\Foundation\\Http\\Middleware\\ConvertEmptyStringsToNull->handle()
#83 /home/skytech/ISP-BILLING-main/vendor/laravel/framework/src/Illuminate/Foundation/Http/Middleware/TransformsRequest.php(21): Illuminate\\Pipeline\\Pipeline->Illuminate\\Pipeline\\{closure}()
#84 /home/skytech/ISP-BILLING-main/vendor/laravel/framework/src/Illuminate/Foundation/Http/Middleware/TrimStrings.php(51): Illuminate\\Foundation\\Http\\Middleware\\TransformsRequest->handle()
#85 /home/skytech/ISP-BILLING-main/vendor/laravel/framework/src/Illuminate/Pipeline/Pipeline.php(219): Illuminate\\Foundation\\Http\\Middleware\\TrimStrings->handle()
#86 /home/skytech/ISP-BILLING-main/vendor/laravel/framework/src/Illuminate/Http/Middleware/ValidatePostSize.php(27): Illuminate\\Pipeline\\Pipeline->Illuminate\\Pipeline\\{closure}()
#87 /home/skytech/ISP-BILLING-main/vendor/laravel/framework/src/Illuminate/Pipeline/Pipeline.php(219): Illuminate\\Http\\Middleware\\ValidatePostSize->handle()
#88 /home/skytech/ISP-BILLING-main/vendor/laravel/framework/src/Illuminate/Foundation/Http/Middleware/PreventRequestsDuringMaintenance.php(109): Illuminate\\Pipeline\\Pipeline->Illuminate\\Pipeline\\{closure}()
#89 /home/skytech/ISP-BILLING-main/vendor/laravel/framework/src/Illuminate/Pipeline/Pipeline.php(219): Illuminate\\Foundation\\Http\\Middleware\\PreventRequestsDuringMaintenance->handle()
#90 /home/skytech/ISP-BILLING-main/vendor/laravel/framework/src/Illuminate/Http/Middleware/HandleCors.php(61): Illuminate\\Pipeline\\Pipeline->Illuminate\\Pipeline\\{closure}()
#91 /home/skytech/ISP-BILLING-main/vendor/laravel/framework/src/Illuminate/Pipeline/Pipeline.php(219): Illuminate\\Http\\Middleware\\HandleCors->handle()
#92 /home/skytech/ISP-BILLING-main/vendor/laravel/framework/src/Illuminate/Http/Middleware/TrustProxies.php(58): Illuminate\\Pipeline\\Pipeline->Illuminate\\Pipeline\\{closure}()
#93 /home/skytech/ISP-BILLING-main/vendor/laravel/framework/src/Illuminate/Pipeline/Pipeline.php(219): Illuminate\\Http\\Middleware\\TrustProxies->handle()
#94 /home/skytech/ISP-BILLING-main/vendor/laravel/framework/src/Illuminate/Foundation/Http/Middleware/InvokeDeferredCallbacks.php(22): Illuminate\\Pipeline\\Pipeline->Illuminate\\Pipeline\\{closure}()
#95 /home/skytech/ISP-BILLING-main/vendor/laravel/framework/src/Illuminate/Pipeline/Pipeline.php(219): Illuminate\\Foundation\\Http\\Middleware\\InvokeDeferredCallbacks->handle()
#96 /home/skytech/ISP-BILLING-main/vendor/laravel/framework/src/Illuminate/Http/Middleware/ValidatePathEncoding.php(26): Illuminate\\Pipeline\\Pipeline->Illuminate\\Pipeline\\{closure}()
#97 /home/skytech/ISP-BILLING-main/vendor/laravel/framework/src/Illuminate/Pipeline/Pipeline.php(219): Illuminate\\Http\\Middleware\\ValidatePathEncoding->handle()
#98 /home/skytech/ISP-BILLING-main/vendor/laravel/framework/src/Illuminate/Pipeline/Pipeline.php(137): Illuminate\\Pipeline\\Pipeline->Illuminate\\Pipeline\\{closure}()
#99 /home/skytech/ISP-BILLING-main/vendor/laravel/framework/src/Illuminate/Foundation/Http/Kernel.php(175): Illuminate\\Pipeline\\Pipeline->then()
#100 /home/skytech/ISP-BILLING-main/vendor/laravel/framework/src/Illuminate/Foundation/Http/Kernel.php(144): Illuminate\\Foundation\\Http\\Kernel->sendRequestThroughRouter()
#101 /home/skytech/ISP-BILLING-main/vendor/laravel/framework/src/Illuminate/Foundation/Application.php(1220): Illuminate\\Foundation\\Http\\Kernel->handle()
#102 /home/skytech/ISP-BILLING-main/public/index.php(20): Illuminate\\Foundation\\Application->handleRequest()
#103 {main}
"} 
[2026-09-25 08:34:52] production.DEBUG: Mikrotik [UVINZA] read cache invalidated.  
[2026-09-25 08:34:52] production.DEBUG: Mikrotik [HOPE] read cache invalidated.  
[2026-09-25 08:35:06] production.ERROR: Cannot access offset of type string on string (View: /home/skytech/ISP-BILLING-main/resources/views/livewire/mikrotik/hotspot-manager.blade.php) {"userId":1,"exception":"[object] (Illuminate\\View\\ViewException(code: 0): Cannot access offset of type string on string (View: /home/skytech/ISP-BILLING-main/resources/views/livewire/mikrotik/hotspot-manager.blade.php) at /home/skytech/ISP-BILLING-main/storage/framework/views/be563ec1c768dc432e44bf9d4c2c07f8.php:1417)
[stacktrace]
#0 /home/skytech/ISP-BILLING-main/vendor/livewire/livewire/src/Mechanisms/ExtendBlade/ExtendedCompilerEngine.php(58): Illuminate\\View\\Engines\\CompilerEngine->handleViewException()
#1 /home/skytech/ISP-BILLING-main/vendor/livewire/livewire/src/Mechanisms/ExtendBlade/ExtendedCompilerEngine.php(40): Livewire\\Mechanisms\\ExtendBlade\\ExtendedCompilerEngine->handleViewException()
#2 /home/skytech/ISP-BILLING-main/vendor/laravel/framework/src/Illuminate/View/Engines/CompilerEngine.php(76): Livewire\\Mechanisms\\ExtendBlade\\ExtendedCompilerEngine->evaluatePath()
#3 /home/skytech/ISP-BILLING-main/vendor/livewire/livewire/src/Mechanisms/ExtendBlade/ExtendedCompilerEngine.php(16): Illuminate\\View\\Engines\\CompilerEngine->get()
#4 /home/skytech/ISP-BILLING-main/vendor/laravel/framework/src/Illuminate/View/View.php(208): Livewire\\Mechanisms\\ExtendBlade\\ExtendedCompilerEngine->get()
#5 /home/skytech/ISP-BILLING-main/vendor/laravel/framework/src/Illuminate/View/View.php(191): Illuminate\\View\\View->getContents()
#6 /home/skytech/ISP-BILLING-main/vendor/laravel/framework/src/Illuminate/View/View.php(160): Illuminate\\View\\View->renderContents()
#7 /home/skytech/ISP-BILLING-main/vendor/livewire/livewire/src/Mechanisms/HandleComponents/HandleComponents.php(331): Illuminate\\View\\View->render()
#8 /home/skytech/ISP-BILLING-main/vendor/livewire/livewire/src/Mechanisms/HandleComponents/HandleComponents.php(382): Livewire\\Mechanisms\\HandleComponents\\HandleComponents->Livewire\\Mechanisms\\HandleComponents\\{closure}()
#9 /home/skytech/ISP-BILLING-main/vendor/livewire/livewire/src/Mechanisms/HandleComponents/HandleComponents.php(323): Livewire\\Mechanisms\\HandleComponents\\HandleComponents->trackInRenderStack()
#10 /home/skytech/ISP-BILLING-main/vendor/livewire/livewire/src/Mechanisms/HandleComponents/HandleComponents.php(63): Livewire\\Mechanisms\\HandleComponents\\HandleComponents->render()
#11 /home/skytech/ISP-BILLING-main/vendor/livewire/livewire/src/LivewireManager.php(103): Livewire\\Mechanisms\\HandleComponents\\HandleComponents->mount()
#12 /home/skytech/ISP-BILLING-main/vendor/livewire/livewire/src/Features/SupportPageComponents/HandlesPageComponents.php(19): Livewire\\LivewireManager->mount()
#13 /home/skytech/ISP-BILLING-main/vendor/livewire/livewire/src/Features/SupportPageComponents/SupportPageComponents.php(118): Livewire\\Component->Livewire\\Features\\SupportPageComponents\\{closure}()
#14 /home/skytech/ISP-BILLING-main/vendor/livewire/livewire/src/Features/SupportPageComponents/HandlesPageComponents.php(14): Livewire\\Features\\SupportPageComponents\\SupportPageComponents::interceptTheRenderOfTheComponentAndRetreiveTheLayoutConfiguration()
#15 /home/skytech/ISP-BILLING-main/vendor/laravel/framework/src/Illuminate/Routing/ControllerDispatcher.php(46): Livewire\\Component->__invoke()
#16 /home/skytech/ISP-BILLING-main/vendor/laravel/framework/src/Illuminate/Routing/Route.php(265): Illuminate\\Routing\\ControllerDispatcher->dispatch()
#17 /home/skytech/ISP-BILLING-main/vendor/laravel/framework/src/Illuminate/Routing/Route.php(211): Illuminate\\Routing\\Route->runController()
#18 /home/skytech/ISP-BILLING-main/vendor/laravel/framework/src/Illuminate/Routing/Router.php(822): Illuminate\\Routing\\Route->run()
#19 /home/skytech/ISP-BILLING-main/vendor/laravel/framework/src/Illuminate/Pipeline/Pipeline.php(180): Illuminate\\Routing\\Router->Illuminate\\Routing\\{closure}()
#20 /home/skytech/ISP-BILLING-main/app/Http/Middleware/RestrictHotelUserPortal.php(45): Illuminate\\Pipeline\\Pipeline->Illuminate\\Pipeline\\{closure}()
#21 /home/skytech/ISP-BILLING-main/vendor/laravel/framework/src/Illuminate/Pipeline/Pipeline.php(219): App\\Http\\Middleware\\RestrictHotelUserPortal->handle()
#22 /home/skytech/ISP-BILLING-main/app/Http/Middleware/ForcePortalPasswordChange.php(29): Illuminate\\Pipeline\\Pipeline->Illuminate\\Pipeline\\{closure}()
#23 /home/skytech/ISP-BILLING-main/vendor/laravel/framework/src/Illuminate/Pipeline/Pipeline.php(219): App\\Http\\Middleware\\ForcePortalPasswordChange->handle()
#24 /home/skytech/ISP-BILLING-main/app/Http/Middleware/RestrictToProfileIfNoPermissions.php(61): Illuminate\\Pipeline\\Pipeline->Illuminate\\Pipeline\\{closure}()
#25 /home/skytech/ISP-BILLING-main/vendor/laravel/framework/src/Illuminate/Pipeline/Pipeline.php(219): App\\Http\\Middleware\\RestrictToProfileIfNoPermissions->handle()
#26 /home/skytech/ISP-BILLING-main/vendor/laravel/framework/src/Illuminate/Auth/Middleware/EnsureEmailIsVerified.php(41): Illuminate\\Pipeline\\Pipeline->Illuminate\\Pipeline\\{closure}()
#27 /home/skytech/ISP-BILLING-main/vendor/laravel/framework/src/Illuminate/Pipeline/Pipeline.php(219): Illuminate\\Auth\\Middleware\\EnsureEmailIsVerified->handle()
#28 /home/skytech/ISP-BILLING-main/vendor/php-flasher/flasher-laravel/Middleware/FlasherMiddleware.php(21): Illuminate\\Pipeline\\Pipeline->Illuminate\\Pipeline\\{closure}()
#29 /home/skytech/ISP-BILLING-main/vendor/laravel/framework/src/Illuminate/Pipeline/Pipeline.php(219): Flasher\\Laravel\\Middleware\\FlasherMiddleware->handle()
#30 /home/skytech/ISP-BILLING-main/vendor/php-flasher/flasher-laravel/Middleware/SessionMiddleware.php(21): Illuminate\\Pipeline\\Pipeline->Illuminate\\Pipeline\\{closure}()
#31 /home/skytech/ISP-BILLING-main/vendor/laravel/framework/src/Illuminate/Pipeline/Pipeline.php(219): Flasher\\Laravel\\Middleware\\SessionMiddleware->handle()
#32 /home/skytech/ISP-BILLING-main/app/Http/Middleware/SetLocaleFromSession.php(42): Illuminate\\Pipeline\\Pipeline->Illuminate\\Pipeline\\{closure}()
#33 /home/skytech/ISP-BILLING-main/vendor/laravel/framework/src/Illuminate/Pipeline/Pipeline.php(219): App\\Http\\Middleware\\SetLocaleFromSession->handle()
#34 /home/skytech/ISP-BILLING-main/vendor/laravel/framework/src/Illuminate/Routing/Middleware/SubstituteBindings.php(50): Illuminate\\Pipeline\\Pipeline->Illuminate\\Pipeline\\{closure}()
#35 /home/skytech/ISP-BILLING-main/vendor/laravel/framework/src/Illuminate/Pipeline/Pipeline.php(219): Illuminate\\Routing\\Middleware\\SubstituteBindings->handle()
#36 /home/skytech/ISP-BILLING-main/vendor/laravel/framework/src/Illuminate/Session/Middleware/AuthenticateSession.php(70): Illuminate\\Pipeline\\Pipeline->Illuminate\\Pipeline\\{closure}()
#37 /home/skytech/ISP-BILLING-main/vendor/laravel/framework/src/Illuminate/Pipeline/Pipeline.php(219): Illuminate\\Session\\Middleware\\AuthenticateSession->handle()
#38 /home/skytech/ISP-BILLING-main/vendor/laravel/framework/src/Illuminate/Auth/Middleware/Authenticate.php(63): Illuminate\\Pipeline\\Pipeline->Illuminate\\Pipeline\\{closure}()
#39 /home/skytech/ISP-BILLING-main/vendor/laravel/framework/src/Illuminate/Pipeline/Pipeline.php(219): Illuminate\\Auth\\Middleware\\Authenticate->handle()
#40 /home/skytech/ISP-BILLING-main/vendor/laravel/framework/src/Illuminate/Foundation/Http/Middleware/VerifyCsrfToken.php(87): Illuminate\\Pipeline\\Pipeline->Illuminate\\Pipeline\\{closure}()
#41 /home/skytech/ISP-BILLING-main/vendor/laravel/framework/src/Illuminate/Pipeline/Pipeline.php(219): Illuminate\\Foundation\\Http\\Middleware\\VerifyCsrfToken->handle()
#42 /home/skytech/ISP-BILLING-main/vendor/laravel/framework/src/Illuminate/View/Middleware/ShareErrorsFromSession.php(48): Illuminate\\Pipeline\\Pipeline->Illuminate\\Pipeline\\{closure}()
#43 /home/skytech/ISP-BILLING-main/vendor/laravel/framework/src/Illuminate/Pipeline/Pipeline.php(219): Illuminate\\View\\Middleware\\ShareErrorsFromSession->handle()
#44 /home/skytech/ISP-BILLING-main/vendor/laravel/framework/src/Illuminate/Session/Middleware/StartSession.php(120): Illuminate\\Pipeline\\Pipeline->Illuminate\\Pipeline\\{closure}()
#45 /home/skytech/ISP-BILLING-main/vendor/laravel/framework/src/Illuminate/Session/Middleware/StartSession.php(63): Illuminate\\Session\\Middleware\\StartSession->handleStatefulRequest()
#46 /home/skytech/ISP-BILLING-main/vendor/laravel/framework/src/Illuminate/Pipeline/Pipeline.php(219): Illuminate\\Session\\Middleware\\StartSession->handle()
#47 /home/skytech/ISP-BILLING-main/vendor/laravel/framework/src/Illuminate/Cookie/Middleware/AddQueuedCookiesToResponse.php(36): Illuminate\\Pipeline\\Pipeline->Illuminate\\Pipeline\\{closure}()
#48 /home/skytech/ISP-BILLING-main/vendor/laravel/framework/src/Illuminate/Pipeline/Pipeline.php(219): Illuminate\\Cookie\\Middleware\\AddQueuedCookiesToResponse->handle()
#49 /home/skytech/ISP-BILLING-main/vendor/laravel/framework/src/Illuminate/Cookie/Middleware/EncryptCookies.php(74): Illuminate\\Pipeline\\Pipeline->Illuminate\\Pipeline\\{closure}()
#50 /home/skytech/ISP-BILLING-main/vendor/laravel/framework/src/Illuminate/Pipeline/Pipeline.php(219): Illuminate\\Cookie\\Middleware\\EncryptCookies->handle()
#51 /home/skytech/ISP-BILLING-main/vendor/laravel/framework/src/Illuminate/Pipeline/Pipeline.php(137): Illuminate\\Pipeline\\Pipeline->Illuminate\\Pipeline\\{closure}()
#52 /home/skytech/ISP-BILLING-main/vendor/laravel/framework/src/Illuminate/Routing/Router.php(821): Illuminate\\Pipeline\\Pipeline->then()
#53 /home/skytech/ISP-BILLING-main/vendor/laravel/framework/src/Illuminate/Routing/Router.php(800): Illuminate\\Routing\\Router->runRouteWithinStack()
#54 /home/skytech/ISP-BILLING-main/vendor/laravel/framework/src/Illuminate/Routing/Router.php(764): Illuminate\\Routing\\Router->runRoute()
#55 /home/skytech/ISP-BILLING-main/vendor/laravel/framework/src/Illuminate/Routing/Router.php(753): Illuminate\\Routing\\Router->dispatchToRoute()
#56 /home/skytech/ISP-BILLING-main/vendor/laravel/framework/src/Illuminate/Foundation/Http/Kernel.php(200): Illuminate\\Routing\\Router->dispatch()
#57 /home/skytech/ISP-BILLING-main/vendor/laravel/framework/src/Illuminate/Pipeline/Pipeline.php(180): Illuminate\\Foundation\\Http\\Kernel->Illuminate\\Foundation\\Http\\{closure}()
#58 /home/skytech/ISP-BILLING-main/vendor/livewire/livewire/src/Features/SupportDisablingBackButtonCache/DisableBackButtonCacheMiddleware.php(19): Illuminate\\Pipeline\\Pipeline->Illuminate\\Pipeline\\{closure}()
#59 /home/skytech/ISP-BILLING-main/vendor/laravel/framework/src/Illuminate/Pipeline/Pipeline.php(219): Livewire\\Features\\SupportDisablingBackButtonCache\\DisableBackButtonCacheMiddleware->handle()
#60 /home/skytech/ISP-BILLING-main/app/Http/Middleware/CheckSiteStatus.php(55): Illuminate\\Pipeline\\Pipeline->Illuminate\\Pipeline\\{closure}()
#61 /home/skytech/ISP-BILLING-main/vendor/laravel/framework/src/Illuminate/Pipeline/Pipeline.php(219): App\\Http\\Middleware\\CheckSiteStatus->handle()
#62 /home/skytech/ISP-BILLING-main/vendor/laravel/framework/src/Illuminate/Foundation/Http/Middleware/TransformsRequest.php(21): Illuminate\\Pipeline\\Pipeline->Illuminate\\Pipeline\\{closure}()
#63 /home/skytech/ISP-BILLING-main/vendor/laravel/framework/src/Illuminate/Foundation/Http/Middleware/ConvertEmptyStringsToNull.php(31): Illuminate\\Foundation\\Http\\Middleware\\TransformsRequest->handle()
#64 /home/skytech/ISP-BILLING-main/vendor/laravel/framework/src/Illuminate/Pipeline/Pipeline.php(219): Illuminate\\Foundation\\Http\\Middleware\\ConvertEmptyStringsToNull->handle()
#65 /home/skytech/ISP-BILLING-main/vendor/laravel/framework/src/Illuminate/Foundation/Http/Middleware/TransformsRequest.php(21): Illuminate\\Pipeline\\Pipeline->Illuminate\\Pipeline\\{closure}()
#66 /home/skytech/ISP-BILLING-main/vendor/laravel/framework/src/Illuminate/Foundation/Http/Middleware/TrimStrings.php(51): Illuminate\\Foundation\\Http\\Middleware\\TransformsRequest->handle()
#67 /home/skytech/ISP-BILLING-main/vendor/laravel/framework/src/Illuminate/Pipeline/Pipeline.php(219): Illuminate\\Foundation\\Http\\Middleware\\TrimStrings->handle()
#68 /home/skytech/ISP-BILLING-main/vendor/laravel/framework/src/Illuminate/Http/Middleware/ValidatePostSize.php(27): Illuminate\\Pipeline\\Pipeline->Illuminate\\Pipeline\\{closure}()
#69 /home/skytech/ISP-BILLING-main/vendor/laravel/framework/src/Illuminate/Pipeline/Pipeline.php(219): Illuminate\\Http\\Middleware\\ValidatePostSize->handle()
#70 /home/skytech/ISP-BILLING-main/vendor/laravel/framework/src/Illuminate/Foundation/Http/Middleware/PreventRequestsDuringMaintenance.php(109): Illuminate\\Pipeline\\Pipeline->Illuminate\\Pipeline\\{closure}()
#71 /home/skytech/ISP-BILLING-main/vendor/laravel/framework/src/Illuminate/Pipeline/Pipeline.php(219): Illuminate\\Foundation\\Http\\Middleware\\PreventRequestsDuringMaintenance->handle()
#72 /home/skytech/ISP-BILLING-main/vendor/laravel/framework/src/Illuminate/Http/Middleware/HandleCors.php(61): Illuminate\\Pipeline\\Pipeline->Illuminate\\Pipeline\\{closure}()
#73 /home/skytech/ISP-BILLING-main/vendor/laravel/framework/src/Illuminate/Pipeline/Pipeline.php(219): Illuminate\\Http\\Middleware\\HandleCors->handle()
#74 /home/skytech/ISP-BILLING-main/vendor/laravel/framework/src/Illuminate/Http/Middleware/TrustProxies.php(58): Illuminate\\Pipeline\\Pipeline->Illuminate\\Pipeline\\{closure}()
#75 /home/skytech/ISP-BILLING-main/vendor/laravel/framework/src/Illuminate/Pipeline/Pipeline.php(219): Illuminate\\Http\\Middleware\\TrustProxies->handle()
#76 /home/skytech/ISP-BILLING-main/vendor/laravel/framework/src/Illuminate/Foundation/Http/Middleware/InvokeDeferredCallbacks.php(22): Illuminate\\Pipeline\\Pipeline->Illuminate\\Pipeline\\{closure}()
#77 /home/skytech/ISP-BILLING-main/vendor/laravel/framework/src/Illuminate/Pipeline/Pipeline.php(219): Illuminate\\Foundation\\Http\\Middleware\\InvokeDeferredCallbacks->handle()
#78 /home/skytech/ISP-BILLING-main/vendor/laravel/framework/src/Illuminate/Http/Middleware/ValidatePathEncoding.php(26): Illuminate\\Pipeline\\Pipeline->Illuminate\\Pipeline\\{closure}()
#79 /home/skytech/ISP-BILLING-main/vendor/laravel/framework/src/Illuminate/Pipeline/Pipeline.php(219): Illuminate\\Http\\Middleware\\ValidatePathEncoding->handle()
#80 /home/skytech/ISP-BILLING-main/vendor/laravel/framework/src/Illuminate/Pipeline/Pipeline.php(137): Illuminate\\Pipeline\\Pipeline->Illuminate\\Pipeline\\{closure}()
#81 /home/skytech/ISP-BILLING-main/vendor/laravel/framework/src/Illuminate/Foundation/Http/Kernel.php(175): Illuminate\\Pipeline\\Pipeline->then()
#82 /home/skytech/ISP-BILLING-main/vendor/laravel/framework/src/Illuminate/Foundation/Http/Kernel.php(144): Illuminate\\Foundation\\Http\\Kernel->sendRequestThroughRouter()
#83 /home/skytech/ISP-BILLING-main/vendor/laravel/framework/src/Illuminate/Foundation/Application.php(1220): Illuminate\\Foundation\\Http\\Kernel->handle()
#84 /home/skytech/ISP-BILLING-main/public/index.php(20): Illuminate\\Foundation\\Application->handleRequest()
#85 {main}

[previous exception] [object] (TypeError(code: 0): Cannot access offset of type string on string at /home/skytech/ISP-BILLING-main/storage/framework/views/be563ec1c768dc432e44bf9d4c2c07f8.php:1417)
[stacktrace]
#0 /home/skytech/ISP-BILLING-main/vendor/livewire/livewire/src/Mechanisms/ExtendBlade/ExtendedCompilerEngine.php(37): include()
#1 /home/skytech/ISP-BILLING-main/vendor/livewire/livewire/src/Mechanisms/ExtendBlade/ExtendedCompilerEngine.php(38): App\\Livewire\\Mikrotik\\HotspotManager->Livewire\\Mechanisms\\ExtendBlade\\{closure}()
#2 /home/skytech/ISP-BILLING-main/vendor/laravel/framework/src/Illuminate/View/Engines/CompilerEngine.php(76): Livewire\\Mechanisms\\ExtendBlade\\ExtendedCompilerEngine->evaluatePath()
#3 /home/skytech/ISP-BILLING-main/vendor/livewire/livewire/src/Mechanisms/ExtendBlade/ExtendedCompilerEngine.php(16): Illuminate\\View\\Engines\\CompilerEngine->get()
#4 /home/skytech/ISP-BILLING-main/vendor/laravel/framework/src/Illuminate/View/View.php(208): Livewire\\Mechanisms\\ExtendBlade\\ExtendedCompilerEngine->get()
#5 /home/skytech/ISP-BILLING-main/vendor/laravel/framework/src/Illuminate/View/View.php(191): Illuminate\\View\\View->getContents()
#6 /home/skytech/ISP-BILLING-main/vendor/laravel/framework/src/Illuminate/View/View.php(160): Illuminate\\View\\View->renderContents()
#7 /home/skytech/ISP-BILLING-main/vendor/livewire/livewire/src/Mechanisms/HandleComponents/HandleComponents.php(331): Illuminate\\View\\View->render()
#8 /home/skytech/ISP-BILLING-main/vendor/livewire/livewire/src/Mechanisms/HandleComponents/HandleComponents.php(382): Livewire\\Mechanisms\\HandleComponents\\HandleComponents->Livewire\\Mechanisms\\HandleComponents\\{closure}()
#9 /home/skytech/ISP-BILLING-main/vendor/livewire/livewire/src/Mechanisms/HandleComponents/HandleComponents.php(323): Livewire\\Mechanisms\\HandleComponents\\HandleComponents->trackInRenderStack()
#10 /home/skytech/ISP-BILLING-main/vendor/livewire/livewire/src/Mechanisms/HandleComponents/HandleComponents.php(63): Livewire\\Mechanisms\\HandleComponents\\HandleComponents->render()
#11 /home/skytech/ISP-BILLING-main/vendor/livewire/livewire/src/LivewireManager.php(103): Livewire\\Mechanisms\\HandleComponents\\HandleComponents->mount()
#12 /home/skytech/ISP-BILLING-main/vendor/livewire/livewire/src/Features/SupportPageComponents/HandlesPageComponents.php(19): Livewire\\LivewireManager->mount()
#13 /home/skytech/ISP-BILLING-main/vendor/livewire/livewire/src/Features/SupportPageComponents/SupportPageComponents.php(118): Livewire\\Component->Livewire\\Features\\SupportPageComponents\\{closure}()
#14 /home/skytech/ISP-BILLING-main/vendor/livewire/livewire/src/Features/SupportPageComponents/HandlesPageComponents.php(14): Livewire\\Features\\SupportPageComponents\\SupportPageComponents::interceptTheRenderOfTheComponentAndRetreiveTheLayoutConfiguration()
#15 /home/skytech/ISP-BILLING-main/vendor/laravel/framework/src/Illuminate/Routing/ControllerDispatcher.php(46): Livewire\\Component->__invoke()
#16 /home/skytech/ISP-BILLING-main/vendor/laravel/framework/src/Illuminate/Routing/Route.php(265): Illuminate\\Routing\\ControllerDispatcher->dispatch()
#17 /home/skytech/ISP-BILLING-main/vendor/laravel/framework/src/Illuminate/Routing/Route.php(211): Illuminate\\Routing\\Route->runController()
#18 /home/skytech/ISP-BILLING-main/vendor/laravel/framework/src/Illuminate/Routing/Router.php(822): Illuminate\\Routing\\Route->run()
#19 /home/skytech/ISP-BILLING-main/vendor/laravel/framework/src/Illuminate/Pipeline/Pipeline.php(180): Illuminate\\Routing\\Router->Illuminate\\Routing\\{closure}()
#20 /home/skytech/ISP-BILLING-main/app/Http/Middleware/RestrictHotelUserPortal.php(45): Illuminate\\Pipeline\\Pipeline->Illuminate\\Pipeline\\{closure}()
#21 /home/skytech/ISP-BILLING-main/vendor/laravel/framework/src/Illuminate/Pipeline/Pipeline.php(219): App\\Http\\Middleware\\RestrictHotelUserPortal->handle()
#22 /home/skytech/ISP-BILLING-main/app/Http/Middleware/ForcePortalPasswordChange.php(29): Illuminate\\Pipeline\\Pipeline->Illuminate\\Pipeline\\{closure}()
#23 /home/skytech/ISP-BILLING-main/vendor/laravel/framework/src/Illuminate/Pipeline/Pipeline.php(219): App\\Http\\Middleware\\ForcePortalPasswordChange->handle()
#24 /home/skytech/ISP-BILLING-main/app/Http/Middleware/RestrictToProfileIfNoPermissions.php(61): Illuminate\\Pipeline\\Pipeline->Illuminate\\Pipeline\\{closure}()
#25 /home/skytech/ISP-BILLING-main/vendor/laravel/framework/src/Illuminate/Pipeline/Pipeline.php(219): App\\Http\\Middleware\\RestrictToProfileIfNoPermissions->handle()
#26 /home/skytech/ISP-BILLING-main/vendor/laravel/framework/src/Illuminate/Auth/Middleware/EnsureEmailIsVerified.php(41): Illuminate\\Pipeline\\Pipeline->Illuminate\\Pipeline\\{closure}()
#27 /home/skytech/ISP-BILLING-main/vendor/laravel/framework/src/Illuminate/Pipeline/Pipeline.php(219): Illuminate\\Auth\\Middleware\\EnsureEmailIsVerified->handle()
#28 /home/skytech/ISP-BILLING-main/vendor/php-flasher/flasher-laravel/Middleware/FlasherMiddleware.php(21): Illuminate\\Pipeline\\Pipeline->Illuminate\\Pipeline\\{closure}()
#29 /home/skytech/ISP-BILLING-main/vendor/laravel/framework/src/Illuminate/Pipeline/Pipeline.php(219): Flasher\\Laravel\\Middleware\\FlasherMiddleware->handle()
#30 /home/skytech/ISP-BILLING-main/vendor/php-flasher/flasher-laravel/Middleware/SessionMiddleware.php(21): Illuminate\\Pipeline\\Pipeline->Illuminate\\Pipeline\\{closure}()
#31 /home/skytech/ISP-BILLING-main/vendor/laravel/framework/src/Illuminate/Pipeline/Pipeline.php(219): Flasher\\Laravel\\Middleware\\SessionMiddleware->handle()
#32 /home/skytech/ISP-BILLING-main/app/Http/Middleware/SetLocaleFromSession.php(42): Illuminate\\Pipeline\\Pipeline->Illuminate\\Pipeline\\{closure}()
#33 /home/skytech/ISP-BILLING-main/vendor/laravel/framework/src/Illuminate/Pipeline/Pipeline.php(219): App\\Http\\Middleware\\SetLocaleFromSession->handle()
#34 /home/skytech/ISP-BILLING-main/vendor/laravel/framework/src/Illuminate/Routing/Middleware/SubstituteBindings.php(50): Illuminate\\Pipeline\\Pipeline->Illuminate\\Pipeline\\{closure}()
#35 /home/skytech/ISP-BILLING-main/vendor/laravel/framework/src/Illuminate/Pipeline/Pipeline.php(219): Illuminate\\Routing\\Middleware\\SubstituteBindings->handle()
#36 /home/skytech/ISP-BILLING-main/vendor/laravel/framework/src/Illuminate/Session/Middleware/AuthenticateSession.php(70): Illuminate\\Pipeline\\Pipeline->Illuminate\\Pipeline\\{closure}()
#37 /home/skytech/ISP-BILLING-main/vendor/laravel/framework/src/Illuminate/Pipeline/Pipeline.php(219): Illuminate\\Session\\Middleware\\AuthenticateSession->handle()
#38 /home/skytech/ISP-BILLING-main/vendor/laravel/framework/src/Illuminate/Auth/Middleware/Authenticate.php(63): Illuminate\\Pipeline\\Pipeline->Illuminate\\Pipeline\\{closure}()
#39 /home/skytech/ISP-BILLING-main/vendor/laravel/framework/src/Illuminate/Pipeline/Pipeline.php(219): Illuminate\\Auth\\Middleware\\Authenticate->handle()
#40 /home/skytech/ISP-BILLING-main/vendor/laravel/framework/src/Illuminate/Foundation/Http/Middleware/VerifyCsrfToken.php(87): Illuminate\\Pipeline\\Pipeline->Illuminate\\Pipeline\\{closure}()
#41 /home/skytech/ISP-BILLING-main/vendor/laravel/framework/src/Illuminate/Pipeline/Pipeline.php(219): Illuminate\\Foundation\\Http\\Middleware\\VerifyCsrfToken->handle()
#42 /home/skytech/ISP-BILLING-main/vendor/laravel/framework/src/Illuminate/View/Middleware/ShareErrorsFromSession.php(48): Illuminate\\Pipeline\\Pipeline->Illuminate\\Pipeline\\{closure}()
#43 /home/skytech/ISP-BILLING-main/vendor/laravel/framework/src/Illuminate/Pipeline/Pipeline.php(219): Illuminate\\View\\Middleware\\ShareErrorsFromSession->handle()
#44 /home/skytech/ISP-BILLING-main/vendor/laravel/framework/src/Illuminate/Session/Middleware/StartSession.php(120): Illuminate\\Pipeline\\Pipeline->Illuminate\\Pipeline\\{closure}()
#45 /home/skytech/ISP-BILLING-main/vendor/laravel/framework/src/Illuminate/Session/Middleware/StartSession.php(63): Illuminate\\Session\\Middleware\\StartSession->handleStatefulRequest()
#46 /home/skytech/ISP-BILLING-main/vendor/laravel/framework/src/Illuminate/Pipeline/Pipeline.php(219): Illuminate\\Session\\Middleware\\StartSession->handle()
#47 /home/skytech/ISP-BILLING-main/vendor/laravel/framework/src/Illuminate/Cookie/Middleware/AddQueuedCookiesToResponse.php(36): Illuminate\\Pipeline\\Pipeline->Illuminate\\Pipeline\\{closure}()
#48 /home/skytech/ISP-BILLING-main/vendor/laravel/framework/src/Illuminate/Pipeline/Pipeline.php(219): Illuminate\\Cookie\\Middleware\\AddQueuedCookiesToResponse->handle()
#49 /home/skytech/ISP-BILLING-main/vendor/laravel/framework/src/Illuminate/Cookie/Middleware/EncryptCookies.php(74): Illuminate\\Pipeline\\Pipeline->Illuminate\\Pipeline\\{closure}()
#50 /home/skytech/ISP-BILLING-main/vendor/laravel/framework/src/Illuminate/Pipeline/Pipeline.php(219): Illuminate\\Cookie\\Middleware\\EncryptCookies->handle()
#51 /home/skytech/ISP-BILLING-main/vendor/laravel/framework/src/Illuminate/Pipeline/Pipeline.php(137): Illuminate\\Pipeline\\Pipeline->Illuminate\\Pipeline\\{closure}()
#52 /home/skytech/ISP-BILLING-main/vendor/laravel/framework/src/Illuminate/Routing/Router.php(821): Illuminate\\Pipeline\\Pipeline->then()
#53 /home/skytech/ISP-BILLING-main/vendor/laravel/framework/src/Illuminate/Routing/Router.php(800): Illuminate\\Routing\\Router->runRouteWithinStack()
#54 /home/skytech/ISP-BILLING-main/vendor/laravel/framework/src/Illuminate/Routing/Router.php(764): Illuminate\\Routing\\Router->runRoute()
#55 /home/skytech/ISP-BILLING-main/vendor/laravel/framework/src/Illuminate/Routing/Router.php(753): Illuminate\\Routing\\Router->dispatchToRoute()
#56 /home/skytech/ISP-BILLING-main/vendor/laravel/framework/src/Illuminate/Foundation/Http/Kernel.php(200): Illuminate\\Routing\\Router->dispatch()
#57 /home/skytech/ISP-BILLING-main/vendor/laravel/framework/src/Illuminate/Pipeline/Pipeline.php(180): Illuminate\\Foundation\\Http\\Kernel->Illuminate\\Foundation\\Http\\{closure}()
#58 /home/skytech/ISP-BILLING-main/vendor/livewire/livewire/src/Features/SupportDisablingBackButtonCache/DisableBackButtonCacheMiddleware.php(19): Illuminate\\Pipeline\\Pipeline->Illuminate\\Pipeline\\{closure}()
#59 /home/skytech/ISP-BILLING-main/vendor/laravel/framework/src/Illuminate/Pipeline/Pipeline.php(219): Livewire\\Features\\SupportDisablingBackButtonCache\\DisableBackButtonCacheMiddleware->handle()
#60 /home/skytech/ISP-BILLING-main/app/Http/Middleware/CheckSiteStatus.php(55): Illuminate\\Pipeline\\Pipeline->Illuminate\\Pipeline\\{closure}()
#61 /home/skytech/ISP-BILLING-main/vendor/laravel/framework/src/Illuminate/Pipeline/Pipeline.php(219): App\\Http\\Middleware\\CheckSiteStatus->handle()
#62 /home/skytech/ISP-BILLING-main/vendor/laravel/framework/src/Illuminate/Foundation/Http/Middleware/TransformsRequest.php(21): Illuminate\\Pipeline\\Pipeline->Illuminate\\Pipeline\\{closure}()
#63 /home/skytech/ISP-BILLING-main/vendor/laravel/framework/src/Illuminate/Foundation/Http/Middleware/ConvertEmptyStringsToNull.php(31): Illuminate\\Foundation\\Http\\Middleware\\TransformsRequest->handle()
#64 /home/skytech/ISP-BILLING-main/vendor/laravel/framework/src/Illuminate/Pipeline/Pipeline.php(219): Illuminate\\Foundation\\Http\\Middleware\\ConvertEmptyStringsToNull->handle()
#65 /home/skytech/ISP-BILLING-main/vendor/laravel/framework/src/Illuminate/Foundation/Http/Middleware/TransformsRequest.php(21): Illuminate\\Pipeline\\Pipeline->Illuminate\\Pipeline\\{closure}()
#66 /home/skytech/ISP-BILLING-main/vendor/laravel/framework/src/Illuminate/Foundation/Http/Middleware/TrimStrings.php(51): Illuminate\\Foundation\\Http\\Middleware\\TransformsRequest->handle()
#67 /home/skytech/ISP-BILLING-main/vendor/laravel/framework/src/Illuminate/Pipeline/Pipeline.php(219): Illuminate\\Foundation\\Http\\Middleware\\TrimStrings->handle()
#68 /home/skytech/ISP-BILLING-main/vendor/laravel/framework/src/Illuminate/Http/Middleware/ValidatePostSize.php(27): Illuminate\\Pipeline\\Pipeline->Illuminate\\Pipeline\\{closure}()
#69 /home/skytech/ISP-BILLING-main/vendor/laravel/framework/src/Illuminate/Pipeline/Pipeline.php(219): Illuminate\\Http\\Middleware\\ValidatePostSize->handle()
#70 /home/skytech/ISP-BILLING-main/vendor/laravel/framework/src/Illuminate/Foundation/Http/Middleware/PreventRequestsDuringMaintenance.php(109): Illuminate\\Pipeline\\Pipeline->Illuminate\\Pipeline\\{closure}()
#71 /home/skytech/ISP-BILLING-main/vendor/laravel/framework/src/Illuminate/Pipeline/Pipeline.php(219): Illuminate\\Foundation\\Http\\Middleware\\PreventRequestsDuringMaintenance->handle()
#72 /home/skytech/ISP-BILLING-main/vendor/laravel/framework/src/Illuminate/Http/Middleware/HandleCors.php(61): Illuminate\\Pipeline\\Pipeline->Illuminate\\Pipeline\\{closure}()
#73 /home/skytech/ISP-BILLING-main/vendor/laravel/framework/src/Illuminate/Pipeline/Pipeline.php(219): Illuminate\\Http\\Middleware\\HandleCors->handle()
#74 /home/skytech/ISP-BILLING-main/vendor/laravel/framework/src/Illuminate/Http/Middleware/TrustProxies.php(58): Illuminate\\Pipeline\\Pipeline->Illuminate\\Pipeline\\{closure}()
#75 /home/skytech/ISP-BILLING-main/vendor/laravel/framework/src/Illuminate/Pipeline/Pipeline.php(219): Illuminate\\Http\\Middleware\\TrustProxies->handle()
#76 /home/skytech/ISP-BILLING-main/vendor/laravel/framework/src/Illuminate/Foundation/Http/Middleware/InvokeDeferredCallbacks.php(22): Illuminate\\Pipeline\\Pipeline->Illuminate\\Pipeline\\{closure}()
#77 /home/skytech/ISP-BILLING-main/vendor/laravel/framework/src/Illuminate/Pipeline/Pipeline.php(219): Illuminate\\Foundation\\Http\\Middleware\\InvokeDeferredCallbacks->handle()
#78 /home/skytech/ISP-BILLING-main/vendor/laravel/framework/src/Illuminate/Http/Middleware/ValidatePathEncoding.php(26): Illuminate\\Pipeline\\Pipeline->Illuminate\\Pipeline\\{closure}()
#79 /home/skytech/ISP-BILLING-main/vendor/laravel/framework/src/Illuminate/Pipeline/Pipeline.php(219): Illuminate\\Http\\Middleware\\ValidatePathEncoding->handle()
#80 /home/skytech/ISP-BILLING-main/vendor/laravel/framework/src/Illuminate/Pipeline/Pipeline.php(137): Illuminate\\Pipeline\\Pipeline->Illuminate\\Pipeline\\{closure}()
#81 /home/skytech/ISP-BILLING-main/vendor/laravel/framework/src/Illuminate/Foundation/Http/Kernel.php(175): Illuminate\\Pipeline\\Pipeline->then()
#82 /home/skytech/ISP-BILLING-main/vendor/laravel/framework/src/Illuminate/Foundation/Http/Kernel.php(144): Illuminate\\Foundation\\Http\\Kernel->sendRequestThroughRouter()
#83 /home/skytech/ISP-BILLING-main/vendor/laravel/framework/src/Illuminate/Foundation/Application.php(1220): Illuminate\\Foundation\\Http\\Kernel->handle()
#84 /home/skytech/ISP-BILLING-main/public/index.php(20): Illuminate\\Foundation\\Application->handleRequest()
#85 {main}
"} 
[2026-09-25 09:58:18] production.ERROR: Route [filament.portal.pages.dashboard] not defined. {"userId":1,"exception":"[object] (Symfony\\Component\\Routing\\Exception\\RouteNotFoundException(code: 0): Route [filament.portal.pages.dashboard] not defined. at /home/skytech/ISP-BILLING-main/vendor/laravel/framework/src/Illuminate/Routing/UrlGenerator.php:534)
[stacktrace]
#0 /home/skytech/ISP-BILLING-main/vendor/laravel/framework/src/Illuminate/Foundation/helpers.php(870): Illuminate\\Routing\\UrlGenerator->route()
#1 /home/skytech/ISP-BILLING-main/vendor/filament/filament/src/Pages/Page.php(108): route()
#2 /home/skytech/ISP-BILLING-main/vendor/filament/filament/src/Pages/Page.php(272): Filament\\Pages\\Page::getUrl()
#3 /home/skytech/ISP-BILLING-main/vendor/filament/filament/src/Pages/Page.php(160): Filament\\Pages\\Page::getNavigationUrl()
#4 /home/skytech/ISP-BILLING-main/vendor/filament/filament/src/Pages/Page.php(139): Filament\\Pages\\Page::getNavigationItems()
#5 /home/skytech/ISP-BILLING-main/vendor/filament/filament/src/Navigation/NavigationManager.php(194): Filament\\Pages\\Page::registerNavigationItems()
#6 /home/skytech/ISP-BILLING-main/vendor/filament/filament/src/Navigation/NavigationManager.php(54): Filament\\Navigation\\NavigationManager->mountNavigation()
#7 /home/skytech/ISP-BILLING-main/vendor/filament/filament/src/Panel/Concerns/HasRoutes.php(225): Filament\\Navigation\\NavigationManager->get()
#8 /home/skytech/ISP-BILLING-main/vendor/filament/filament/src/Http/Controllers/RedirectToHomeController.php(14): Filament\\Panel->getRedirectUrl()
#9 /home/skytech/ISP-BILLING-main/vendor/laravel/framework/src/Illuminate/Routing/ControllerDispatcher.php(46): Filament\\Http\\Controllers\\RedirectToHomeController->__invoke()
#10 /home/skytech/ISP-BILLING-main/vendor/laravel/framework/src/Illuminate/Routing/Route.php(265): Illuminate\\Routing\\ControllerDispatcher->dispatch()
#11 /home/skytech/ISP-BILLING-main/vendor/laravel/framework/src/Illuminate/Routing/Route.php(211): Illuminate\\Routing\\Route->runController()
#12 /home/skytech/ISP-BILLING-main/vendor/laravel/framework/src/Illuminate/Routing/Router.php(822): Illuminate\\Routing\\Route->run()
#13 /home/skytech/ISP-BILLING-main/vendor/laravel/framework/src/Illuminate/Pipeline/Pipeline.php(180): Illuminate\\Routing\\Router->Illuminate\\Routing\\{closure}()
#14 /home/skytech/ISP-BILLING-main/vendor/filament/filament/src/Http/Middleware/DispatchServingFilamentEvent.php(15): Illuminate\\Pipeline\\Pipeline->Illuminate\\Pipeline\\{closure}()
#15 /home/skytech/ISP-BILLING-main/vendor/laravel/framework/src/Illuminate/Pipeline/Pipeline.php(219): Filament\\Http\\Middleware\\DispatchServingFilamentEvent->handle()
#16 /home/skytech/ISP-BILLING-main/vendor/filament/filament/src/Http/Middleware/DisableBladeIconComponents.php(14): Illuminate\\Pipeline\\Pipeline->Illuminate\\Pipeline\\{closure}()
#17 /home/skytech/ISP-BILLING-main/vendor/laravel/framework/src/Illuminate/Pipeline/Pipeline.php(219): Filament\\Http\\Middleware\\DisableBladeIconComponents->handle()
#18 /home/skytech/ISP-BILLING-main/vendor/laravel/framework/src/Illuminate/Routing/Middleware/SubstituteBindings.php(50): Illuminate\\Pipeline\\Pipeline->Illuminate\\Pipeline\\{closure}()
#19 /home/skytech/ISP-BILLING-main/vendor/laravel/framework/src/Illuminate/Pipeline/Pipeline.php(219): Illuminate\\Routing\\Middleware\\SubstituteBindings->handle()
#20 /home/skytech/ISP-BILLING-main/vendor/laravel/framework/src/Illuminate/Foundation/Http/Middleware/VerifyCsrfToken.php(87): Illuminate\\Pipeline\\Pipeline->Illuminate\\Pipeline\\{closure}()
#21 /home/skytech/ISP-BILLING-main/vendor/laravel/framework/src/Illuminate/Pipeline/Pipeline.php(219): Illuminate\\Foundation\\Http\\Middleware\\VerifyCsrfToken->handle()
#22 /home/skytech/ISP-BILLING-main/vendor/laravel/framework/src/Illuminate/Session/Middleware/AuthenticateSession.php(70): Illuminate\\Pipeline\\Pipeline->Illuminate\\Pipeline\\{closure}()
#23 /home/skytech/ISP-BILLING-main/vendor/laravel/framework/src/Illuminate/Pipeline/Pipeline.php(219): Illuminate\\Session\\Middleware\\AuthenticateSession->handle()
#24 /home/skytech/ISP-BILLING-main/vendor/laravel/framework/src/Illuminate/Auth/Middleware/Authenticate.php(63): Illuminate\\Pipeline\\Pipeline->Illuminate\\Pipeline\\{closure}()
#25 /home/skytech/ISP-BILLING-main/vendor/laravel/framework/src/Illuminate/Pipeline/Pipeline.php(219): Illuminate\\Auth\\Middleware\\Authenticate->handle()
#26 /home/skytech/ISP-BILLING-main/vendor/laravel/framework/src/Illuminate/View/Middleware/ShareErrorsFromSession.php(48): Illuminate\\Pipeline\\Pipeline->Illuminate\\Pipeline\\{closure}()
#27 /home/skytech/ISP-BILLING-main/vendor/laravel/framework/src/Illuminate/Pipeline/Pipeline.php(219): Illuminate\\View\\Middleware\\ShareErrorsFromSession->handle()
#28 /home/skytech/ISP-BILLING-main/vendor/laravel/framework/src/Illuminate/Session/Middleware/StartSession.php(120): Illuminate\\Pipeline\\Pipeline->Illuminate\\Pipeline\\{closure}()
#29 /home/skytech/ISP-BILLING-main/vendor/laravel/framework/src/Illuminate/Session/Middleware/StartSession.php(63): Illuminate\\Session\\Middleware\\StartSession->handleStatefulRequest()
#30 /home/skytech/ISP-BILLING-main/vendor/laravel/framework/src/Illuminate/Pipeline/Pipeline.php(219): Illuminate\\Session\\Middleware\\StartSession->handle()
#31 /home/skytech/ISP-BILLING-main/vendor/laravel/framework/src/Illuminate/Cookie/Middleware/AddQueuedCookiesToResponse.php(36): Illuminate\\Pipeline\\Pipeline->Illuminate\\Pipeline\\{closure}()
#32 /home/skytech/ISP-BILLING-main/vendor/laravel/framework/src/Illuminate/Pipeline/Pipeline.php(219): Illuminate\\Cookie\\Middleware\\AddQueuedCookiesToResponse->handle()
#33 /home/skytech/ISP-BILLING-main/vendor/laravel/framework/src/Illuminate/Cookie/Middleware/EncryptCookies.php(74): Illuminate\\Pipeline\\Pipeline->Illuminate\\Pipeline\\{closure}()
#34 /home/skytech/ISP-BILLING-main/vendor/laravel/framework/src/Illuminate/Pipeline/Pipeline.php(219): Illuminate\\Cookie\\Middleware\\EncryptCookies->handle()
#35 /home/skytech/ISP-BILLING-main/vendor/filament/filament/src/Http/Middleware/SetUpPanel.php(19): Illuminate\\Pipeline\\Pipeline->Illuminate\\Pipeline\\{closure}()
#36 /home/skytech/ISP-BILLING-main/vendor/laravel/framework/src/Illuminate/Pipeline/Pipeline.php(219): Filament\\Http\\Middleware\\SetUpPanel->handle()
#37 /home/skytech/ISP-BILLING-main/vendor/laravel/framework/src/Illuminate/Pipeline/Pipeline.php(137): Illuminate\\Pipeline\\Pipeline->Illuminate\\Pipeline\\{closure}()
#38 /home/skytech/ISP-BILLING-main/vendor/laravel/framework/src/Illuminate/Routing/Router.php(821): Illuminate\\Pipeline\\Pipeline->then()
#39 /home/skytech/ISP-BILLING-main/vendor/laravel/framework/src/Illuminate/Routing/Router.php(800): Illuminate\\Routing\\Router->runRouteWithinStack()
#40 /home/skytech/ISP-BILLING-main/vendor/laravel/framework/src/Illuminate/Routing/Router.php(764): Illuminate\\Routing\\Router->runRoute()
#41 /home/skytech/ISP-BILLING-main/vendor/laravel/framework/src/Illuminate/Routing/Router.php(753): Illuminate\\Routing\\Router->dispatchToRoute()
#42 /home/skytech/ISP-BILLING-main/vendor/laravel/framework/src/Illuminate/Foundation/Http/Kernel.php(200): Illuminate\\Routing\\Router->dispatch()
#43 /home/skytech/ISP-BILLING-main/vendor/laravel/framework/src/Illuminate/Pipeline/Pipeline.php(180): Illuminate\\Foundation\\Http\\Kernel->Illuminate\\Foundation\\Http\\{closure}()
#44 /home/skytech/ISP-BILLING-main/vendor/livewire/livewire/src/Features/SupportDisablingBackButtonCache/DisableBackButtonCacheMiddleware.php(19): Illuminate\\Pipeline\\Pipeline->Illuminate\\Pipeline\\{closure}()
#45 /home/skytech/ISP-BILLING-main/vendor/laravel/framework/src/Illuminate/Pipeline/Pipeline.php(219): Livewire\\Features\\SupportDisablingBackButtonCache\\DisableBackButtonCacheMiddleware->handle()
#46 /home/skytech/ISP-BILLING-main/app/Http/Middleware/CheckSiteStatus.php(55): Illuminate\\Pipeline\\Pipeline->Illuminate\\Pipeline\\{closure}()
#47 /home/skytech/ISP-BILLING-main/vendor/laravel/framework/src/Illuminate/Pipeline/Pipeline.php(219): App\\Http\\Middleware\\CheckSiteStatus->handle()
#48 /home/skytech/ISP-BILLING-main/vendor/laravel/framework/src/Illuminate/Foundation/Http/Middleware/TransformsRequest.php(21): Illuminate\\Pipeline\\Pipeline->Illuminate\\Pipeline\\{closure}()
#49 /home/skytech/ISP-BILLING-main/vendor/laravel/framework/src/Illuminate/Foundation/Http/Middleware/ConvertEmptyStringsToNull.php(31): Illuminate\\Foundation\\Http\\Middleware\\TransformsRequest->handle()
#50 /home/skytech/ISP-BILLING-main/vendor/laravel/framework/src/Illuminate/Pipeline/Pipeline.php(219): Illuminate\\Foundation\\Http\\Middleware\\ConvertEmptyStringsToNull->handle()
#51 /home/skytech/ISP-BILLING-main/vendor/laravel/framework/src/Illuminate/Foundation/Http/Middleware/TransformsRequest.php(21): Illuminate\\Pipeline\\Pipeline->Illuminate\\Pipeline\\{closure}()
#52 /home/skytech/ISP-BILLING-main/vendor/laravel/framework/src/Illuminate/Foundation/Http/Middleware/TrimStrings.php(51): Illuminate\\Foundation\\Http\\Middleware\\TransformsRequest->handle()
#53 /home/skytech/ISP-BILLING-main/vendor/laravel/framework/src/Illuminate/Pipeline/Pipeline.php(219): Illuminate\\Foundation\\Http\\Middleware\\TrimStrings->handle()
#54 /home/skytech/ISP-BILLING-main/vendor/laravel/framework/src/Illuminate/Http/Middleware/ValidatePostSize.php(27): Illuminate\\Pipeline\\Pipeline->Illuminate\\Pipeline\\{closure}()
#55 /home/skytech/ISP-BILLING-main/vendor/laravel/framework/src/Illuminate/Pipeline/Pipeline.php(219): Illuminate\\Http\\Middleware\\ValidatePostSize->handle()
#56 /home/skytech/ISP-BILLING-main/vendor/laravel/framework/src/Illuminate/Foundation/Http/Middleware/PreventRequestsDuringMaintenance.php(109): Illuminate\\Pipeline\\Pipeline->Illuminate\\Pipeline\\{closure}()
#57 /home/skytech/ISP-BILLING-main/vendor/laravel/framework/src/Illuminate/Pipeline/Pipeline.php(219): Illuminate\\Foundation\\Http\\Middleware\\PreventRequestsDuringMaintenance->handle()
#58 /home/skytech/ISP-BILLING-main/vendor/laravel/framework/src/Illuminate/Http/Middleware/HandleCors.php(61): Illuminate\\Pipeline\\Pipeline->Illuminate\\Pipeline\\{closure}()
#59 /home/skytech/ISP-BILLING-main/vendor/laravel/framework/src/Illuminate/Pipeline/Pipeline.php(219): Illuminate\\Http\\Middleware\\HandleCors->handle()
#60 /home/skytech/ISP-BILLING-main/vendor/laravel/framework/src/Illuminate/Http/Middleware/TrustProxies.php(58): Illuminate\\Pipeline\\Pipeline->Illuminate\\Pipeline\\{closure}()
#61 /home/skytech/ISP-BILLING-main/vendor/laravel/framework/src/Illuminate/Pipeline/Pipeline.php(219): Illuminate\\Http\\Middleware\\TrustProxies->handle()
#62 /home/skytech/ISP-BILLING-main/vendor/laravel/framework/src/Illuminate/Foundation/Http/Middleware/InvokeDeferredCallbacks.php(22): Illuminate\\Pipeline\\Pipeline->Illuminate\\Pipeline\\{closure}()
#63 /home/skytech/ISP-BILLING-main/vendor/laravel/framework/src/Illuminate/Pipeline/Pipeline.php(219): Illuminate\\Foundation\\Http\\Middleware\\InvokeDeferredCallbacks->handle()
#64 /home/skytech/ISP-BILLING-main/vendor/laravel/framework/src/Illuminate/Http/Middleware/ValidatePathEncoding.php(26): Illuminate\\Pipeline\\Pipeline->Illuminate\\Pipeline\\{closure}()
#65 /home/skytech/ISP-BILLING-main/vendor/laravel/framework/src/Illuminate/Pipeline/Pipeline.php(219): Illuminate\\Http\\Middleware\\ValidatePathEncoding->handle()
#66 /home/skytech/ISP-BILLING-main/vendor/laravel/framework/src/Illuminate/Pipeline/Pipeline.php(137): Illuminate\\Pipeline\\Pipeline->Illuminate\\Pipeline\\{closure}()
#67 /home/skytech/ISP-BILLING-main/vendor/laravel/framework/src/Illuminate/Foundation/Http/Kernel.php(175): Illuminate\\Pipeline\\Pipeline->then()
#68 /home/skytech/ISP-BILLING-main/vendor/laravel/framework/src/Illuminate/Foundation/Http/Kernel.php(144): Illuminate\\Foundation\\Http\\Kernel->sendRequestThroughRouter()
#69 /home/skytech/ISP-BILLING-main/vendor/laravel/framework/src/Illuminate/Foundation/Application.php(1220): Illuminate\\Foundation\\Http\\Kernel->handle()
#70 /home/skytech/ISP-BILLING-main/public/index.php(20): Illuminate\\Foundation\\Application->handleRequest()
#71 {main}
"} 
[2026-09-25 09:58:27] production.ERROR: Route [filament.portal.pages.dashboard] not defined. {"userId":1,"exception":"[object] (Symfony\\Component\\Routing\\Exception\\RouteNotFoundException(code: 0): Route [filament.portal.pages.dashboard] not defined. at /home/skytech/ISP-BILLING-main/vendor/laravel/framework/src/Illuminate/Routing/UrlGenerator.php:534)
[stacktrace]
#0 /home/skytech/ISP-BILLING-main/vendor/laravel/framework/src/Illuminate/Foundation/helpers.php(870): Illuminate\\Routing\\UrlGenerator->route()
#1 /home/skytech/ISP-BILLING-main/vendor/filament/filament/src/Pages/Page.php(108): route()
#2 /home/skytech/ISP-BILLING-main/vendor/filament/filament/src/Pages/Page.php(272): Filament\\Pages\\Page::getUrl()
#3 /home/skytech/ISP-BILLING-main/vendor/filament/filament/src/Pages/Page.php(160): Filament\\Pages\\Page::getNavigationUrl()
#4 /home/skytech/ISP-BILLING-main/vendor/filament/filament/src/Pages/Page.php(139): Filament\\Pages\\Page::getNavigationItems()
#5 /home/skytech/ISP-BILLING-main/vendor/filament/filament/src/Navigation/NavigationManager.php(194): Filament\\Pages\\Page::registerNavigationItems()
#6 /home/skytech/ISP-BILLING-main/vendor/filament/filament/src/Navigation/NavigationManager.php(54): Filament\\Navigation\\NavigationManager->mountNavigation()
#7 /home/skytech/ISP-BILLING-main/vendor/filament/filament/src/Panel/Concerns/HasRoutes.php(225): Filament\\Navigation\\NavigationManager->get()
#8 /home/skytech/ISP-BILLING-main/vendor/filament/filament/src/Http/Controllers/RedirectToHomeController.php(14): Filament\\Panel->getRedirectUrl()
#9 /home/skytech/ISP-BILLING-main/vendor/laravel/framework/src/Illuminate/Routing/ControllerDispatcher.php(46): Filament\\Http\\Controllers\\RedirectToHomeController->__invoke()
#10 /home/skytech/ISP-BILLING-main/vendor/laravel/framework/src/Illuminate/Routing/Route.php(265): Illuminate\\Routing\\ControllerDispatcher->dispatch()
#11 /home/skytech/ISP-BILLING-main/vendor/laravel/framework/src/Illuminate/Routing/Route.php(211): Illuminate\\Routing\\Route->runController()
#12 /home/skytech/ISP-BILLING-main/vendor/laravel/framework/src/Illuminate/Routing/Router.php(822): Illuminate\\Routing\\Route->run()
#13 /home/skytech/ISP-BILLING-main/vendor/laravel/framework/src/Illuminate/Pipeline/Pipeline.php(180): Illuminate\\Routing\\Router->Illuminate\\Routing\\{closure}()
#14 /home/skytech/ISP-BILLING-main/vendor/filament/filament/src/Http/Middleware/DispatchServingFilamentEvent.php(15): Illuminate\\Pipeline\\Pipeline->Illuminate\\Pipeline\\{closure}()
#15 /home/skytech/ISP-BILLING-main/vendor/laravel/framework/src/Illuminate/Pipeline/Pipeline.php(219): Filament\\Http\\Middleware\\DispatchServingFilamentEvent->handle()
#16 /home/skytech/ISP-BILLING-main/vendor/filament/filament/src/Http/Middleware/DisableBladeIconComponents.php(14): Illuminate\\Pipeline\\Pipeline->Illuminate\\Pipeline\\{closure}()
#17 /home/skytech/ISP-BILLING-main/vendor/laravel/framework/src/Illuminate/Pipeline/Pipeline.php(219): Filament\\Http\\Middleware\\DisableBladeIconComponents->handle()
#18 /home/skytech/ISP-BILLING-main/vendor/laravel/framework/src/Illuminate/Routing/Middleware/SubstituteBindings.php(50): Illuminate\\Pipeline\\Pipeline->Illuminate\\Pipeline\\{closure}()
#19 /home/skytech/ISP-BILLING-main/vendor/laravel/framework/src/Illuminate/Pipeline/Pipeline.php(219): Illuminate\\Routing\\Middleware\\SubstituteBindings->handle()
#20 /home/skytech/ISP-BILLING-main/vendor/laravel/framework/src/Illuminate/Foundation/Http/Middleware/VerifyCsrfToken.php(87): Illuminate\\Pipeline\\Pipeline->Illuminate\\Pipeline\\{closure}()
#21 /home/skytech/ISP-BILLING-main/vendor/laravel/framework/src/Illuminate/Pipeline/Pipeline.php(219): Illuminate\\Foundation\\Http\\Middleware\\VerifyCsrfToken->handle()
#22 /home/skytech/ISP-BILLING-main/vendor/laravel/framework/src/Illuminate/Session/Middleware/AuthenticateSession.php(70): Illuminate\\Pipeline\\Pipeline->Illuminate\\Pipeline\\{closure}()
#23 /home/skytech/ISP-BILLING-main/vendor/laravel/framework/src/Illuminate/Pipeline/Pipeline.php(219): Illuminate\\Session\\Middleware\\AuthenticateSession->handle()
#24 /home/skytech/ISP-BILLING-main/vendor/laravel/framework/src/Illuminate/Auth/Middleware/Authenticate.php(63): Illuminate\\Pipeline\\Pipeline->Illuminate\\Pipeline\\{closure}()
#25 /home/skytech/ISP-BILLING-main/vendor/laravel/framework/src/Illuminate/Pipeline/Pipeline.php(219): Illuminate\\Auth\\Middleware\\Authenticate->handle()
#26 /home/skytech/ISP-BILLING-main/vendor/laravel/framework/src/Illuminate/View/Middleware/ShareErrorsFromSession.php(48): Illuminate\\Pipeline\\Pipeline->Illuminate\\Pipeline\\{closure}()
#27 /home/skytech/ISP-BILLING-main/vendor/laravel/framework/src/Illuminate/Pipeline/Pipeline.php(219): Illuminate\\View\\Middleware\\ShareErrorsFromSession->handle()
#28 /home/skytech/ISP-BILLING-main/vendor/laravel/framework/src/Illuminate/Session/Middleware/StartSession.php(120): Illuminate\\Pipeline\\Pipeline->Illuminate\\Pipeline\\{closure}()
#29 /home/skytech/ISP-BILLING-main/vendor/laravel/framework/src/Illuminate/Session/Middleware/StartSession.php(63): Illuminate\\Session\\Middleware\\StartSession->handleStatefulRequest()
#30 /home/skytech/ISP-BILLING-main/vendor/laravel/framework/src/Illuminate/Pipeline/Pipeline.php(219): Illuminate\\Session\\Middleware\\StartSession->handle()
#31 /home/skytech/ISP-BILLING-main/vendor/laravel/framework/src/Illuminate/Cookie/Middleware/AddQueuedCookiesToResponse.php(36): Illuminate\\Pipeline\\Pipeline->Illuminate\\Pipeline\\{closure}()
#32 /home/skytech/ISP-BILLING-main/vendor/laravel/framework/src/Illuminate/Pipeline/Pipeline.php(219): Illuminate\\Cookie\\Middleware\\AddQueuedCookiesToResponse->handle()
#33 /home/skytech/ISP-BILLING-main/vendor/laravel/framework/src/Illuminate/Cookie/Middleware/EncryptCookies.php(74): Illuminate\\Pipeline\\Pipeline->Illuminate\\Pipeline\\{closure}()
#34 /home/skytech/ISP-BILLING-main/vendor/laravel/framework/src/Illuminate/Pipeline/Pipeline.php(219): Illuminate\\Cookie\\Middleware\\EncryptCookies->handle()
#35 /home/skytech/ISP-BILLING-main/vendor/filament/filament/src/Http/Middleware/SetUpPanel.php(19): Illuminate\\Pipeline\\Pipeline->Illuminate\\Pipeline\\{closure}()
#36 /home/skytech/ISP-BILLING-main/vendor/laravel/framework/src/Illuminate/Pipeline/Pipeline.php(219): Filament\\Http\\Middleware\\SetUpPanel->handle()
#37 /home/skytech/ISP-BILLING-main/vendor/laravel/framework/src/Illuminate/Pipeline/Pipeline.php(137): Illuminate\\Pipeline\\Pipeline->Illuminate\\Pipeline\\{closure}()
#38 /home/skytech/ISP-BILLING-main/vendor/laravel/framework/src/Illuminate/Routing/Router.php(821): Illuminate\\Pipeline\\Pipeline->then()
#39 /home/skytech/ISP-BILLING-main/vendor/laravel/framework/src/Illuminate/Routing/Router.php(800): Illuminate\\Routing\\Router->runRouteWithinStack()
#40 /home/skytech/ISP-BILLING-main/vendor/laravel/framework/src/Illuminate/Routing/Router.php(764): Illuminate\\Routing\\Router->runRoute()
#41 /home/skytech/ISP-BILLING-main/vendor/laravel/framework/src/Illuminate/Routing/Router.php(753): Illuminate\\Routing\\Router->dispatchToRoute()
#42 /home/skytech/ISP-BILLING-main/vendor/laravel/framework/src/Illuminate/Foundation/Http/Kernel.php(200): Illuminate\\Routing\\Router->dispatch()
#43 /home/skytech/ISP-BILLING-main/vendor/laravel/framework/src/Illuminate/Pipeline/Pipeline.php(180): Illuminate\\Foundation\\Http\\Kernel->Illuminate\\Foundation\\Http\\{closure}()
#44 /home/skytech/ISP-BILLING-main/vendor/livewire/livewire/src/Features/SupportDisablingBackButtonCache/DisableBackButtonCacheMiddleware.php(19): Illuminate\\Pipeline\\Pipeline->Illuminate\\Pipeline\\{closure}()
#45 /home/skytech/ISP-BILLING-main/vendor/laravel/framework/src/Illuminate/Pipeline/Pipeline.php(219): Livewire\\Features\\SupportDisablingBackButtonCache\\DisableBackButtonCacheMiddleware->handle()
#46 /home/skytech/ISP-BILLING-main/app/Http/Middleware/CheckSiteStatus.php(55): Illuminate\\Pipeline\\Pipeline->Illuminate\\Pipeline\\{closure}()
#47 /home/skytech/ISP-BILLING-main/vendor/laravel/framework/src/Illuminate/Pipeline/Pipeline.php(219): App\\Http\\Middleware\\CheckSiteStatus->handle()
#48 /home/skytech/ISP-BILLING-main/vendor/laravel/framework/src/Illuminate/Foundation/Http/Middleware/TransformsRequest.php(21): Illuminate\\Pipeline\\Pipeline->Illuminate\\Pipeline\\{closure}()
#49 /home/skytech/ISP-BILLING-main/vendor/laravel/framework/src/Illuminate/Foundation/Http/Middleware/ConvertEmptyStringsToNull.php(31): Illuminate\\Foundation\\Http\\Middleware\\TransformsRequest->handle()
#50 /home/skytech/ISP-BILLING-main/vendor/laravel/framework/src/Illuminate/Pipeline/Pipeline.php(219): Illuminate\\Foundation\\Http\\Middleware\\ConvertEmptyStringsToNull->handle()
#51 /home/skytech/ISP-BILLING-main/vendor/laravel/framework/src/Illuminate/Foundation/Http/Middleware/TransformsRequest.php(21): Illuminate\\Pipeline\\Pipeline->Illuminate\\Pipeline\\{closure}()
#52 /home/skytech/ISP-BILLING-main/vendor/laravel/framework/src/Illuminate/Foundation/Http/Middleware/TrimStrings.php(51): Illuminate\\Foundation\\Http\\Middleware\\TransformsRequest->handle()
#53 /home/skytech/ISP-BILLING-main/vendor/laravel/framework/src/Illuminate/Pipeline/Pipeline.php(219): Illuminate\\Foundation\\Http\\Middleware\\TrimStrings->handle()
#54 /home/skytech/ISP-BILLING-main/vendor/laravel/framework/src/Illuminate/Http/Middleware/ValidatePostSize.php(27): Illuminate\\Pipeline\\Pipeline->Illuminate\\Pipeline\\{closure}()
#55 /home/skytech/ISP-BILLING-main/vendor/laravel/framework/src/Illuminate/Pipeline/Pipeline.php(219): Illuminate\\Http\\Middleware\\ValidatePostSize->handle()
#56 /home/skytech/ISP-BILLING-main/vendor/laravel/framework/src/Illuminate/Foundation/Http/Middleware/PreventRequestsDuringMaintenance.php(109): Illuminate\\Pipeline\\Pipeline->Illuminate\\Pipeline\\{closure}()
#57 /home/skytech/ISP-BILLING-main/vendor/laravel/framework/src/Illuminate/Pipeline/Pipeline.php(219): Illuminate\\Foundation\\Http\\Middleware\\PreventRequestsDuringMaintenance->handle()
#58 /home/skytech/ISP-BILLING-main/vendor/laravel/framework/src/Illuminate/Http/Middleware/HandleCors.php(61): Illuminate\\Pipeline\\Pipeline->Illuminate\\Pipeline\\{closure}()
#59 /home/skytech/ISP-BILLING-main/vendor/laravel/framework/src/Illuminate/Pipeline/Pipeline.php(219): Illuminate\\Http\\Middleware\\HandleCors->handle()
#60 /home/skytech/ISP-BILLING-main/vendor/laravel/framework/src/Illuminate/Http/Middleware/TrustProxies.php(58): Illuminate\\Pipeline\\Pipeline->Illuminate\\Pipeline\\{closure}()
#61 /home/skytech/ISP-BILLING-main/vendor/laravel/framework/src/Illuminate/Pipeline/Pipeline.php(219): Illuminate\\Http\\Middleware\\TrustProxies->handle()
#62 /home/skytech/ISP-BILLING-main/vendor/laravel/framework/src/Illuminate/Foundation/Http/Middleware/InvokeDeferredCallbacks.php(22): Illuminate\\Pipeline\\Pipeline->Illuminate\\Pipeline\\{closure}()
#63 /home/skytech/ISP-BILLING-main/vendor/laravel/framework/src/Illuminate/Pipeline/Pipeline.php(219): Illuminate\\Foundation\\Http\\Middleware\\InvokeDeferredCallbacks->handle()
#64 /home/skytech/ISP-BILLING-main/vendor/laravel/framework/src/Illuminate/Http/Middleware/ValidatePathEncoding.php(26): Illuminate\\Pipeline\\Pipeline->Illuminate\\Pipeline\\{closure}()
#65 /home/skytech/ISP-BILLING-main/vendor/laravel/framework/src/Illuminate/Pipeline/Pipeline.php(219): Illuminate\\Http\\Middleware\\ValidatePathEncoding->handle()
#66 /home/skytech/ISP-BILLING-main/vendor/laravel/framework/src/Illuminate/Pipeline/Pipeline.php(137): Illuminate\\Pipeline\\Pipeline->Illuminate\\Pipeline\\{closure}()
#67 /home/skytech/ISP-BILLING-main/vendor/laravel/framework/src/Illuminate/Foundation/Http/Kernel.php(175): Illuminate\\Pipeline\\Pipeline->then()
#68 /home/skytech/ISP-BILLING-main/vendor/laravel/framework/src/Illuminate/Foundation/Http/Kernel.php(144): Illuminate\\Foundation\\Http\\Kernel->sendRequestThroughRouter()
#69 /home/skytech/ISP-BILLING-main/vendor/laravel/framework/src/Illuminate/Foundation/Application.php(1220): Illuminate\\Foundation\\Http\\Kernel->handle()
#70 /home/skytech/ISP-BILLING-main/public/index.php(20): Illuminate\\Foundation\\Application->handleRequest()
#71 {main}
"} 
[2026-09-25 10:12:59] production.ERROR: SQLSTATE[42000]: Syntax error or access violation: 1059 Identifier name 'hotspot_activation_attempts_hotspot_purchase_request_id_attempt_number_index' is too long (Connection: mysql, Host: 127.0.0.1, Port: 3306, Database: skytech_billing, SQL: alter table `hotspot_activation_attempts` add index `hotspot_activation_attempts_hotspot_purchase_request_id_attempt_number_index`(`hotspot_purchase_request_id`, `attempt_number`)) {"exception":"[object] (Illuminate\\Database\\QueryException(code: 42000): SQLSTATE[42000]: Syntax error or access violation: 1059 Identifier name 'hotspot_activation_attempts_hotspot_purchase_request_id_attempt_number_index' is too long (Connection: mysql, Host: 127.0.0.1, Port: 3306, Database: skytech_billing, SQL: alter table `hotspot_activation_attempts` add index `hotspot_activation_attempts_hotspot_purchase_request_id_attempt_number_index`(`hotspot_purchase_request_id`, `attempt_number`)) at /home/skytech/ISP-BILLING-main/vendor/laravel/framework/src/Illuminate/Database/Connection.php:838)
[stacktrace]
#0 /home/skytech/ISP-BILLING-main/vendor/laravel/framework/src/Illuminate/Database/Connection.php(794): Illuminate\\Database\\Connection->runQueryCallback()
#1 /home/skytech/ISP-BILLING-main/vendor/laravel/framework/src/Illuminate/Database/Connection.php(573): Illuminate\\Database\\Connection->run()
#2 /home/skytech/ISP-BILLING-main/vendor/laravel/framework/src/Illuminate/Database/Schema/Blueprint.php(121): Illuminate\\Database\\Connection->statement()
#3 /home/skytech/ISP-BILLING-main/vendor/laravel/framework/src/Illuminate/Database/Schema/Builder.php(686): Illuminate\\Database\\Schema\\Blueprint->build()
#4 /home/skytech/ISP-BILLING-main/vendor/laravel/framework/src/Illuminate/Database/Schema/Builder.php(506): Illuminate\\Database\\Schema\\Builder->build()
#5 /home/skytech/ISP-BILLING-main/vendor/laravel/framework/src/Illuminate/Support/Facades/Facade.php(363): Illuminate\\Database\\Schema\\Builder->create()
#6 /home/skytech/ISP-BILLING-main/database/migrations/2026_09_25_101057_create_hotspot_activation_attempts_table.php(11): Illuminate\\Support\\Facades\\Facade::__callStatic()
#7 /home/skytech/ISP-BILLING-main/vendor/laravel/framework/src/Illuminate/Database/Migrations/Migrator.php(517): Illuminate\\Database\\Migrations\\Migration@anonymous->up()
#8 /home/skytech/ISP-BILLING-main/vendor/laravel/framework/src/Illuminate/Database/Migrations/Migrator.php(442): Illuminate\\Database\\Migrations\\Migrator->runMethod()
#9 /home/skytech/ISP-BILLING-main/vendor/laravel/framework/src/Illuminate/Database/Migrations/Migrator.php(451): Illuminate\\Database\\Migrations\\Migrator->Illuminate\\Database\\Migrations\\{closure}()
#10 /home/skytech/ISP-BILLING-main/vendor/laravel/framework/src/Illuminate/Database/Migrations/Migrator.php(253): Illuminate\\Database\\Migrations\\Migrator->runMigration()
#11 /home/skytech/ISP-BILLING-main/vendor/laravel/framework/src/Illuminate/Console/View/Components/Task.php(41): Illuminate\\Database\\Migrations\\Migrator->Illuminate\\Database\\Migrations\\{closure}()
#12 /home/skytech/ISP-BILLING-main/vendor/laravel/framework/src/Illuminate/Database/Migrations/Migrator.php(814): Illuminate\\Console\\View\\Components\\Task->render()
#13 /home/skytech/ISP-BILLING-main/vendor/laravel/framework/src/Illuminate/Database/Migrations/Migrator.php(253): Illuminate\\Database\\Migrations\\Migrator->write()
#14 /home/skytech/ISP-BILLING-main/vendor/laravel/framework/src/Illuminate/Database/Migrations/Migrator.php(211): Illuminate\\Database\\Migrations\\Migrator->runUp()
#15 /home/skytech/ISP-BILLING-main/vendor/laravel/framework/src/Illuminate/Database/Migrations/Migrator.php(138): Illuminate\\Database\\Migrations\\Migrator->runPending()
#16 /home/skytech/ISP-BILLING-main/vendor/laravel/framework/src/Illuminate/Database/Console/Migrations/MigrateCommand.php(116): Illuminate\\Database\\Migrations\\Migrator->run()
#17 /home/skytech/ISP-BILLING-main/vendor/laravel/framework/src/Illuminate/Database/Migrations/Migrator.php(671): Illuminate\\Database\\Console\\Migrations\\MigrateCommand->Illuminate\\Database\\Console\\Migrations\\{closure}()
#18 /home/skytech/ISP-BILLING-main/vendor/laravel/framework/src/Illuminate/Database/Console/Migrations/MigrateCommand.php(109): Illuminate\\Database\\Migrations\\Migrator->usingConnection()
#19 /home/skytech/ISP-BILLING-main/vendor/laravel/framework/src/Illuminate/Database/Console/Migrations/MigrateCommand.php(88): Illuminate\\Database\\Console\\Migrations\\MigrateCommand->runMigrations()
#20 /home/skytech/ISP-BILLING-main/vendor/laravel/framework/src/Illuminate/Container/BoundMethod.php(36): Illuminate\\Database\\Console\\Migrations\\MigrateCommand->handle()
#21 /home/skytech/ISP-BILLING-main/vendor/laravel/framework/src/Illuminate/Container/Util.php(43): Illuminate\\Container\\BoundMethod::Illuminate\\Container\\{closure}()
#22 /home/skytech/ISP-BILLING-main/vendor/laravel/framework/src/Illuminate/Container/BoundMethod.php(96): Illuminate\\Container\\Util::unwrapIfClosure()
#23 /home/skytech/ISP-BILLING-main/vendor/laravel/framework/src/Illuminate/Container/BoundMethod.php(35): Illuminate\\Container\\BoundMethod::callBoundMethod()
#24 /home/skytech/ISP-BILLING-main/vendor/laravel/framework/src/Illuminate/Container/Container.php(799): Illuminate\\Container\\BoundMethod::call()
#25 /home/skytech/ISP-BILLING-main/vendor/laravel/framework/src/Illuminate/Console/Command.php(211): Illuminate\\Container\\Container->call()
#26 /home/skytech/ISP-BILLING-main/vendor/symfony/console/Command/Command.php(341): Illuminate\\Console\\Command->execute()
#27 /home/skytech/ISP-BILLING-main/vendor/laravel/framework/src/Illuminate/Console/Command.php(180): Symfony\\Component\\Console\\Command\\Command->run()
#28 /home/skytech/ISP-BILLING-main/vendor/symfony/console/Application.php(1117): Illuminate\\Console\\Command->run()
#29 /home/skytech/ISP-BILLING-main/vendor/symfony/console/Application.php(356): Symfony\\Component\\Console\\Application->doRunCommand()
#30 /home/skytech/ISP-BILLING-main/vendor/symfony/console/Application.php(195): Symfony\\Component\\Console\\Application->doRun()
#31 /home/skytech/ISP-BILLING-main/vendor/laravel/framework/src/Illuminate/Foundation/Console/Kernel.php(198): Symfony\\Component\\Console\\Application->run()
#32 /home/skytech/ISP-BILLING-main/vendor/laravel/framework/src/Illuminate/Foundation/Application.php(1235): Illuminate\\Foundation\\Console\\Kernel->handle()
#33 /home/skytech/ISP-BILLING-main/artisan(16): Illuminate\\Foundation\\Application->handleCommand()
#34 {main}

[previous exception] [object] (PDOException(code: 42000): SQLSTATE[42000]: Syntax error or access violation: 1059 Identifier name 'hotspot_activation_attempts_hotspot_purchase_request_id_attempt_number_index' is too long at /home/skytech/ISP-BILLING-main/vendor/laravel/framework/src/Illuminate/Database/Connection.php:584)
[stacktrace]
#0 /home/skytech/ISP-BILLING-main/vendor/laravel/framework/src/Illuminate/Database/Connection.php(584): PDOStatement->execute()
#1 /home/skytech/ISP-BILLING-main/vendor/laravel/framework/src/Illuminate/Database/Connection.php(827): Illuminate\\Database\\Connection->Illuminate\\Database\\{closure}()
#2 /home/skytech/ISP-BILLING-main/vendor/laravel/framework/src/Illuminate/Database/Connection.php(794): Illuminate\\Database\\Connection->runQueryCallback()
#3 /home/skytech/ISP-BILLING-main/vendor/laravel/framework/src/Illuminate/Database/Connection.php(573): Illuminate\\Database\\Connection->run()
#4 /home/skytech/ISP-BILLING-main/vendor/laravel/framework/src/Illuminate/Database/Schema/Blueprint.php(121): Illuminate\\Database\\Connection->statement()
#5 /home/skytech/ISP-BILLING-main/vendor/laravel/framework/src/Illuminate/Database/Schema/Builder.php(686): Illuminate\\Database\\Schema\\Blueprint->build()
#6 /home/skytech/ISP-BILLING-main/vendor/laravel/framework/src/Illuminate/Database/Schema/Builder.php(506): Illuminate\\Database\\Schema\\Builder->build()
#7 /home/skytech/ISP-BILLING-main/vendor/laravel/framework/src/Illuminate/Support/Facades/Facade.php(363): Illuminate\\Database\\Schema\\Builder->create()
#8 /home/skytech/ISP-BILLING-main/database/migrations/2026_09_25_101057_create_hotspot_activation_attempts_table.php(11): Illuminate\\Support\\Facades\\Facade::__callStatic()
#9 /home/skytech/ISP-BILLING-main/vendor/laravel/framework/src/Illuminate/Database/Migrations/Migrator.php(517): Illuminate\\Database\\Migrations\\Migration@anonymous->up()
#10 /home/skytech/ISP-BILLING-main/vendor/laravel/framework/src/Illuminate/Database/Migrations/Migrator.php(442): Illuminate\\Database\\Migrations\\Migrator->runMethod()
#11 /home/skytech/ISP-BILLING-main/vendor/laravel/framework/src/Illuminate/Database/Migrations/Migrator.php(451): Illuminate\\Database\\Migrations\\Migrator->Illuminate\\Database\\Migrations\\{closure}()
#12 /home/skytech/ISP-BILLING-main/vendor/laravel/framework/src/Illuminate/Database/Migrations/Migrator.php(253): Illuminate\\Database\\Migrations\\Migrator->runMigration()
#13 /home/skytech/ISP-BILLING-main/vendor/laravel/framework/src/Illuminate/Console/View/Components/Task.php(41): Illuminate\\Database\\Migrations\\Migrator->Illuminate\\Database\\Migrations\\{closure}()
#14 /home/skytech/ISP-BILLING-main/vendor/laravel/framework/src/Illuminate/Database/Migrations/Migrator.php(814): Illuminate\\Console\\View\\Components\\Task->render()
#15 /home/skytech/ISP-BILLING-main/vendor/laravel/framework/src/Illuminate/Database/Migrations/Migrator.php(253): Illuminate\\Database\\Migrations\\Migrator->write()
#16 /home/skytech/ISP-BILLING-main/vendor/laravel/framework/src/Illuminate/Database/Migrations/Migrator.php(211): Illuminate\\Database\\Migrations\\Migrator->runUp()
#17 /home/skytech/ISP-BILLING-main/vendor/laravel/framework/src/Illuminate/Database/Migrations/Migrator.php(138): Illuminate\\Database\\Migrations\\Migrator->runPending()
#18 /home/skytech/ISP-BILLING-main/vendor/laravel/framework/src/Illuminate/Database/Console/Migrations/MigrateCommand.php(116): Illuminate\\Database\\Migrations\\Migrator->run()
#19 /home/skytech/ISP-BILLING-main/vendor/laravel/framework/src/Illuminate/Database/Migrations/Migrator.php(671): Illuminate\\Database\\Console\\Migrations\\MigrateCommand->Illuminate\\Database\\Console\\Migrations\\{closure}()
#20 /home/skytech/ISP-BILLING-main/vendor/laravel/framework/src/Illuminate/Database/Console/Migrations/MigrateCommand.php(109): Illuminate\\Database\\Migrations\\Migrator->usingConnection()
#21 /home/skytech/ISP-BILLING-main/vendor/laravel/framework/src/Illuminate/Database/Console/Migrations/MigrateCommand.php(88): Illuminate\\Database\\Console\\Migrations\\MigrateCommand->runMigrations()
#22 /home/skytech/ISP-BILLING-main/vendor/laravel/framework/src/Illuminate/Container/BoundMethod.php(36): Illuminate\\Database\\Console\\Migrations\\MigrateCommand->handle()
#23 /home/skytech/ISP-BILLING-main/vendor/laravel/framework/src/Illuminate/Container/Util.php(43): Illuminate\\Container\\BoundMethod::Illuminate\\Container\\{closure}()
#24 /home/skytech/ISP-BILLING-main/vendor/laravel/framework/src/Illuminate/Container/BoundMethod.php(96): Illuminate\\Container\\Util::unwrapIfClosure()
#25 /home/skytech/ISP-BILLING-main/vendor/laravel/framework/src/Illuminate/Container/BoundMethod.php(35): Illuminate\\Container\\BoundMethod::callBoundMethod()
#26 /home/skytech/ISP-BILLING-main/vendor/laravel/framework/src/Illuminate/Container/Container.php(799): Illuminate\\Container\\BoundMethod::call()
#27 /home/skytech/ISP-BILLING-main/vendor/laravel/framework/src/Illuminate/Console/Command.php(211): Illuminate\\Container\\Container->call()
#28 /home/skytech/ISP-BILLING-main/vendor/symfony/console/Command/Command.php(341): Illuminate\\Console\\Command->execute()
#29 /home/skytech/ISP-BILLING-main/vendor/laravel/framework/src/Illuminate/Console/Command.php(180): Symfony\\Component\\Console\\Command\\Command->run()
#30 /home/skytech/ISP-BILLING-main/vendor/symfony/console/Application.php(1117): Illuminate\\Console\\Command->run()
#31 /home/skytech/ISP-BILLING-main/vendor/symfony/console/Application.php(356): Symfony\\Component\\Console\\Application->doRunCommand()
#32 /home/skytech/ISP-BILLING-main/vendor/symfony/console/Application.php(195): Symfony\\Component\\Console\\Application->doRun()
#33 /home/skytech/ISP-BILLING-main/vendor/laravel/framework/src/Illuminate/Foundation/Console/Kernel.php(198): Symfony\\Component\\Console\\Application->run()
#34 /home/skytech/ISP-BILLING-main/vendor/laravel/framework/src/Illuminate/Foundation/Application.php(1235): Illuminate\\Foundation\\Console\\Kernel->handle()
#35 /home/skytech/ISP-BILLING-main/artisan(16): Illuminate\\Foundation\\Application->handleCommand()
#36 {main}
"} 
[2026-09-25 10:14:31] production.ERROR: SQLSTATE[42S01]: Base table or view already exists: 1050 Table 'hotspot_activation_attempts' already exists (Connection: mysql, Host: 127.0.0.1, Port: 3306, Database: skytech_billing, SQL: create table `hotspot_activation_attempts` (`id` bigint unsigned not null auto_increment primary key, `hotspot_purchase_request_id` bigint unsigned not null, `router_name` varchar(255) not null, `mac_address` varchar(64) not null, `attempt_number` int unsigned not null default '1', `status` varchar(30) not null default 'pending', `started_at` timestamp null, `completed_at` timestamp null, `error_message` text null, `request_payload` json null, `response_payload` json null, `created_at` timestamp null, `updated_at` timestamp null) default character set utf8mb4 collate 'utf8mb4_unicode_ci') {"exception":"[object] (Illuminate\\Database\\QueryException(code: 42S01): SQLSTATE[42S01]: Base table or view already exists: 1050 Table 'hotspot_activation_attempts' already exists (Connection: mysql, Host: 127.0.0.1, Port: 3306, Database: skytech_billing, SQL: create table `hotspot_activation_attempts` (`id` bigint unsigned not null auto_increment primary key, `hotspot_purchase_request_id` bigint unsigned not null, `router_name` varchar(255) not null, `mac_address` varchar(64) not null, `attempt_number` int unsigned not null default '1', `status` varchar(30) not null default 'pending', `started_at` timestamp null, `completed_at` timestamp null, `error_message` text null, `request_payload` json null, `response_payload` json null, `created_at` timestamp null, `updated_at` timestamp null) default character set utf8mb4 collate 'utf8mb4_unicode_ci') at /home/skytech/ISP-BILLING-main/vendor/laravel/framework/src/Illuminate/Database/Connection.php:838)
[stacktrace]
#0 /home/skytech/ISP-BILLING-main/vendor/laravel/framework/src/Illuminate/Database/Connection.php(794): Illuminate\\Database\\Connection->runQueryCallback()
#1 /home/skytech/ISP-BILLING-main/vendor/laravel/framework/src/Illuminate/Database/Connection.php(573): Illuminate\\Database\\Connection->run()
#2 /home/skytech/ISP-BILLING-main/vendor/laravel/framework/src/Illuminate/Database/Schema/Blueprint.php(121): Illuminate\\Database\\Connection->statement()
#3 /home/skytech/ISP-BILLING-main/vendor/laravel/framework/src/Illuminate/Database/Schema/Builder.php(686): Illuminate\\Database\\Schema\\Blueprint->build()
#4 /home/skytech/ISP-BILLING-main/vendor/laravel/framework/src/Illuminate/Database/Schema/Builder.php(506): Illuminate\\Database\\Schema\\Builder->build()
#5 /home/skytech/ISP-BILLING-main/vendor/laravel/framework/src/Illuminate/Support/Facades/Facade.php(363): Illuminate\\Database\\Schema\\Builder->create()
#6 /home/skytech/ISP-BILLING-main/database/migrations/2026_09_25_101057_create_hotspot_activation_attempts_table.php(11): Illuminate\\Support\\Facades\\Facade::__callStatic()
#7 /home/skytech/ISP-BILLING-main/vendor/laravel/framework/src/Illuminate/Database/Migrations/Migrator.php(517): Illuminate\\Database\\Migrations\\Migration@anonymous->up()
#8 /home/skytech/ISP-BILLING-main/vendor/laravel/framework/src/Illuminate/Database/Migrations/Migrator.php(442): Illuminate\\Database\\Migrations\\Migrator->runMethod()
#9 /home/skytech/ISP-BILLING-main/vendor/laravel/framework/src/Illuminate/Database/Migrations/Migrator.php(451): Illuminate\\Database\\Migrations\\Migrator->Illuminate\\Database\\Migrations\\{closure}()
#10 /home/skytech/ISP-BILLING-main/vendor/laravel/framework/src/Illuminate/Database/Migrations/Migrator.php(253): Illuminate\\Database\\Migrations\\Migrator->runMigration()
#11 /home/skytech/ISP-BILLING-main/vendor/laravel/framework/src/Illuminate/Console/View/Components/Task.php(41): Illuminate\\Database\\Migrations\\Migrator->Illuminate\\Database\\Migrations\\{closure}()
#12 /home/skytech/ISP-BILLING-main/vendor/laravel/framework/src/Illuminate/Database/Migrations/Migrator.php(814): Illuminate\\Console\\View\\Components\\Task->render()
#13 /home/skytech/ISP-BILLING-main/vendor/laravel/framework/src/Illuminate/Database/Migrations/Migrator.php(253): Illuminate\\Database\\Migrations\\Migrator->write()
#14 /home/skytech/ISP-BILLING-main/vendor/laravel/framework/src/Illuminate/Database/Migrations/Migrator.php(211): Illuminate\\Database\\Migrations\\Migrator->runUp()
#15 /home/skytech/ISP-BILLING-main/vendor/laravel/framework/src/Illuminate/Database/Migrations/Migrator.php(138): Illuminate\\Database\\Migrations\\Migrator->runPending()
#16 /home/skytech/ISP-BILLING-main/vendor/laravel/framework/src/Illuminate/Database/Console/Migrations/MigrateCommand.php(116): Illuminate\\Database\\Migrations\\Migrator->run()
#17 /home/skytech/ISP-BILLING-main/vendor/laravel/framework/src/Illuminate/Database/Migrations/Migrator.php(671): Illuminate\\Database\\Console\\Migrations\\MigrateCommand->Illuminate\\Database\\Console\\Migrations\\{closure}()
#18 /home/skytech/ISP-BILLING-main/vendor/laravel/framework/src/Illuminate/Database/Console/Migrations/MigrateCommand.php(109): Illuminate\\Database\\Migrations\\Migrator->usingConnection()
#19 /home/skytech/ISP-BILLING-main/vendor/laravel/framework/src/Illuminate/Database/Console/Migrations/MigrateCommand.php(88): Illuminate\\Database\\Console\\Migrations\\MigrateCommand->runMigrations()
#20 /home/skytech/ISP-BILLING-main/vendor/laravel/framework/src/Illuminate/Container/BoundMethod.php(36): Illuminate\\Database\\Console\\Migrations\\MigrateCommand->handle()
#21 /home/skytech/ISP-BILLING-main/vendor/laravel/framework/src/Illuminate/Container/Util.php(43): Illuminate\\Container\\BoundMethod::Illuminate\\Container\\{closure}()
#22 /home/skytech/ISP-BILLING-main/vendor/laravel/framework/src/Illuminate/Container/BoundMethod.php(96): Illuminate\\Container\\Util::unwrapIfClosure()
#23 /home/skytech/ISP-BILLING-main/vendor/laravel/framework/src/Illuminate/Container/BoundMethod.php(35): Illuminate\\Container\\BoundMethod::callBoundMethod()
#24 /home/skytech/ISP-BILLING-main/vendor/laravel/framework/src/Illuminate/Container/Container.php(799): Illuminate\\Container\\BoundMethod::call()
#25 /home/skytech/ISP-BILLING-main/vendor/laravel/framework/src/Illuminate/Console/Command.php(211): Illuminate\\Container\\Container->call()
#26 /home/skytech/ISP-BILLING-main/vendor/symfony/console/Command/Command.php(341): Illuminate\\Console\\Command->execute()
#27 /home/skytech/ISP-BILLING-main/vendor/laravel/framework/src/Illuminate/Console/Command.php(180): Symfony\\Component\\Console\\Command\\Command->run()
#28 /home/skytech/ISP-BILLING-main/vendor/symfony/console/Application.php(1117): Illuminate\\Console\\Command->run()
#29 /home/skytech/ISP-BILLING-main/vendor/symfony/console/Application.php(356): Symfony\\Component\\Console\\Application->doRunCommand()
#30 /home/skytech/ISP-BILLING-main/vendor/symfony/console/Application.php(195): Symfony\\Component\\Console\\Application->doRun()
#31 /home/skytech/ISP-BILLING-main/vendor/laravel/framework/src/Illuminate/Foundation/Console/Kernel.php(198): Symfony\\Component\\Console\\Application->run()
#32 /home/skytech/ISP-BILLING-main/vendor/laravel/framework/src/Illuminate/Foundation/Application.php(1235): Illuminate\\Foundation\\Console\\Kernel->handle()
#33 /home/skytech/ISP-BILLING-main/artisan(16): Illuminate\\Foundation\\Application->handleCommand()
#34 {main}

[previous exception] [object] (PDOException(code: 42S01): SQLSTATE[42S01]: Base table or view already exists: 1050 Table 'hotspot_activation_attempts' already exists at /home/skytech/ISP-BILLING-main/vendor/laravel/framework/src/Illuminate/Database/Connection.php:584)
[stacktrace]
#0 /home/skytech/ISP-BILLING-main/vendor/laravel/framework/src/Illuminate/Database/Connection.php(584): PDOStatement->execute()
#1 /home/skytech/ISP-BILLING-main/vendor/laravel/framework/src/Illuminate/Database/Connection.php(827): Illuminate\\Database\\Connection->Illuminate\\Database\\{closure}()
#2 /home/skytech/ISP-BILLING-main/vendor/laravel/framework/src/Illuminate/Database/Connection.php(794): Illuminate\\Database\\Connection->runQueryCallback()
#3 /home/skytech/ISP-BILLING-main/vendor/laravel/framework/src/Illuminate/Database/Connection.php(573): Illuminate\\Database\\Connection->run()
#4 /home/skytech/ISP-BILLING-main/vendor/laravel/framework/src/Illuminate/Database/Schema/Blueprint.php(121): Illuminate\\Database\\Connection->statement()
#5 /home/skytech/ISP-BILLING-main/vendor/laravel/framework/src/Illuminate/Database/Schema/Builder.php(686): Illuminate\\Database\\Schema\\Blueprint->build()
#6 /home/skytech/ISP-BILLING-main/vendor/laravel/framework/src/Illuminate/Database/Schema/Builder.php(506): Illuminate\\Database\\Schema\\Builder->build()
#7 /home/skytech/ISP-BILLING-main/vendor/laravel/framework/src/Illuminate/Support/Facades/Facade.php(363): Illuminate\\Database\\Schema\\Builder->create()
#8 /home/skytech/ISP-BILLING-main/database/migrations/2026_09_25_101057_create_hotspot_activation_attempts_table.php(11): Illuminate\\Support\\Facades\\Facade::__callStatic()
#9 /home/skytech/ISP-BILLING-main/vendor/laravel/framework/src/Illuminate/Database/Migrations/Migrator.php(517): Illuminate\\Database\\Migrations\\Migration@anonymous->up()
#10 /home/skytech/ISP-BILLING-main/vendor/laravel/framework/src/Illuminate/Database/Migrations/Migrator.php(442): Illuminate\\Database\\Migrations\\Migrator->runMethod()
#11 /home/skytech/ISP-BILLING-main/vendor/laravel/framework/src/Illuminate/Database/Migrations/Migrator.php(451): Illuminate\\Database\\Migrations\\Migrator->Illuminate\\Database\\Migrations\\{closure}()
#12 /home/skytech/ISP-BILLING-main/vendor/laravel/framework/src/Illuminate/Database/Migrations/Migrator.php(253): Illuminate\\Database\\Migrations\\Migrator->runMigration()
#13 /home/skytech/ISP-BILLING-main/vendor/laravel/framework/src/Illuminate/Console/View/Components/Task.php(41): Illuminate\\Database\\Migrations\\Migrator->Illuminate\\Database\\Migrations\\{closure}()
#14 /home/skytech/ISP-BILLING-main/vendor/laravel/framework/src/Illuminate/Database/Migrations/Migrator.php(814): Illuminate\\Console\\View\\Components\\Task->render()
#15 /home/skytech/ISP-BILLING-main/vendor/laravel/framework/src/Illuminate/Database/Migrations/Migrator.php(253): Illuminate\\Database\\Migrations\\Migrator->write()
#16 /home/skytech/ISP-BILLING-main/vendor/laravel/framework/src/Illuminate/Database/Migrations/Migrator.php(211): Illuminate\\Database\\Migrations\\Migrator->runUp()
#17 /home/skytech/ISP-BILLING-main/vendor/laravel/framework/src/Illuminate/Database/Migrations/Migrator.php(138): Illuminate\\Database\\Migrations\\Migrator->runPending()
#18 /home/skytech/ISP-BILLING-main/vendor/laravel/framework/src/Illuminate/Database/Console/Migrations/MigrateCommand.php(116): Illuminate\\Database\\Migrations\\Migrator->run()
#19 /home/skytech/ISP-BILLING-main/vendor/laravel/framework/src/Illuminate/Database/Migrations/Migrator.php(671): Illuminate\\Database\\Console\\Migrations\\MigrateCommand->Illuminate\\Database\\Console\\Migrations\\{closure}()
#20 /home/skytech/ISP-BILLING-main/vendor/laravel/framework/src/Illuminate/Database/Console/Migrations/MigrateCommand.php(109): Illuminate\\Database\\Migrations\\Migrator->usingConnection()
#21 /home/skytech/ISP-BILLING-main/vendor/laravel/framework/src/Illuminate/Database/Console/Migrations/MigrateCommand.php(88): Illuminate\\Database\\Console\\Migrations\\MigrateCommand->runMigrations()
#22 /home/skytech/ISP-BILLING-main/vendor/laravel/framework/src/Illuminate/Container/BoundMethod.php(36): Illuminate\\Database\\Console\\Migrations\\MigrateCommand->handle()
#23 /home/skytech/ISP-BILLING-main/vendor/laravel/framework/src/Illuminate/Container/Util.php(43): Illuminate\\Container\\BoundMethod::Illuminate\\Container\\{closure}()
#24 /home/skytech/ISP-BILLING-main/vendor/laravel/framework/src/Illuminate/Container/BoundMethod.php(96): Illuminate\\Container\\Util::unwrapIfClosure()
#25 /home/skytech/ISP-BILLING-main/vendor/laravel/framework/src/Illuminate/Container/BoundMethod.php(35): Illuminate\\Container\\BoundMethod::callBoundMethod()
#26 /home/skytech/ISP-BILLING-main/vendor/laravel/framework/src/Illuminate/Container/Container.php(799): Illuminate\\Container\\BoundMethod::call()
#27 /home/skytech/ISP-BILLING-main/vendor/laravel/framework/src/Illuminate/Console/Command.php(211): Illuminate\\Container\\Container->call()
#28 /home/skytech/ISP-BILLING-main/vendor/symfony/console/Command/Command.php(341): Illuminate\\Console\\Command->execute()
#29 /home/skytech/ISP-BILLING-main/vendor/laravel/framework/src/Illuminate/Console/Command.php(180): Symfony\\Component\\Console\\Command\\Command->run()
#30 /home/skytech/ISP-BILLING-main/vendor/symfony/console/Application.php(1117): Illuminate\\Console\\Command->run()
#31 /home/skytech/ISP-BILLING-main/vendor/symfony/console/Application.php(356): Symfony\\Component\\Console\\Application->doRunCommand()
#32 /home/skytech/ISP-BILLING-main/vendor/symfony/console/Application.php(195): Symfony\\Component\\Console\\Application->doRun()
#33 /home/skytech/ISP-BILLING-main/vendor/laravel/framework/src/Illuminate/Foundation/Console/Kernel.php(198): Symfony\\Component\\Console\\Application->run()
#34 /home/skytech/ISP-BILLING-main/vendor/laravel/framework/src/Illuminate/Foundation/Application.php(1235): Illuminate\\Foundation\\Console\\Kernel->handle()
#35 /home/skytech/ISP-BILLING-main/artisan(16): Illuminate\\Foundation\\Application->handleCommand()
#36 {main}
"} 
[2026-09-25 10:23:19] production.ERROR: Route [filament.portal.pages.dashboard] not defined. {"userId":1,"exception":"[object] (Symfony\\Component\\Routing\\Exception\\RouteNotFoundException(code: 0): Route [filament.portal.pages.dashboard] not defined. at /home/skytech/ISP-BILLING-main/vendor/laravel/framework/src/Illuminate/Routing/UrlGenerator.php:534)
[stacktrace]
#0 /home/skytech/ISP-BILLING-main/vendor/laravel/framework/src/Illuminate/Foundation/helpers.php(870): Illuminate\\Routing\\UrlGenerator->route()
#1 /home/skytech/ISP-BILLING-main/vendor/filament/filament/src/Pages/Page.php(108): route()
#2 /home/skytech/ISP-BILLING-main/vendor/filament/filament/src/Pages/Page.php(272): Filament\\Pages\\Page::getUrl()
#3 /home/skytech/ISP-BILLING-main/vendor/filament/filament/src/Pages/Page.php(160): Filament\\Pages\\Page::getNavigationUrl()
#4 /home/skytech/ISP-BILLING-main/vendor/filament/filament/src/Pages/Page.php(139): Filament\\Pages\\Page::getNavigationItems()
#5 /home/skytech/ISP-BILLING-main/vendor/filament/filament/src/Navigation/NavigationManager.php(194): Filament\\Pages\\Page::registerNavigationItems()
#6 /home/skytech/ISP-BILLING-main/vendor/filament/filament/src/Navigation/NavigationManager.php(54): Filament\\Navigation\\NavigationManager->mountNavigation()
#7 /home/skytech/ISP-BILLING-main/vendor/filament/filament/src/Panel/Concerns/HasRoutes.php(225): Filament\\Navigation\\NavigationManager->get()
#8 /home/skytech/ISP-BILLING-main/vendor/filament/filament/src/Http/Controllers/RedirectToHomeController.php(14): Filament\\Panel->getRedirectUrl()
#9 /home/skytech/ISP-BILLING-main/vendor/laravel/framework/src/Illuminate/Routing/ControllerDispatcher.php(46): Filament\\Http\\Controllers\\RedirectToHomeController->__invoke()
#10 /home/skytech/ISP-BILLING-main/vendor/laravel/framework/src/Illuminate/Routing/Route.php(265): Illuminate\\Routing\\ControllerDispatcher->dispatch()
#11 /home/skytech/ISP-BILLING-main/vendor/laravel/framework/src/Illuminate/Routing/Route.php(211): Illuminate\\Routing\\Route->runController()
#12 /home/skytech/ISP-BILLING-main/vendor/laravel/framework/src/Illuminate/Routing/Router.php(822): Illuminate\\Routing\\Route->run()
#13 /home/skytech/ISP-BILLING-main/vendor/laravel/framework/src/Illuminate/Pipeline/Pipeline.php(180): Illuminate\\Routing\\Router->Illuminate\\Routing\\{closure}()
#14 /home/skytech/ISP-BILLING-main/vendor/filament/filament/src/Http/Middleware/DispatchServingFilamentEvent.php(15): Illuminate\\Pipeline\\Pipeline->Illuminate\\Pipeline\\{closure}()
#15 /home/skytech/ISP-BILLING-main/vendor/laravel/framework/src/Illuminate/Pipeline/Pipeline.php(219): Filament\\Http\\Middleware\\DispatchServingFilamentEvent->handle()
#16 /home/skytech/ISP-BILLING-main/vendor/filament/filament/src/Http/Middleware/DisableBladeIconComponents.php(14): Illuminate\\Pipeline\\Pipeline->Illuminate\\Pipeline\\{closure}()
#17 /home/skytech/ISP-BILLING-main/vendor/laravel/framework/src/Illuminate/Pipeline/Pipeline.php(219): Filament\\Http\\Middleware\\DisableBladeIconComponents->handle()
#18 /home/skytech/ISP-BILLING-main/vendor/laravel/framework/src/Illuminate/Routing/Middleware/SubstituteBindings.php(50): Illuminate\\Pipeline\\Pipeline->Illuminate\\Pipeline\\{closure}()
#19 /home/skytech/ISP-BILLING-main/vendor/laravel/framework/src/Illuminate/Pipeline/Pipeline.php(219): Illuminate\\Routing\\Middleware\\SubstituteBindings->handle()
#20 /home/skytech/ISP-BILLING-main/vendor/laravel/framework/src/Illuminate/Foundation/Http/Middleware/VerifyCsrfToken.php(87): Illuminate\\Pipeline\\Pipeline->Illuminate\\Pipeline\\{closure}()
#21 /home/skytech/ISP-BILLING-main/vendor/laravel/framework/src/Illuminate/Pipeline/Pipeline.php(219): Illuminate\\Foundation\\Http\\Middleware\\VerifyCsrfToken->handle()
#22 /home/skytech/ISP-BILLING-main/vendor/laravel/framework/src/Illuminate/Session/Middleware/AuthenticateSession.php(70): Illuminate\\Pipeline\\Pipeline->Illuminate\\Pipeline\\{closure}()
#23 /home/skytech/ISP-BILLING-main/vendor/laravel/framework/src/Illuminate/Pipeline/Pipeline.php(219): Illuminate\\Session\\Middleware\\AuthenticateSession->handle()
#24 /home/skytech/ISP-BILLING-main/vendor/laravel/framework/src/Illuminate/Auth/Middleware/Authenticate.php(63): Illuminate\\Pipeline\\Pipeline->Illuminate\\Pipeline\\{closure}()
#25 /home/skytech/ISP-BILLING-main/vendor/laravel/framework/src/Illuminate/Pipeline/Pipeline.php(219): Illuminate\\Auth\\Middleware\\Authenticate->handle()
#26 /home/skytech/ISP-BILLING-main/vendor/laravel/framework/src/Illuminate/View/Middleware/ShareErrorsFromSession.php(48): Illuminate\\Pipeline\\Pipeline->Illuminate\\Pipeline\\{closure}()
#27 /home/skytech/ISP-BILLING-main/vendor/laravel/framework/src/Illuminate/Pipeline/Pipeline.php(219): Illuminate\\View\\Middleware\\ShareErrorsFromSession->handle()
#28 /home/skytech/ISP-BILLING-main/vendor/laravel/framework/src/Illuminate/Session/Middleware/StartSession.php(120): Illuminate\\Pipeline\\Pipeline->Illuminate\\Pipeline\\{closure}()
#29 /home/skytech/ISP-BILLING-main/vendor/laravel/framework/src/Illuminate/Session/Middleware/StartSession.php(63): Illuminate\\Session\\Middleware\\StartSession->handleStatefulRequest()
#30 /home/skytech/ISP-BILLING-main/vendor/laravel/framework/src/Illuminate/Pipeline/Pipeline.php(219): Illuminate\\Session\\Middleware\\StartSession->handle()
#31 /home/skytech/ISP-BILLING-main/vendor/laravel/framework/src/Illuminate/Cookie/Middleware/AddQueuedCookiesToResponse.php(36): Illuminate\\Pipeline\\Pipeline->Illuminate\\Pipeline\\{closure}()
#32 /home/skytech/ISP-BILLING-main/vendor/laravel/framework/src/Illuminate/Pipeline/Pipeline.php(219): Illuminate\\Cookie\\Middleware\\AddQueuedCookiesToResponse->handle()
#33 /home/skytech/ISP-BILLING-main/vendor/laravel/framework/src/Illuminate/Cookie/Middleware/EncryptCookies.php(74): Illuminate\\Pipeline\\Pipeline->Illuminate\\Pipeline\\{closure}()
#34 /home/skytech/ISP-BILLING-main/vendor/laravel/framework/src/Illuminate/Pipeline/Pipeline.php(219): Illuminate\\Cookie\\Middleware\\EncryptCookies->handle()
#35 /home/skytech/ISP-BILLING-main/vendor/filament/filament/src/Http/Middleware/SetUpPanel.php(19): Illuminate\\Pipeline\\Pipeline->Illuminate\\Pipeline\\{closure}()
#36 /home/skytech/ISP-BILLING-main/vendor/laravel/framework/src/Illuminate/Pipeline/Pipeline.php(219): Filament\\Http\\Middleware\\SetUpPanel->handle()
#37 /home/skytech/ISP-BILLING-main/vendor/laravel/framework/src/Illuminate/Pipeline/Pipeline.php(137): Illuminate\\Pipeline\\Pipeline->Illuminate\\Pipeline\\{closure}()
#38 /home/skytech/ISP-BILLING-main/vendor/laravel/framework/src/Illuminate/Routing/Router.php(821): Illuminate\\Pipeline\\Pipeline->then()
#39 /home/skytech/ISP-BILLING-main/vendor/laravel/framework/src/Illuminate/Routing/Router.php(800): Illuminate\\Routing\\Router->runRouteWithinStack()
#40 /home/skytech/ISP-BILLING-main/vendor/laravel/framework/src/Illuminate/Routing/Router.php(764): Illuminate\\Routing\\Router->runRoute()
#41 /home/skytech/ISP-BILLING-main/vendor/laravel/framework/src/Illuminate/Routing/Router.php(753): Illuminate\\Routing\\Router->dispatchToRoute()
#42 /home/skytech/ISP-BILLING-main/vendor/laravel/framework/src/Illuminate/Foundation/Http/Kernel.php(200): Illuminate\\Routing\\Router->dispatch()
#43 /home/skytech/ISP-BILLING-main/vendor/laravel/framework/src/Illuminate/Pipeline/Pipeline.php(180): Illuminate\\Foundation\\Http\\Kernel->Illuminate\\Foundation\\Http\\{closure}()
#44 /home/skytech/ISP-BILLING-main/vendor/livewire/livewire/src/Features/SupportDisablingBackButtonCache/DisableBackButtonCacheMiddleware.php(19): Illuminate\\Pipeline\\Pipeline->Illuminate\\Pipeline\\{closure}()
#45 /home/skytech/ISP-BILLING-main/vendor/laravel/framework/src/Illuminate/Pipeline/Pipeline.php(219): Livewire\\Features\\SupportDisablingBackButtonCache\\DisableBackButtonCacheMiddleware->handle()
#46 /home/skytech/ISP-BILLING-main/app/Http/Middleware/CheckSiteStatus.php(55): Illuminate\\Pipeline\\Pipeline->Illuminate\\Pipeline\\{closure}()
#47 /home/skytech/ISP-BILLING-main/vendor/laravel/framework/src/Illuminate/Pipeline/Pipeline.php(219): App\\Http\\Middleware\\CheckSiteStatus->handle()
#48 /home/skytech/ISP-BILLING-main/vendor/laravel/framework/src/Illuminate/Foundation/Http/Middleware/TransformsRequest.php(21): Illuminate\\Pipeline\\Pipeline->Illuminate\\Pipeline\\{closure}()
#49 /home/skytech/ISP-BILLING-main/vendor/laravel/framework/src/Illuminate/Foundation/Http/Middleware/ConvertEmptyStringsToNull.php(31): Illuminate\\Foundation\\Http\\Middleware\\TransformsRequest->handle()
#50 /home/skytech/ISP-BILLING-main/vendor/laravel/framework/src/Illuminate/Pipeline/Pipeline.php(219): Illuminate\\Foundation\\Http\\Middleware\\ConvertEmptyStringsToNull->handle()
#51 /home/skytech/ISP-BILLING-main/vendor/laravel/framework/src/Illuminate/Foundation/Http/Middleware/TransformsRequest.php(21): Illuminate\\Pipeline\\Pipeline->Illuminate\\Pipeline\\{closure}()
#52 /home/skytech/ISP-BILLING-main/vendor/laravel/framework/src/Illuminate/Foundation/Http/Middleware/TrimStrings.php(51): Illuminate\\Foundation\\Http\\Middleware\\TransformsRequest->handle()
#53 /home/skytech/ISP-BILLING-main/vendor/laravel/framework/src/Illuminate/Pipeline/Pipeline.php(219): Illuminate\\Foundation\\Http\\Middleware\\TrimStrings->handle()
#54 /home/skytech/ISP-BILLING-main/vendor/laravel/framework/src/Illuminate/Http/Middleware/ValidatePostSize.php(27): Illuminate\\Pipeline\\Pipeline->Illuminate\\Pipeline\\{closure}()
#55 /home/skytech/ISP-BILLING-main/vendor/laravel/framework/src/Illuminate/Pipeline/Pipeline.php(219): Illuminate\\Http\\Middleware\\ValidatePostSize->handle()
#56 /home/skytech/ISP-BILLING-main/vendor/laravel/framework/src/Illuminate/Foundation/Http/Middleware/PreventRequestsDuringMaintenance.php(109): Illuminate\\Pipeline\\Pipeline->Illuminate\\Pipeline\\{closure}()
#57 /home/skytech/ISP-BILLING-main/vendor/laravel/framework/src/Illuminate/Pipeline/Pipeline.php(219): Illuminate\\Foundation\\Http\\Middleware\\PreventRequestsDuringMaintenance->handle()
#58 /home/skytech/ISP-BILLING-main/vendor/laravel/framework/src/Illuminate/Http/Middleware/HandleCors.php(61): Illuminate\\Pipeline\\Pipeline->Illuminate\\Pipeline\\{closure}()
#59 /home/skytech/ISP-BILLING-main/vendor/laravel/framework/src/Illuminate/Pipeline/Pipeline.php(219): Illuminate\\Http\\Middleware\\HandleCors->handle()
#60 /home/skytech/ISP-BILLING-main/vendor/laravel/framework/src/Illuminate/Http/Middleware/TrustProxies.php(58): Illuminate\\Pipeline\\Pipeline->Illuminate\\Pipeline\\{closure}()
#61 /home/skytech/ISP-BILLING-main/vendor/laravel/framework/src/Illuminate/Pipeline/Pipeline.php(219): Illuminate\\Http\\Middleware\\TrustProxies->handle()
#62 /home/skytech/ISP-BILLING-main/vendor/laravel/framework/src/Illuminate/Foundation/Http/Middleware/InvokeDeferredCallbacks.php(22): Illuminate\\Pipeline\\Pipeline->Illuminate\\Pipeline\\{closure}()
#63 /home/skytech/ISP-BILLING-main/vendor/laravel/framework/src/Illuminate/Pipeline/Pipeline.php(219): Illuminate\\Foundation\\Http\\Middleware\\InvokeDeferredCallbacks->handle()
#64 /home/skytech/ISP-BILLING-main/vendor/laravel/framework/src/Illuminate/Http/Middleware/ValidatePathEncoding.php(26): Illuminate\\Pipeline\\Pipeline->Illuminate\\Pipeline\\{closure}()
#65 /home/skytech/ISP-BILLING-main/vendor/laravel/framework/src/Illuminate/Pipeline/Pipeline.php(219): Illuminate\\Http\\Middleware\\ValidatePathEncoding->handle()
#66 /home/skytech/ISP-BILLING-main/vendor/laravel/framework/src/Illuminate/Pipeline/Pipeline.php(137): Illuminate\\Pipeline\\Pipeline->Illuminate\\Pipeline\\{closure}()
#67 /home/skytech/ISP-BILLING-main/vendor/laravel/framework/src/Illuminate/Foundation/Http/Kernel.php(175): Illuminate\\Pipeline\\Pipeline->then()
#68 /home/skytech/ISP-BILLING-main/vendor/laravel/framework/src/Illuminate/Foundation/Http/Kernel.php(144): Illuminate\\Foundation\\Http\\Kernel->sendRequestThroughRouter()
#69 /home/skytech/ISP-BILLING-main/vendor/laravel/framework/src/Illuminate/Foundation/Application.php(1220): Illuminate\\Foundation\\Http\\Kernel->handle()
#70 /home/skytech/ISP-BILLING-main/public/index.php(20): Illuminate\\Foundation\\Application->handleRequest()
#71 {main}
"} 
[2026-09-25 10:23:22] production.ERROR: Route [filament.portal.pages.dashboard] not defined. {"userId":1,"exception":"[object] (Symfony\\Component\\Routing\\Exception\\RouteNotFoundException(code: 0): Route [filament.portal.pages.dashboard] not defined. at /home/skytech/ISP-BILLING-main/vendor/laravel/framework/src/Illuminate/Routing/UrlGenerator.php:534)
[stacktrace]
#0 /home/skytech/ISP-BILLING-main/vendor/laravel/framework/src/Illuminate/Foundation/helpers.php(870): Illuminate\\Routing\\UrlGenerator->route()
#1 /home/skytech/ISP-BILLING-main/vendor/filament/filament/src/Pages/Page.php(108): route()
#2 /home/skytech/ISP-BILLING-main/vendor/filament/filament/src/Pages/Page.php(272): Filament\\Pages\\Page::getUrl()
#3 /home/skytech/ISP-BILLING-main/vendor/filament/filament/src/Pages/Page.php(160): Filament\\Pages\\Page::getNavigationUrl()
#4 /home/skytech/ISP-BILLING-main/vendor/filament/filament/src/Pages/Page.php(139): Filament\\Pages\\Page::getNavigationItems()
#5 /home/skytech/ISP-BILLING-main/vendor/filament/filament/src/Navigation/NavigationManager.php(194): Filament\\Pages\\Page::registerNavigationItems()
#6 /home/skytech/ISP-BILLING-main/vendor/filament/filament/src/Navigation/NavigationManager.php(54): Filament\\Navigation\\NavigationManager->mountNavigation()
#7 /home/skytech/ISP-BILLING-main/vendor/filament/filament/src/Panel/Concerns/HasRoutes.php(225): Filament\\Navigation\\NavigationManager->get()
#8 /home/skytech/ISP-BILLING-main/vendor/filament/filament/src/Http/Controllers/RedirectToHomeController.php(14): Filament\\Panel->getRedirectUrl()
#9 /home/skytech/ISP-BILLING-main/vendor/laravel/framework/src/Illuminate/Routing/ControllerDispatcher.php(46): Filament\\Http\\Controllers\\RedirectToHomeController->__invoke()
#10 /home/skytech/ISP-BILLING-main/vendor/laravel/framework/src/Illuminate/Routing/Route.php(265): Illuminate\\Routing\\ControllerDispatcher->dispatch()
#11 /home/skytech/ISP-BILLING-main/vendor/laravel/framework/src/Illuminate/Routing/Route.php(211): Illuminate\\Routing\\Route->runController()
#12 /home/skytech/ISP-BILLING-main/vendor/laravel/framework/src/Illuminate/Routing/Router.php(822): Illuminate\\Routing\\Route->run()
#13 /home/skytech/ISP-BILLING-main/vendor/laravel/framework/src/Illuminate/Pipeline/Pipeline.php(180): Illuminate\\Routing\\Router->Illuminate\\Routing\\{closure}()
#14 /home/skytech/ISP-BILLING-main/vendor/filament/filament/src/Http/Middleware/DispatchServingFilamentEvent.php(15): Illuminate\\Pipeline\\Pipeline->Illuminate\\Pipeline\\{closure}()
#15 /home/skytech/ISP-BILLING-main/vendor/laravel/framework/src/Illuminate/Pipeline/Pipeline.php(219): Filament\\Http\\Middleware\\DispatchServingFilamentEvent->handle()
#16 /home/skytech/ISP-BILLING-main/vendor/filament/filament/src/Http/Middleware/DisableBladeIconComponents.php(14): Illuminate\\Pipeline\\Pipeline->Illuminate\\Pipeline\\{closure}()
#17 /home/skytech/ISP-BILLING-main/vendor/laravel/framework/src/Illuminate/Pipeline/Pipeline.php(219): Filament\\Http\\Middleware\\DisableBladeIconComponents->handle()
#18 /home/skytech/ISP-BILLING-main/vendor/laravel/framework/src/Illuminate/Routing/Middleware/SubstituteBindings.php(50): Illuminate\\Pipeline\\Pipeline->Illuminate\\Pipeline\\{closure}()
#19 /home/skytech/ISP-BILLING-main/vendor/laravel/framework/src/Illuminate/Pipeline/Pipeline.php(219): Illuminate\\Routing\\Middleware\\SubstituteBindings->handle()
#20 /home/skytech/ISP-BILLING-main/vendor/laravel/framework/src/Illuminate/Foundation/Http/Middleware/VerifyCsrfToken.php(87): Illuminate\\Pipeline\\Pipeline->Illuminate\\Pipeline\\{closure}()
#21 /home/skytech/ISP-BILLING-main/vendor/laravel/framework/src/Illuminate/Pipeline/Pipeline.php(219): Illuminate\\Foundation\\Http\\Middleware\\VerifyCsrfToken->handle()
#22 /home/skytech/ISP-BILLING-main/vendor/laravel/framework/src/Illuminate/Session/Middleware/AuthenticateSession.php(70): Illuminate\\Pipeline\\Pipeline->Illuminate\\Pipeline\\{closure}()
#23 /home/skytech/ISP-BILLING-main/vendor/laravel/framework/src/Illuminate/Pipeline/Pipeline.php(219): Illuminate\\Session\\Middleware\\AuthenticateSession->handle()
#24 /home/skytech/ISP-BILLING-main/vendor/laravel/framework/src/Illuminate/Auth/Middleware/Authenticate.php(63): Illuminate\\Pipeline\\Pipeline->Illuminate\\Pipeline\\{closure}()
#25 /home/skytech/ISP-BILLING-main/vendor/laravel/framework/src/Illuminate/Pipeline/Pipeline.php(219): Illuminate\\Auth\\Middleware\\Authenticate->handle()
#26 /home/skytech/ISP-BILLING-main/vendor/laravel/framework/src/Illuminate/View/Middleware/ShareErrorsFromSession.php(48): Illuminate\\Pipeline\\Pipeline->Illuminate\\Pipeline\\{closure}()
#27 /home/skytech/ISP-BILLING-main/vendor/laravel/framework/src/Illuminate/Pipeline/Pipeline.php(219): Illuminate\\View\\Middleware\\ShareErrorsFromSession->handle()
#28 /home/skytech/ISP-BILLING-main/vendor/laravel/framework/src/Illuminate/Session/Middleware/StartSession.php(120): Illuminate\\Pipeline\\Pipeline->Illuminate\\Pipeline\\{closure}()
#29 /home/skytech/ISP-BILLING-main/vendor/laravel/framework/src/Illuminate/Session/Middleware/StartSession.php(63): Illuminate\\Session\\Middleware\\StartSession->handleStatefulRequest()
#30 /home/skytech/ISP-BILLING-main/vendor/laravel/framework/src/Illuminate/Pipeline/Pipeline.php(219): Illuminate\\Session\\Middleware\\StartSession->handle()
#31 /home/skytech/ISP-BILLING-main/vendor/laravel/framework/src/Illuminate/Cookie/Middleware/AddQueuedCookiesToResponse.php(36): Illuminate\\Pipeline\\Pipeline->Illuminate\\Pipeline\\{closure}()
#32 /home/skytech/ISP-BILLING-main/vendor/laravel/framework/src/Illuminate/Pipeline/Pipeline.php(219): Illuminate\\Cookie\\Middleware\\AddQueuedCookiesToResponse->handle()
#33 /home/skytech/ISP-BILLING-main/vendor/laravel/framework/src/Illuminate/Cookie/Middleware/EncryptCookies.php(74): Illuminate\\Pipeline\\Pipeline->Illuminate\\Pipeline\\{closure}()
#34 /home/skytech/ISP-BILLING-main/vendor/laravel/framework/src/Illuminate/Pipeline/Pipeline.php(219): Illuminate\\Cookie\\Middleware\\EncryptCookies->handle()
#35 /home/skytech/ISP-BILLING-main/vendor/filament/filament/src/Http/Middleware/SetUpPanel.php(19): Illuminate\\Pipeline\\Pipeline->Illuminate\\Pipeline\\{closure}()
#36 /home/skytech/ISP-BILLING-main/vendor/laravel/framework/src/Illuminate/Pipeline/Pipeline.php(219): Filament\\Http\\Middleware\\SetUpPanel->handle()
#37 /home/skytech/ISP-BILLING-main/vendor/laravel/framework/src/Illuminate/Pipeline/Pipeline.php(137): Illuminate\\Pipeline\\Pipeline->Illuminate\\Pipeline\\{closure}()
#38 /home/skytech/ISP-BILLING-main/vendor/laravel/framework/src/Illuminate/Routing/Router.php(821): Illuminate\\Pipeline\\Pipeline->then()
#39 /home/skytech/ISP-BILLING-main/vendor/laravel/framework/src/Illuminate/Routing/Router.php(800): Illuminate\\Routing\\Router->runRouteWithinStack()
#40 /home/skytech/ISP-BILLING-main/vendor/laravel/framework/src/Illuminate/Routing/Router.php(764): Illuminate\\Routing\\Router->runRoute()
#41 /home/skytech/ISP-BILLING-main/vendor/laravel/framework/src/Illuminate/Routing/Router.php(753): Illuminate\\Routing\\Router->dispatchToRoute()
#42 /home/skytech/ISP-BILLING-main/vendor/laravel/framework/src/Illuminate/Foundation/Http/Kernel.php(200): Illuminate\\Routing\\Router->dispatch()
#43 /home/skytech/ISP-BILLING-main/vendor/laravel/framework/src/Illuminate/Pipeline/Pipeline.php(180): Illuminate\\Foundation\\Http\\Kernel->Illuminate\\Foundation\\Http\\{closure}()
#44 /home/skytech/ISP-BILLING-main/vendor/livewire/livewire/src/Features/SupportDisablingBackButtonCache/DisableBackButtonCacheMiddleware.php(19): Illuminate\\Pipeline\\Pipeline->Illuminate\\Pipeline\\{closure}()
#45 /home/skytech/ISP-BILLING-main/vendor/laravel/framework/src/Illuminate/Pipeline/Pipeline.php(219): Livewire\\Features\\SupportDisablingBackButtonCache\\DisableBackButtonCacheMiddleware->handle()
#46 /home/skytech/ISP-BILLING-main/app/Http/Middleware/CheckSiteStatus.php(55): Illuminate\\Pipeline\\Pipeline->Illuminate\\Pipeline\\{closure}()
#47 /home/skytech/ISP-BILLING-main/vendor/laravel/framework/src/Illuminate/Pipeline/Pipeline.php(219): App\\Http\\Middleware\\CheckSiteStatus->handle()
#48 /home/skytech/ISP-BILLING-main/vendor/laravel/framework/src/Illuminate/Foundation/Http/Middleware/TransformsRequest.php(21): Illuminate\\Pipeline\\Pipeline->Illuminate\\Pipeline\\{closure}()
#49 /home/skytech/ISP-BILLING-main/vendor/laravel/framework/src/Illuminate/Foundation/Http/Middleware/ConvertEmptyStringsToNull.php(31): Illuminate\\Foundation\\Http\\Middleware\\TransformsRequest->handle()
#50 /home/skytech/ISP-BILLING-main/vendor/laravel/framework/src/Illuminate/Pipeline/Pipeline.php(219): Illuminate\\Foundation\\Http\\Middleware\\ConvertEmptyStringsToNull->handle()
#51 /home/skytech/ISP-BILLING-main/vendor/laravel/framework/src/Illuminate/Foundation/Http/Middleware/TransformsRequest.php(21): Illuminate\\Pipeline\\Pipeline->Illuminate\\Pipeline\\{closure}()
#52 /home/skytech/ISP-BILLING-main/vendor/laravel/framework/src/Illuminate/Foundation/Http/Middleware/TrimStrings.php(51): Illuminate\\Foundation\\Http\\Middleware\\TransformsRequest->handle()
#53 /home/skytech/ISP-BILLING-main/vendor/laravel/framework/src/Illuminate/Pipeline/Pipeline.php(219): Illuminate\\Foundation\\Http\\Middleware\\TrimStrings->handle()
#54 /home/skytech/ISP-BILLING-main/vendor/laravel/framework/src/Illuminate/Http/Middleware/ValidatePostSize.php(27): Illuminate\\Pipeline\\Pipeline->Illuminate\\Pipeline\\{closure}()
#55 /home/skytech/ISP-BILLING-main/vendor/laravel/framework/src/Illuminate/Pipeline/Pipeline.php(219): Illuminate\\Http\\Middleware\\ValidatePostSize->handle()
#56 /home/skytech/ISP-BILLING-main/vendor/laravel/framework/src/Illuminate/Foundation/Http/Middleware/PreventRequestsDuringMaintenance.php(109): Illuminate\\Pipeline\\Pipeline->Illuminate\\Pipeline\\{closure}()
#57 /home/skytech/ISP-BILLING-main/vendor/laravel/framework/src/Illuminate/Pipeline/Pipeline.php(219): Illuminate\\Foundation\\Http\\Middleware\\PreventRequestsDuringMaintenance->handle()
#58 /home/skytech/ISP-BILLING-main/vendor/laravel/framework/src/Illuminate/Http/Middleware/HandleCors.php(61): Illuminate\\Pipeline\\Pipeline->Illuminate\\Pipeline\\{closure}()
#59 /home/skytech/ISP-BILLING-main/vendor/laravel/framework/src/Illuminate/Pipeline/Pipeline.php(219): Illuminate\\Http\\Middleware\\HandleCors->handle()
#60 /home/skytech/ISP-BILLING-main/vendor/laravel/framework/src/Illuminate/Http/Middleware/TrustProxies.php(58): Illuminate\\Pipeline\\Pipeline->Illuminate\\Pipeline\\{closure}()
#61 /home/skytech/ISP-BILLING-main/vendor/laravel/framework/src/Illuminate/Pipeline/Pipeline.php(219): Illuminate\\Http\\Middleware\\TrustProxies->handle()
#62 /home/skytech/ISP-BILLING-main/vendor/laravel/framework/src/Illuminate/Foundation/Http/Middleware/InvokeDeferredCallbacks.php(22): Illuminate\\Pipeline\\Pipeline->Illuminate\\Pipeline\\{closure}()
#63 /home/skytech/ISP-BILLING-main/vendor/laravel/framework/src/Illuminate/Pipeline/Pipeline.php(219): Illuminate\\Foundation\\Http\\Middleware\\InvokeDeferredCallbacks->handle()
#64 /home/skytech/ISP-BILLING-main/vendor/laravel/framework/src/Illuminate/Http/Middleware/ValidatePathEncoding.php(26): Illuminate\\Pipeline\\Pipeline->Illuminate\\Pipeline\\{closure}()
#65 /home/skytech/ISP-BILLING-main/vendor/laravel/framework/src/Illuminate/Pipeline/Pipeline.php(219): Illuminate\\Http\\Middleware\\ValidatePathEncoding->handle()
#66 /home/skytech/ISP-BILLING-main/vendor/laravel/framework/src/Illuminate/Pipeline/Pipeline.php(137): Illuminate\\Pipeline\\Pipeline->Illuminate\\Pipeline\\{closure}()
#67 /home/skytech/ISP-BILLING-main/vendor/laravel/framework/src/Illuminate/Foundation/Http/Kernel.php(175): Illuminate\\Pipeline\\Pipeline->then()
#68 /home/skytech/ISP-BILLING-main/vendor/laravel/framework/src/Illuminate/Foundation/Http/Kernel.php(144): Illuminate\\Foundation\\Http\\Kernel->sendRequestThroughRouter()
#69 /home/skytech/ISP-BILLING-main/vendor/laravel/framework/src/Illuminate/Foundation/Application.php(1220): Illuminate\\Foundation\\Http\\Kernel->handle()
#70 /home/skytech/ISP-BILLING-main/public/index.php(20): Illuminate\\Foundation\\Application->handleRequest()
#71 {main}
"} 
[2026-09-25 10:33:51] production.DEBUG: Mikrotik [UVINZA] read cache invalidated.  
[2026-09-25 10:33:51] production.DEBUG: Mikrotik [HOPE] read cache invalidated.  
[2026-09-25 10:38:18] production.ERROR: Route [filament.portal.pages.dashboard] not defined. {"userId":1,"exception":"[object] (Symfony\\Component\\Routing\\Exception\\RouteNotFoundException(code: 0): Route [filament.portal.pages.dashboard] not defined. at /home/skytech/ISP-BILLING-main/vendor/laravel/framework/src/Illuminate/Routing/UrlGenerator.php:534)
[stacktrace]
#0 /home/skytech/ISP-BILLING-main/vendor/laravel/framework/src/Illuminate/Foundation/helpers.php(870): Illuminate\\Routing\\UrlGenerator->route()
#1 /home/skytech/ISP-BILLING-main/vendor/filament/filament/src/Pages/Page.php(108): route()
#2 /home/skytech/ISP-BILLING-main/vendor/filament/filament/src/Pages/Page.php(272): Filament\\Pages\\Page::getUrl()
#3 /home/skytech/ISP-BILLING-main/vendor/filament/filament/src/Pages/Page.php(160): Filament\\Pages\\Page::getNavigationUrl()
#4 /home/skytech/ISP-BILLING-main/vendor/filament/filament/src/Pages/Page.php(139): Filament\\Pages\\Page::getNavigationItems()
#5 /home/skytech/ISP-BILLING-main/vendor/filament/filament/src/Navigation/NavigationManager.php(194): Filament\\Pages\\Page::registerNavigationItems()
#6 /home/skytech/ISP-BILLING-main/vendor/filament/filament/src/Navigation/NavigationManager.php(54): Filament\\Navigation\\NavigationManager->mountNavigation()
#7 /home/skytech/ISP-BILLING-main/vendor/filament/filament/src/Panel/Concerns/HasRoutes.php(225): Filament\\Navigation\\NavigationManager->get()
#8 /home/skytech/ISP-BILLING-main/vendor/filament/filament/src/Http/Controllers/RedirectToHomeController.php(14): Filament\\Panel->getRedirectUrl()
#9 /home/skytech/ISP-BILLING-main/vendor/laravel/framework/src/Illuminate/Routing/ControllerDispatcher.php(46): Filament\\Http\\Controllers\\RedirectToHomeController->__invoke()
#10 /home/skytech/ISP-BILLING-main/vendor/laravel/framework/src/Illuminate/Routing/Route.php(265): Illuminate\\Routing\\ControllerDispatcher->dispatch()
#11 /home/skytech/ISP-BILLING-main/vendor/laravel/framework/src/Illuminate/Routing/Route.php(211): Illuminate\\Routing\\Route->runController()
#12 /home/skytech/ISP-BILLING-main/vendor/laravel/framework/src/Illuminate/Routing/Router.php(822): Illuminate\\Routing\\Route->run()
#13 /home/skytech/ISP-BILLING-main/vendor/laravel/framework/src/Illuminate/Pipeline/Pipeline.php(180): Illuminate\\Routing\\Router->Illuminate\\Routing\\{closure}()
#14 /home/skytech/ISP-BILLING-main/vendor/filament/filament/src/Http/Middleware/DispatchServingFilamentEvent.php(15): Illuminate\\Pipeline\\Pipeline->Illuminate\\Pipeline\\{closure}()
#15 /home/skytech/ISP-BILLING-main/vendor/laravel/framework/src/Illuminate/Pipeline/Pipeline.php(219): Filament\\Http\\Middleware\\DispatchServingFilamentEvent->handle()
#16 /home/skytech/ISP-BILLING-main/vendor/filament/filament/src/Http/Middleware/DisableBladeIconComponents.php(14): Illuminate\\Pipeline\\Pipeline->Illuminate\\Pipeline\\{closure}()
#17 /home/skytech/ISP-BILLING-main/vendor/laravel/framework/src/Illuminate/Pipeline/Pipeline.php(219): Filament\\Http\\Middleware\\DisableBladeIconComponents->handle()
#18 /home/skytech/ISP-BILLING-main/vendor/laravel/framework/src/Illuminate/Routing/Middleware/SubstituteBindings.php(50): Illuminate\\Pipeline\\Pipeline->Illuminate\\Pipeline\\{closure}()
#19 /home/skytech/ISP-BILLING-main/vendor/laravel/framework/src/Illuminate/Pipeline/Pipeline.php(219): Illuminate\\Routing\\Middleware\\SubstituteBindings->handle()
#20 /home/skytech/ISP-BILLING-main/vendor/laravel/framework/src/Illuminate/Foundation/Http/Middleware/VerifyCsrfToken.php(87): Illuminate\\Pipeline\\Pipeline->Illuminate\\Pipeline\\{closure}()
#21 /home/skytech/ISP-BILLING-main/vendor/laravel/framework/src/Illuminate/Pipeline/Pipeline.php(219): Illuminate\\Foundation\\Http\\Middleware\\VerifyCsrfToken->handle()
#22 /home/skytech/ISP-BILLING-main/vendor/laravel/framework/src/Illuminate/Session/Middleware/AuthenticateSession.php(70): Illuminate\\Pipeline\\Pipeline->Illuminate\\Pipeline\\{closure}()
#23 /home/skytech/ISP-BILLING-main/vendor/laravel/framework/src/Illuminate/Pipeline/Pipeline.php(219): Illuminate\\Session\\Middleware\\AuthenticateSession->handle()
#24 /home/skytech/ISP-BILLING-main/vendor/laravel/framework/src/Illuminate/Auth/Middleware/Authenticate.php(63): Illuminate\\Pipeline\\Pipeline->Illuminate\\Pipeline\\{closure}()
#25 /home/skytech/ISP-BILLING-main/vendor/laravel/framework/src/Illuminate/Pipeline/Pipeline.php(219): Illuminate\\Auth\\Middleware\\Authenticate->handle()
#26 /home/skytech/ISP-BILLING-main/vendor/laravel/framework/src/Illuminate/View/Middleware/ShareErrorsFromSession.php(48): Illuminate\\Pipeline\\Pipeline->Illuminate\\Pipeline\\{closure}()
#27 /home/skytech/ISP-BILLING-main/vendor/laravel/framework/src/Illuminate/Pipeline/Pipeline.php(219): Illuminate\\View\\Middleware\\ShareErrorsFromSession->handle()
#28 /home/skytech/ISP-BILLING-main/vendor/laravel/framework/src/Illuminate/Session/Middleware/StartSession.php(120): Illuminate\\Pipeline\\Pipeline->Illuminate\\Pipeline\\{closure}()
#29 /home/skytech/ISP-BILLING-main/vendor/laravel/framework/src/Illuminate/Session/Middleware/StartSession.php(63): Illuminate\\Session\\Middleware\\StartSession->handleStatefulRequest()
#30 /home/skytech/ISP-BILLING-main/vendor/laravel/framework/src/Illuminate/Pipeline/Pipeline.php(219): Illuminate\\Session\\Middleware\\StartSession->handle()
#31 /home/skytech/ISP-BILLING-main/vendor/laravel/framework/src/Illuminate/Cookie/Middleware/AddQueuedCookiesToResponse.php(36): Illuminate\\Pipeline\\Pipeline->Illuminate\\Pipeline\\{closure}()
#32 /home/skytech/ISP-BILLING-main/vendor/laravel/framework/src/Illuminate/Pipeline/Pipeline.php(219): Illuminate\\Cookie\\Middleware\\AddQueuedCookiesToResponse->handle()
#33 /home/skytech/ISP-BILLING-main/vendor/laravel/framework/src/Illuminate/Cookie/Middleware/EncryptCookies.php(74): Illuminate\\Pipeline\\Pipeline->Illuminate\\Pipeline\\{closure}()
#34 /home/skytech/ISP-BILLING-main/vendor/laravel/framework/src/Illuminate/Pipeline/Pipeline.php(219): Illuminate\\Cookie\\Middleware\\EncryptCookies->handle()
#35 /home/skytech/ISP-BILLING-main/vendor/filament/filament/src/Http/Middleware/SetUpPanel.php(19): Illuminate\\Pipeline\\Pipeline->Illuminate\\Pipeline\\{closure}()
#36 /home/skytech/ISP-BILLING-main/vendor/laravel/framework/src/Illuminate/Pipeline/Pipeline.php(219): Filament\\Http\\Middleware\\SetUpPanel->handle()
#37 /home/skytech/ISP-BILLING-main/vendor/laravel/framework/src/Illuminate/Pipeline/Pipeline.php(137): Illuminate\\Pipeline\\Pipeline->Illuminate\\Pipeline\\{closure}()
#38 /home/skytech/ISP-BILLING-main/vendor/laravel/framework/src/Illuminate/Routing/Router.php(821): Illuminate\\Pipeline\\Pipeline->then()
#39 /home/skytech/ISP-BILLING-main/vendor/laravel/framework/src/Illuminate/Routing/Router.php(800): Illuminate\\Routing\\Router->runRouteWithinStack()
#40 /home/skytech/ISP-BILLING-main/vendor/laravel/framework/src/Illuminate/Routing/Router.php(764): Illuminate\\Routing\\Router->runRoute()
#41 /home/skytech/ISP-BILLING-main/vendor/laravel/framework/src/Illuminate/Routing/Router.php(753): Illuminate\\Routing\\Router->dispatchToRoute()
#42 /home/skytech/ISP-BILLING-main/vendor/laravel/framework/src/Illuminate/Foundation/Http/Kernel.php(200): Illuminate\\Routing\\Router->dispatch()
#43 /home/skytech/ISP-BILLING-main/vendor/laravel/framework/src/Illuminate/Pipeline/Pipeline.php(180): Illuminate\\Foundation\\Http\\Kernel->Illuminate\\Foundation\\Http\\{closure}()
#44 /home/skytech/ISP-BILLING-main/vendor/livewire/livewire/src/Features/SupportDisablingBackButtonCache/DisableBackButtonCacheMiddleware.php(19): Illuminate\\Pipeline\\Pipeline->Illuminate\\Pipeline\\{closure}()
#45 /home/skytech/ISP-BILLING-main/vendor/laravel/framework/src/Illuminate/Pipeline/Pipeline.php(219): Livewire\\Features\\SupportDisablingBackButtonCache\\DisableBackButtonCacheMiddleware->handle()
#46 /home/skytech/ISP-BILLING-main/app/Http/Middleware/CheckSiteStatus.php(55): Illuminate\\Pipeline\\Pipeline->Illuminate\\Pipeline\\{closure}()
#47 /home/skytech/ISP-BILLING-main/vendor/laravel/framework/src/Illuminate/Pipeline/Pipeline.php(219): App\\Http\\Middleware\\CheckSiteStatus->handle()
#48 /home/skytech/ISP-BILLING-main/vendor/laravel/framework/src/Illuminate/Foundation/Http/Middleware/TransformsRequest.php(21): Illuminate\\Pipeline\\Pipeline->Illuminate\\Pipeline\\{closure}()
#49 /home/skytech/ISP-BILLING-main/vendor/laravel/framework/src/Illuminate/Foundation/Http/Middleware/ConvertEmptyStringsToNull.php(31): Illuminate\\Foundation\\Http\\Middleware\\TransformsRequest->handle()
#50 /home/skytech/ISP-BILLING-main/vendor/laravel/framework/src/Illuminate/Pipeline/Pipeline.php(219): Illuminate\\Foundation\\Http\\Middleware\\ConvertEmptyStringsToNull->handle()
#51 /home/skytech/ISP-BILLING-main/vendor/laravel/framework/src/Illuminate/Foundation/Http/Middleware/TransformsRequest.php(21): Illuminate\\Pipeline\\Pipeline->Illuminate\\Pipeline\\{closure}()
#52 /home/skytech/ISP-BILLING-main/vendor/laravel/framework/src/Illuminate/Foundation/Http/Middleware/TrimStrings.php(51): Illuminate\\Foundation\\Http\\Middleware\\TransformsRequest->handle()
#53 /home/skytech/ISP-BILLING-main/vendor/laravel/framework/src/Illuminate/Pipeline/Pipeline.php(219): Illuminate\\Foundation\\Http\\Middleware\\TrimStrings->handle()
#54 /home/skytech/ISP-BILLING-main/vendor/laravel/framework/src/Illuminate/Http/Middleware/ValidatePostSize.php(27): Illuminate\\Pipeline\\Pipeline->Illuminate\\Pipeline\\{closure}()
#55 /home/skytech/ISP-BILLING-main/vendor/laravel/framework/src/Illuminate/Pipeline/Pipeline.php(219): Illuminate\\Http\\Middleware\\ValidatePostSize->handle()
#56 /home/skytech/ISP-BILLING-main/vendor/laravel/framework/src/Illuminate/Foundation/Http/Middleware/PreventRequestsDuringMaintenance.php(109): Illuminate\\Pipeline\\Pipeline->Illuminate\\Pipeline\\{closure}()
#57 /home/skytech/ISP-BILLING-main/vendor/laravel/framework/src/Illuminate/Pipeline/Pipeline.php(219): Illuminate\\Foundation\\Http\\Middleware\\PreventRequestsDuringMaintenance->handle()
#58 /home/skytech/ISP-BILLING-main/vendor/laravel/framework/src/Illuminate/Http/Middleware/HandleCors.php(61): Illuminate\\Pipeline\\Pipeline->Illuminate\\Pipeline\\{closure}()
#59 /home/skytech/ISP-BILLING-main/vendor/laravel/framework/src/Illuminate/Pipeline/Pipeline.php(219): Illuminate\\Http\\Middleware\\HandleCors->handle()
#60 /home/skytech/ISP-BILLING-main/vendor/laravel/framework/src/Illuminate/Http/Middleware/TrustProxies.php(58): Illuminate\\Pipeline\\Pipeline->Illuminate\\Pipeline\\{closure}()
#61 /home/skytech/ISP-BILLING-main/vendor/laravel/framework/src/Illuminate/Pipeline/Pipeline.php(219): Illuminate\\Http\\Middleware\\TrustProxies->handle()
#62 /home/skytech/ISP-BILLING-main/vendor/laravel/framework/src/Illuminate/Foundation/Http/Middleware/InvokeDeferredCallbacks.php(22): Illuminate\\Pipeline\\Pipeline->Illuminate\\Pipeline\\{closure}()
#63 /home/skytech/ISP-BILLING-main/vendor/laravel/framework/src/Illuminate/Pipeline/Pipeline.php(219): Illuminate\\Foundation\\Http\\Middleware\\InvokeDeferredCallbacks->handle()
#64 /home/skytech/ISP-BILLING-main/vendor/laravel/framework/src/Illuminate/Http/Middleware/ValidatePathEncoding.php(26): Illuminate\\Pipeline\\Pipeline->Illuminate\\Pipeline\\{closure}()
#65 /home/skytech/ISP-BILLING-main/vendor/laravel/framework/src/Illuminate/Pipeline/Pipeline.php(219): Illuminate\\Http\\Middleware\\ValidatePathEncoding->handle()
#66 /home/skytech/ISP-BILLING-main/vendor/laravel/framework/src/Illuminate/Pipeline/Pipeline.php(137): Illuminate\\Pipeline\\Pipeline->Illuminate\\Pipeline\\{closure}()
#67 /home/skytech/ISP-BILLING-main/vendor/laravel/framework/src/Illuminate/Foundation/Http/Kernel.php(175): Illuminate\\Pipeline\\Pipeline->then()
#68 /home/skytech/ISP-BILLING-main/vendor/laravel/framework/src/Illuminate/Foundation/Http/Kernel.php(144): Illuminate\\Foundation\\Http\\Kernel->sendRequestThroughRouter()
#69 /home/skytech/ISP-BILLING-main/vendor/laravel/framework/src/Illuminate/Foundation/Application.php(1220): Illuminate\\Foundation\\Http\\Kernel->handle()
#70 /home/skytech/ISP-BILLING-main/public/index.php(20): Illuminate\\Foundation\\Application->handleRequest()
#71 {main}
"} 
[2026-09-25 10:38:27] production.ERROR: Route [filament.portal.pages.dashboard] not defined. {"userId":1,"exception":"[object] (Symfony\\Component\\Routing\\Exception\\RouteNotFoundException(code: 0): Route [filament.portal.pages.dashboard] not defined. at /home/skytech/ISP-BILLING-main/vendor/laravel/framework/src/Illuminate/Routing/UrlGenerator.php:534)
[stacktrace]
#0 /home/skytech/ISP-BILLING-main/vendor/laravel/framework/src/Illuminate/Foundation/helpers.php(870): Illuminate\\Routing\\UrlGenerator->route()
#1 /home/skytech/ISP-BILLING-main/vendor/filament/filament/src/Pages/Page.php(108): route()
#2 /home/skytech/ISP-BILLING-main/vendor/filament/filament/src/Pages/Page.php(272): Filament\\Pages\\Page::getUrl()
#3 /home/skytech/ISP-BILLING-main/vendor/filament/filament/src/Pages/Page.php(160): Filament\\Pages\\Page::getNavigationUrl()
#4 /home/skytech/ISP-BILLING-main/vendor/filament/filament/src/Pages/Page.php(139): Filament\\Pages\\Page::getNavigationItems()
#5 /home/skytech/ISP-BILLING-main/vendor/filament/filament/src/Navigation/NavigationManager.php(194): Filament\\Pages\\Page::registerNavigationItems()
#6 /home/skytech/ISP-BILLING-main/vendor/filament/filament/src/Navigation/NavigationManager.php(54): Filament\\Navigation\\NavigationManager->mountNavigation()
#7 /home/skytech/ISP-BILLING-main/vendor/filament/filament/src/Panel/Concerns/HasRoutes.php(225): Filament\\Navigation\\NavigationManager->get()
#8 /home/skytech/ISP-BILLING-main/vendor/filament/filament/src/Http/Controllers/RedirectToHomeController.php(14): Filament\\Panel->getRedirectUrl()
#9 /home/skytech/ISP-BILLING-main/vendor/laravel/framework/src/Illuminate/Routing/ControllerDispatcher.php(46): Filament\\Http\\Controllers\\RedirectToHomeController->__invoke()
#10 /home/skytech/ISP-BILLING-main/vendor/laravel/framework/src/Illuminate/Routing/Route.php(265): Illuminate\\Routing\\ControllerDispatcher->dispatch()
#11 /home/skytech/ISP-BILLING-main/vendor/laravel/framework/src/Illuminate/Routing/Route.php(211): Illuminate\\Routing\\Route->runController()
#12 /home/skytech/ISP-BILLING-main/vendor/laravel/framework/src/Illuminate/Routing/Router.php(822): Illuminate\\Routing\\Route->run()
#13 /home/skytech/ISP-BILLING-main/vendor/laravel/framework/src/Illuminate/Pipeline/Pipeline.php(180): Illuminate\\Routing\\Router->Illuminate\\Routing\\{closure}()
#14 /home/skytech/ISP-BILLING-main/vendor/filament/filament/src/Http/Middleware/DispatchServingFilamentEvent.php(15): Illuminate\\Pipeline\\Pipeline->Illuminate\\Pipeline\\{closure}()
#15 /home/skytech/ISP-BILLING-main/vendor/laravel/framework/src/Illuminate/Pipeline/Pipeline.php(219): Filament\\Http\\Middleware\\DispatchServingFilamentEvent->handle()
#16 /home/skytech/ISP-BILLING-main/vendor/filament/filament/src/Http/Middleware/DisableBladeIconComponents.php(14): Illuminate\\Pipeline\\Pipeline->Illuminate\\Pipeline\\{closure}()
#17 /home/skytech/ISP-BILLING-main/vendor/laravel/framework/src/Illuminate/Pipeline/Pipeline.php(219): Filament\\Http\\Middleware\\DisableBladeIconComponents->handle()
#18 /home/skytech/ISP-BILLING-main/vendor/laravel/framework/src/Illuminate/Routing/Middleware/SubstituteBindings.php(50): Illuminate\\Pipeline\\Pipeline->Illuminate\\Pipeline\\{closure}()
#19 /home/skytech/ISP-BILLING-main/vendor/laravel/framework/src/Illuminate/Pipeline/Pipeline.php(219): Illuminate\\Routing\\Middleware\\SubstituteBindings->handle()
#20 /home/skytech/ISP-BILLING-main/vendor/laravel/framework/src/Illuminate/Foundation/Http/Middleware/VerifyCsrfToken.php(87): Illuminate\\Pipeline\\Pipeline->Illuminate\\Pipeline\\{closure}()
#21 /home/skytech/ISP-BILLING-main/vendor/laravel/framework/src/Illuminate/Pipeline/Pipeline.php(219): Illuminate\\Foundation\\Http\\Middleware\\VerifyCsrfToken->handle()
#22 /home/skytech/ISP-BILLING-main/vendor/laravel/framework/src/Illuminate/Session/Middleware/AuthenticateSession.php(70): Illuminate\\Pipeline\\Pipeline->Illuminate\\Pipeline\\{closure}()
#23 /home/skytech/ISP-BILLING-main/vendor/laravel/framework/src/Illuminate/Pipeline/Pipeline.php(219): Illuminate\\Session\\Middleware\\AuthenticateSession->handle()
#24 /home/skytech/ISP-BILLING-main/vendor/laravel/framework/src/Illuminate/Auth/Middleware/Authenticate.php(63): Illuminate\\Pipeline\\Pipeline->Illuminate\\Pipeline\\{closure}()
#25 /home/skytech/ISP-BILLING-main/vendor/laravel/framework/src/Illuminate/Pipeline/Pipeline.php(219): Illuminate\\Auth\\Middleware\\Authenticate->handle()
#26 /home/skytech/ISP-BILLING-main/vendor/laravel/framework/src/Illuminate/View/Middleware/ShareErrorsFromSession.php(48): Illuminate\\Pipeline\\Pipeline->Illuminate\\Pipeline\\{closure}()
#27 /home/skytech/ISP-BILLING-main/vendor/laravel/framework/src/Illuminate/Pipeline/Pipeline.php(219): Illuminate\\View\\Middleware\\ShareErrorsFromSession->handle()
#28 /home/skytech/ISP-BILLING-main/vendor/laravel/framework/src/Illuminate/Session/Middleware/StartSession.php(120): Illuminate\\Pipeline\\Pipeline->Illuminate\\Pipeline\\{closure}()
#29 /home/skytech/ISP-BILLING-main/vendor/laravel/framework/src/Illuminate/Session/Middleware/StartSession.php(63): Illuminate\\Session\\Middleware\\StartSession->handleStatefulRequest()
#30 /home/skytech/ISP-BILLING-main/vendor/laravel/framework/src/Illuminate/Pipeline/Pipeline.php(219): Illuminate\\Session\\Middleware\\StartSession->handle()
#31 /home/skytech/ISP-BILLING-main/vendor/laravel/framework/src/Illuminate/Cookie/Middleware/AddQueuedCookiesToResponse.php(36): Illuminate\\Pipeline\\Pipeline->Illuminate\\Pipeline\\{closure}()
#32 /home/skytech/ISP-BILLING-main/vendor/laravel/framework/src/Illuminate/Pipeline/Pipeline.php(219): Illuminate\\Cookie\\Middleware\\AddQueuedCookiesToResponse->handle()
#33 /home/skytech/ISP-BILLING-main/vendor/laravel/framework/src/Illuminate/Cookie/Middleware/EncryptCookies.php(74): Illuminate\\Pipeline\\Pipeline->Illuminate\\Pipeline\\{closure}()
#34 /home/skytech/ISP-BILLING-main/vendor/laravel/framework/src/Illuminate/Pipeline/Pipeline.php(219): Illuminate\\Cookie\\Middleware\\EncryptCookies->handle()
#35 /home/skytech/ISP-BILLING-main/vendor/filament/filament/src/Http/Middleware/SetUpPanel.php(19): Illuminate\\Pipeline\\Pipeline->Illuminate\\Pipeline\\{closure}()
#36 /home/skytech/ISP-BILLING-main/vendor/laravel/framework/src/Illuminate/Pipeline/Pipeline.php(219): Filament\\Http\\Middleware\\SetUpPanel->handle()
#37 /home/skytech/ISP-BILLING-main/vendor/laravel/framework/src/Illuminate/Pipeline/Pipeline.php(137): Illuminate\\Pipeline\\Pipeline->Illuminate\\Pipeline\\{closure}()
#38 /home/skytech/ISP-BILLING-main/vendor/laravel/framework/src/Illuminate/Routing/Router.php(821): Illuminate\\Pipeline\\Pipeline->then()
#39 /home/skytech/ISP-BILLING-main/vendor/laravel/framework/src/Illuminate/Routing/Router.php(800): Illuminate\\Routing\\Router->runRouteWithinStack()
#40 /home/skytech/ISP-BILLING-main/vendor/laravel/framework/src/Illuminate/Routing/Router.php(764): Illuminate\\Routing\\Router->runRoute()
#41 /home/skytech/ISP-BILLING-main/vendor/laravel/framework/src/Illuminate/Routing/Router.php(753): Illuminate\\Routing\\Router->dispatchToRoute()
#42 /home/skytech/ISP-BILLING-main/vendor/laravel/framework/src/Illuminate/Foundation/Http/Kernel.php(200): Illuminate\\Routing\\Router->dispatch()
#43 /home/skytech/ISP-BILLING-main/vendor/laravel/framework/src/Illuminate/Pipeline/Pipeline.php(180): Illuminate\\Foundation\\Http\\Kernel->Illuminate\\Foundation\\Http\\{closure}()
#44 /home/skytech/ISP-BILLING-main/vendor/livewire/livewire/src/Features/SupportDisablingBackButtonCache/DisableBackButtonCacheMiddleware.php(19): Illuminate\\Pipeline\\Pipeline->Illuminate\\Pipeline\\{closure}()
#45 /home/skytech/ISP-BILLING-main/vendor/laravel/framework/src/Illuminate/Pipeline/Pipeline.php(219): Livewire\\Features\\SupportDisablingBackButtonCache\\DisableBackButtonCacheMiddleware->handle()
#46 /home/skytech/ISP-BILLING-main/app/Http/Middleware/CheckSiteStatus.php(55): Illuminate\\Pipeline\\Pipeline->Illuminate\\Pipeline\\{closure}()
#47 /home/skytech/ISP-BILLING-main/vendor/laravel/framework/src/Illuminate/Pipeline/Pipeline.php(219): App\\Http\\Middleware\\CheckSiteStatus->handle()
#48 /home/skytech/ISP-BILLING-main/vendor/laravel/framework/src/Illuminate/Foundation/Http/Middleware/TransformsRequest.php(21): Illuminate\\Pipeline\\Pipeline->Illuminate\\Pipeline\\{closure}()
#49 /home/skytech/ISP-BILLING-main/vendor/laravel/framework/src/Illuminate/Foundation/Http/Middleware/ConvertEmptyStringsToNull.php(31): Illuminate\\Foundation\\Http\\Middleware\\TransformsRequest->handle()
#50 /home/skytech/ISP-BILLING-main/vendor/laravel/framework/src/Illuminate/Pipeline/Pipeline.php(219): Illuminate\\Foundation\\Http\\Middleware\\ConvertEmptyStringsToNull->handle()
#51 /home/skytech/ISP-BILLING-main/vendor/laravel/framework/src/Illuminate/Foundation/Http/Middleware/TransformsRequest.php(21): Illuminate\\Pipeline\\Pipeline->Illuminate\\Pipeline\\{closure}()
#52 /home/skytech/ISP-BILLING-main/vendor/laravel/framework/src/Illuminate/Foundation/Http/Middleware/TrimStrings.php(51): Illuminate\\Foundation\\Http\\Middleware\\TransformsRequest->handle()
#53 /home/skytech/ISP-BILLING-main/vendor/laravel/framework/src/Illuminate/Pipeline/Pipeline.php(219): Illuminate\\Foundation\\Http\\Middleware\\TrimStrings->handle()
#54 /home/skytech/ISP-BILLING-main/vendor/laravel/framework/src/Illuminate/Http/Middleware/ValidatePostSize.php(27): Illuminate\\Pipeline\\Pipeline->Illuminate\\Pipeline\\{closure}()
#55 /home/skytech/ISP-BILLING-main/vendor/laravel/framework/src/Illuminate/Pipeline/Pipeline.php(219): Illuminate\\Http\\Middleware\\ValidatePostSize->handle()
#56 /home/skytech/ISP-BILLING-main/vendor/laravel/framework/src/Illuminate/Foundation/Http/Middleware/PreventRequestsDuringMaintenance.php(109): Illuminate\\Pipeline\\Pipeline->Illuminate\\Pipeline\\{closure}()
#57 /home/skytech/ISP-BILLING-main/vendor/laravel/framework/src/Illuminate/Pipeline/Pipeline.php(219): Illuminate\\Foundation\\Http\\Middleware\\PreventRequestsDuringMaintenance->handle()
#58 /home/skytech/ISP-BILLING-main/vendor/laravel/framework/src/Illuminate/Http/Middleware/HandleCors.php(61): Illuminate\\Pipeline\\Pipeline->Illuminate\\Pipeline\\{closure}()
#59 /home/skytech/ISP-BILLING-main/vendor/laravel/framework/src/Illuminate/Pipeline/Pipeline.php(219): Illuminate\\Http\\Middleware\\HandleCors->handle()
#60 /home/skytech/ISP-BILLING-main/vendor/laravel/framework/src/Illuminate/Http/Middleware/TrustProxies.php(58): Illuminate\\Pipeline\\Pipeline->Illuminate\\Pipeline\\{closure}()
#61 /home/skytech/ISP-BILLING-main/vendor/laravel/framework/src/Illuminate/Pipeline/Pipeline.php(219): Illuminate\\Http\\Middleware\\TrustProxies->handle()
#62 /home/skytech/ISP-BILLING-main/vendor/laravel/framework/src/Illuminate/Foundation/Http/Middleware/InvokeDeferredCallbacks.php(22): Illuminate\\Pipeline\\Pipeline->Illuminate\\Pipeline\\{closure}()
#63 /home/skytech/ISP-BILLING-main/vendor/laravel/framework/src/Illuminate/Pipeline/Pipeline.php(219): Illuminate\\Foundation\\Http\\Middleware\\InvokeDeferredCallbacks->handle()
#64 /home/skytech/ISP-BILLING-main/vendor/laravel/framework/src/Illuminate/Http/Middleware/ValidatePathEncoding.php(26): Illuminate\\Pipeline\\Pipeline->Illuminate\\Pipeline\\{closure}()
#65 /home/skytech/ISP-BILLING-main/vendor/laravel/framework/src/Illuminate/Pipeline/Pipeline.php(219): Illuminate\\Http\\Middleware\\ValidatePathEncoding->handle()
#66 /home/skytech/ISP-BILLING-main/vendor/laravel/framework/src/Illuminate/Pipeline/Pipeline.php(137): Illuminate\\Pipeline\\Pipeline->Illuminate\\Pipeline\\{closure}()
#67 /home/skytech/ISP-BILLING-main/vendor/laravel/framework/src/Illuminate/Foundation/Http/Kernel.php(175): Illuminate\\Pipeline\\Pipeline->then()
#68 /home/skytech/ISP-BILLING-main/vendor/laravel/framework/src/Illuminate/Foundation/Http/Kernel.php(144): Illuminate\\Foundation\\Http\\Kernel->sendRequestThroughRouter()
#69 /home/skytech/ISP-BILLING-main/vendor/laravel/framework/src/Illuminate/Foundation/Application.php(1220): Illuminate\\Foundation\\Http\\Kernel->handle()
#70 /home/skytech/ISP-BILLING-main/public/index.php(20): Illuminate\\Foundation\\Application->handleRequest()
#71 {main}
"} 
[2026-09-25 10:38:34] production.ERROR: Route [filament.portal.pages.dashboard] not defined. {"userId":1,"exception":"[object] (Symfony\\Component\\Routing\\Exception\\RouteNotFoundException(code: 0): Route [filament.portal.pages.dashboard] not defined. at /home/skytech/ISP-BILLING-main/vendor/laravel/framework/src/Illuminate/Routing/UrlGenerator.php:534)
[stacktrace]
#0 /home/skytech/ISP-BILLING-main/vendor/laravel/framework/src/Illuminate/Foundation/helpers.php(870): Illuminate\\Routing\\UrlGenerator->route()
#1 /home/skytech/ISP-BILLING-main/vendor/filament/filament/src/Pages/Page.php(108): route()
#2 /home/skytech/ISP-BILLING-main/vendor/filament/filament/src/Pages/Page.php(272): Filament\\Pages\\Page::getUrl()
#3 /home/skytech/ISP-BILLING-main/vendor/filament/filament/src/Pages/Page.php(160): Filament\\Pages\\Page::getNavigationUrl()
#4 /home/skytech/ISP-BILLING-main/vendor/filament/filament/src/Pages/Page.php(139): Filament\\Pages\\Page::getNavigationItems()
#5 /home/skytech/ISP-BILLING-main/vendor/filament/filament/src/Navigation/NavigationManager.php(194): Filament\\Pages\\Page::registerNavigationItems()
#6 /home/skytech/ISP-BILLING-main/vendor/filament/filament/src/Navigation/NavigationManager.php(54): Filament\\Navigation\\NavigationManager->mountNavigation()
#7 /home/skytech/ISP-BILLING-main/vendor/filament/filament/src/Panel/Concerns/HasRoutes.php(225): Filament\\Navigation\\NavigationManager->get()
#8 /home/skytech/ISP-BILLING-main/vendor/filament/filament/src/Http/Controllers/RedirectToHomeController.php(14): Filament\\Panel->getRedirectUrl()
#9 /home/skytech/ISP-BILLING-main/vendor/laravel/framework/src/Illuminate/Routing/ControllerDispatcher.php(46): Filament\\Http\\Controllers\\RedirectToHomeController->__invoke()
#10 /home/skytech/ISP-BILLING-main/vendor/laravel/framework/src/Illuminate/Routing/Route.php(265): Illuminate\\Routing\\ControllerDispatcher->dispatch()
#11 /home/skytech/ISP-BILLING-main/vendor/laravel/framework/src/Illuminate/Routing/Route.php(211): Illuminate\\Routing\\Route->runController()
#12 /home/skytech/ISP-BILLING-main/vendor/laravel/framework/src/Illuminate/Routing/Router.php(822): Illuminate\\Routing\\Route->run()
#13 /home/skytech/ISP-BILLING-main/vendor/laravel/framework/src/Illuminate/Pipeline/Pipeline.php(180): Illuminate\\Routing\\Router->Illuminate\\Routing\\{closure}()
#14 /home/skytech/ISP-BILLING-main/vendor/filament/filament/src/Http/Middleware/DispatchServingFilamentEvent.php(15): Illuminate\\Pipeline\\Pipeline->Illuminate\\Pipeline\\{closure}()
#15 /home/skytech/ISP-BILLING-main/vendor/laravel/framework/src/Illuminate/Pipeline/Pipeline.php(219): Filament\\Http\\Middleware\\DispatchServingFilamentEvent->handle()
#16 /home/skytech/ISP-BILLING-main/vendor/filament/filament/src/Http/Middleware/DisableBladeIconComponents.php(14): Illuminate\\Pipeline\\Pipeline->Illuminate\\Pipeline\\{closure}()
#17 /home/skytech/ISP-BILLING-main/vendor/laravel/framework/src/Illuminate/Pipeline/Pipeline.php(219): Filament\\Http\\Middleware\\DisableBladeIconComponents->handle()
#18 /home/skytech/ISP-BILLING-main/vendor/laravel/framework/src/Illuminate/Routing/Middleware/SubstituteBindings.php(50): Illuminate\\Pipeline\\Pipeline->Illuminate\\Pipeline\\{closure}()
#19 /home/skytech/ISP-BILLING-main/vendor/laravel/framework/src/Illuminate/Pipeline/Pipeline.php(219): Illuminate\\Routing\\Middleware\\SubstituteBindings->handle()
#20 /home/skytech/ISP-BILLING-main/vendor/laravel/framework/src/Illuminate/Foundation/Http/Middleware/VerifyCsrfToken.php(87): Illuminate\\Pipeline\\Pipeline->Illuminate\\Pipeline\\{closure}()
#21 /home/skytech/ISP-BILLING-main/vendor/laravel/framework/src/Illuminate/Pipeline/Pipeline.php(219): Illuminate\\Foundation\\Http\\Middleware\\VerifyCsrfToken->handle()
#22 /home/skytech/ISP-BILLING-main/vendor/laravel/framework/src/Illuminate/Session/Middleware/AuthenticateSession.php(70): Illuminate\\Pipeline\\Pipeline->Illuminate\\Pipeline\\{closure}()
#23 /home/skytech/ISP-BILLING-main/vendor/laravel/framework/src/Illuminate/Pipeline/Pipeline.php(219): Illuminate\\Session\\Middleware\\AuthenticateSession->handle()
#24 /home/skytech/ISP-BILLING-main/vendor/laravel/framework/src/Illuminate/Auth/Middleware/Authenticate.php(63): Illuminate\\Pipeline\\Pipeline->Illuminate\\Pipeline\\{closure}()
#25 /home/skytech/ISP-BILLING-main/vendor/laravel/framework/src/Illuminate/Pipeline/Pipeline.php(219): Illuminate\\Auth\\Middleware\\Authenticate->handle()
#26 /home/skytech/ISP-BILLING-main/vendor/laravel/framework/src/Illuminate/View/Middleware/ShareErrorsFromSession.php(48): Illuminate\\Pipeline\\Pipeline->Illuminate\\Pipeline\\{closure}()
#27 /home/skytech/ISP-BILLING-main/vendor/laravel/framework/src/Illuminate/Pipeline/Pipeline.php(219): Illuminate\\View\\Middleware\\ShareErrorsFromSession->handle()
#28 /home/skytech/ISP-BILLING-main/vendor/laravel/framework/src/Illuminate/Session/Middleware/StartSession.php(120): Illuminate\\Pipeline\\Pipeline->Illuminate\\Pipeline\\{closure}()
#29 /home/skytech/ISP-BILLING-main/vendor/laravel/framework/src/Illuminate/Session/Middleware/StartSession.php(63): Illuminate\\Session\\Middleware\\StartSession->handleStatefulRequest()
#30 /home/skytech/ISP-BILLING-main/vendor/laravel/framework/src/Illuminate/Pipeline/Pipeline.php(219): Illuminate\\Session\\Middleware\\StartSession->handle()
#31 /home/skytech/ISP-BILLING-main/vendor/laravel/framework/src/Illuminate/Cookie/Middleware/AddQueuedCookiesToResponse.php(36): Illuminate\\Pipeline\\Pipeline->Illuminate\\Pipeline\\{closure}()
#32 /home/skytech/ISP-BILLING-main/vendor/laravel/framework/src/Illuminate/Pipeline/Pipeline.php(219): Illuminate\\Cookie\\Middleware\\AddQueuedCookiesToResponse->handle()
#33 /home/skytech/ISP-BILLING-main/vendor/laravel/framework/src/Illuminate/Cookie/Middleware/EncryptCookies.php(74): Illuminate\\Pipeline\\Pipeline->Illuminate\\Pipeline\\{closure}()
#34 /home/skytech/ISP-BILLING-main/vendor/laravel/framework/src/Illuminate/Pipeline/Pipeline.php(219): Illuminate\\Cookie\\Middleware\\EncryptCookies->handle()
#35 /home/skytech/ISP-BILLING-main/vendor/filament/filament/src/Http/Middleware/SetUpPanel.php(19): Illuminate\\Pipeline\\Pipeline->Illuminate\\Pipeline\\{closure}()
#36 /home/skytech/ISP-BILLING-main/vendor/laravel/framework/src/Illuminate/Pipeline/Pipeline.php(219): Filament\\Http\\Middleware\\SetUpPanel->handle()
#37 /home/skytech/ISP-BILLING-main/vendor/laravel/framework/src/Illuminate/Pipeline/Pipeline.php(137): Illuminate\\Pipeline\\Pipeline->Illuminate\\Pipeline\\{closure}()
#38 /home/skytech/ISP-BILLING-main/vendor/laravel/framework/src/Illuminate/Routing/Router.php(821): Illuminate\\Pipeline\\Pipeline->then()
#39 /home/skytech/ISP-BILLING-main/vendor/laravel/framework/src/Illuminate/Routing/Router.php(800): Illuminate\\Routing\\Router->runRouteWithinStack()
#40 /home/skytech/ISP-BILLING-main/vendor/laravel/framework/src/Illuminate/Routing/Router.php(764): Illuminate\\Routing\\Router->runRoute()
#41 /home/skytech/ISP-BILLING-main/vendor/laravel/framework/src/Illuminate/Routing/Router.php(753): Illuminate\\Routing\\Router->dispatchToRoute()
#42 /home/skytech/ISP-BILLING-main/vendor/laravel/framework/src/Illuminate/Foundation/Http/Kernel.php(200): Illuminate\\Routing\\Router->dispatch()
#43 /home/skytech/ISP-BILLING-main/vendor/laravel/framework/src/Illuminate/Pipeline/Pipeline.php(180): Illuminate\\Foundation\\Http\\Kernel->Illuminate\\Foundation\\Http\\{closure}()
#44 /home/skytech/ISP-BILLING-main/vendor/livewire/livewire/src/Features/SupportDisablingBackButtonCache/DisableBackButtonCacheMiddleware.php(19): Illuminate\\Pipeline\\Pipeline->Illuminate\\Pipeline\\{closure}()
#45 /home/skytech/ISP-BILLING-main/vendor/laravel/framework/src/Illuminate/Pipeline/Pipeline.php(219): Livewire\\Features\\SupportDisablingBackButtonCache\\DisableBackButtonCacheMiddleware->handle()
#46 /home/skytech/ISP-BILLING-main/app/Http/Middleware/CheckSiteStatus.php(55): Illuminate\\Pipeline\\Pipeline->Illuminate\\Pipeline\\{closure}()
#47 /home/skytech/ISP-BILLING-main/vendor/laravel/framework/src/Illuminate/Pipeline/Pipeline.php(219): App\\Http\\Middleware\\CheckSiteStatus->handle()
#48 /home/skytech/ISP-BILLING-main/vendor/laravel/framework/src/Illuminate/Foundation/Http/Middleware/TransformsRequest.php(21): Illuminate\\Pipeline\\Pipeline->Illuminate\\Pipeline\\{closure}()
#49 /home/skytech/ISP-BILLING-main/vendor/laravel/framework/src/Illuminate/Foundation/Http/Middleware/ConvertEmptyStringsToNull.php(31): Illuminate\\Foundation\\Http\\Middleware\\TransformsRequest->handle()
#50 /home/skytech/ISP-BILLING-main/vendor/laravel/framework/src/Illuminate/Pipeline/Pipeline.php(219): Illuminate\\Foundation\\Http\\Middleware\\ConvertEmptyStringsToNull->handle()
#51 /home/skytech/ISP-BILLING-main/vendor/laravel/framework/src/Illuminate/Foundation/Http/Middleware/TransformsRequest.php(21): Illuminate\\Pipeline\\Pipeline->Illuminate\\Pipeline\\{closure}()
#52 /home/skytech/ISP-BILLING-main/vendor/laravel/framework/src/Illuminate/Foundation/Http/Middleware/TrimStrings.php(51): Illuminate\\Foundation\\Http\\Middleware\\TransformsRequest->handle()
#53 /home/skytech/ISP-BILLING-main/vendor/laravel/framework/src/Illuminate/Pipeline/Pipeline.php(219): Illuminate\\Foundation\\Http\\Middleware\\TrimStrings->handle()
#54 /home/skytech/ISP-BILLING-main/vendor/laravel/framework/src/Illuminate/Http/Middleware/ValidatePostSize.php(27): Illuminate\\Pipeline\\Pipeline->Illuminate\\Pipeline\\{closure}()
#55 /home/skytech/ISP-BILLING-main/vendor/laravel/framework/src/Illuminate/Pipeline/Pipeline.php(219): Illuminate\\Http\\Middleware\\ValidatePostSize->handle()
#56 /home/skytech/ISP-BILLING-main/vendor/laravel/framework/src/Illuminate/Foundation/Http/Middleware/PreventRequestsDuringMaintenance.php(109): Illuminate\\Pipeline\\Pipeline->Illuminate\\Pipeline\\{closure}()
#57 /home/skytech/ISP-BILLING-main/vendor/laravel/framework/src/Illuminate/Pipeline/Pipeline.php(219): Illuminate\\Foundation\\Http\\Middleware\\PreventRequestsDuringMaintenance->handle()
#58 /home/skytech/ISP-BILLING-main/vendor/laravel/framework/src/Illuminate/Http/Middleware/HandleCors.php(61): Illuminate\\Pipeline\\Pipeline->Illuminate\\Pipeline\\{closure}()
#59 /home/skytech/ISP-BILLING-main/vendor/laravel/framework/src/Illuminate/Pipeline/Pipeline.php(219): Illuminate\\Http\\Middleware\\HandleCors->handle()
#60 /home/skytech/ISP-BILLING-main/vendor/laravel/framework/src/Illuminate/Http/Middleware/TrustProxies.php(58): Illuminate\\Pipeline\\Pipeline->Illuminate\\Pipeline\\{closure}()
#61 /home/skytech/ISP-BILLING-main/vendor/laravel/framework/src/Illuminate/Pipeline/Pipeline.php(219): Illuminate\\Http\\Middleware\\TrustProxies->handle()
#62 /home/skytech/ISP-BILLING-main/vendor/laravel/framework/src/Illuminate/Foundation/Http/Middleware/InvokeDeferredCallbacks.php(22): Illuminate\\Pipeline\\Pipeline->Illuminate\\Pipeline\\{closure}()
#63 /home/skytech/ISP-BILLING-main/vendor/laravel/framework/src/Illuminate/Pipeline/Pipeline.php(219): Illuminate\\Foundation\\Http\\Middleware\\InvokeDeferredCallbacks->handle()
#64 /home/skytech/ISP-BILLING-main/vendor/laravel/framework/src/Illuminate/Http/Middleware/ValidatePathEncoding.php(26): Illuminate\\Pipeline\\Pipeline->Illuminate\\Pipeline\\{closure}()
#65 /home/skytech/ISP-BILLING-main/vendor/laravel/framework/src/Illuminate/Pipeline/Pipeline.php(219): Illuminate\\Http\\Middleware\\ValidatePathEncoding->handle()
#66 /home/skytech/ISP-BILLING-main/vendor/laravel/framework/src/Illuminate/Pipeline/Pipeline.php(137): Illuminate\\Pipeline\\Pipeline->Illuminate\\Pipeline\\{closure}()
#67 /home/skytech/ISP-BILLING-main/vendor/laravel/framework/src/Illuminate/Foundation/Http/Kernel.php(175): Illuminate\\Pipeline\\Pipeline->then()
#68 /home/skytech/ISP-BILLING-main/vendor/laravel/framework/src/Illuminate/Foundation/Http/Kernel.php(144): Illuminate\\Foundation\\Http\\Kernel->sendRequestThroughRouter()
#69 /home/skytech/ISP-BILLING-main/vendor/laravel/framework/src/Illuminate/Foundation/Application.php(1220): Illuminate\\Foundation\\Http\\Kernel->handle()
#70 /home/skytech/ISP-BILLING-main/public/index.php(20): Illuminate\\Foundation\\Application->handleRequest()
#71 {main}
"} 
[2026-09-25 10:38:37] production.ERROR: Route [filament.portal.pages.dashboard] not defined. {"userId":1,"exception":"[object] (Symfony\\Component\\Routing\\Exception\\RouteNotFoundException(code: 0): Route [filament.portal.pages.dashboard] not defined. at /home/skytech/ISP-BILLING-main/vendor/laravel/framework/src/Illuminate/Routing/UrlGenerator.php:534)
[stacktrace]
#0 /home/skytech/ISP-BILLING-main/vendor/laravel/framework/src/Illuminate/Foundation/helpers.php(870): Illuminate\\Routing\\UrlGenerator->route()
#1 /home/skytech/ISP-BILLING-main/vendor/filament/filament/src/Pages/Page.php(108): route()
#2 /home/skytech/ISP-BILLING-main/vendor/filament/filament/src/Pages/Page.php(272): Filament\\Pages\\Page::getUrl()
#3 /home/skytech/ISP-BILLING-main/vendor/filament/filament/src/Pages/Page.php(160): Filament\\Pages\\Page::getNavigationUrl()
#4 /home/skytech/ISP-BILLING-main/vendor/filament/filament/src/Pages/Page.php(139): Filament\\Pages\\Page::getNavigationItems()
#5 /home/skytech/ISP-BILLING-main/vendor/filament/filament/src/Navigation/NavigationManager.php(194): Filament\\Pages\\Page::registerNavigationItems()
#6 /home/skytech/ISP-BILLING-main/vendor/filament/filament/src/Navigation/NavigationManager.php(54): Filament\\Navigation\\NavigationManager->mountNavigation()
#7 /home/skytech/ISP-BILLING-main/vendor/filament/filament/src/Panel/Concerns/HasRoutes.php(225): Filament\\Navigation\\NavigationManager->get()
#8 /home/skytech/ISP-BILLING-main/vendor/filament/filament/src/Http/Controllers/RedirectToHomeController.php(14): Filament\\Panel->getRedirectUrl()
#9 /home/skytech/ISP-BILLING-main/vendor/laravel/framework/src/Illuminate/Routing/ControllerDispatcher.php(46): Filament\\Http\\Controllers\\RedirectToHomeController->__invoke()
#10 /home/skytech/ISP-BILLING-main/vendor/laravel/framework/src/Illuminate/Routing/Route.php(265): Illuminate\\Routing\\ControllerDispatcher->dispatch()
#11 /home/skytech/ISP-BILLING-main/vendor/laravel/framework/src/Illuminate/Routing/Route.php(211): Illuminate\\Routing\\Route->runController()
#12 /home/skytech/ISP-BILLING-main/vendor/laravel/framework/src/Illuminate/Routing/Router.php(822): Illuminate\\Routing\\Route->run()
#13 /home/skytech/ISP-BILLING-main/vendor/laravel/framework/src/Illuminate/Pipeline/Pipeline.php(180): Illuminate\\Routing\\Router->Illuminate\\Routing\\{closure}()
#14 /home/skytech/ISP-BILLING-main/vendor/filament/filament/src/Http/Middleware/DispatchServingFilamentEvent.php(15): Illuminate\\Pipeline\\Pipeline->Illuminate\\Pipeline\\{closure}()
#15 /home/skytech/ISP-BILLING-main/vendor/laravel/framework/src/Illuminate/Pipeline/Pipeline.php(219): Filament\\Http\\Middleware\\DispatchServingFilamentEvent->handle()
#16 /home/skytech/ISP-BILLING-main/vendor/filament/filament/src/Http/Middleware/DisableBladeIconComponents.php(14): Illuminate\\Pipeline\\Pipeline->Illuminate\\Pipeline\\{closure}()
#17 /home/skytech/ISP-BILLING-main/vendor/laravel/framework/src/Illuminate/Pipeline/Pipeline.php(219): Filament\\Http\\Middleware\\DisableBladeIconComponents->handle()
#18 /home/skytech/ISP-BILLING-main/vendor/laravel/framework/src/Illuminate/Routing/Middleware/SubstituteBindings.php(50): Illuminate\\Pipeline\\Pipeline->Illuminate\\Pipeline\\{closure}()
#19 /home/skytech/ISP-BILLING-main/vendor/laravel/framework/src/Illuminate/Pipeline/Pipeline.php(219): Illuminate\\Routing\\Middleware\\SubstituteBindings->handle()
#20 /home/skytech/ISP-BILLING-main/vendor/laravel/framework/src/Illuminate/Foundation/Http/Middleware/VerifyCsrfToken.php(87): Illuminate\\Pipeline\\Pipeline->Illuminate\\Pipeline\\{closure}()
#21 /home/skytech/ISP-BILLING-main/vendor/laravel/framework/src/Illuminate/Pipeline/Pipeline.php(219): Illuminate\\Foundation\\Http\\Middleware\\VerifyCsrfToken->handle()
#22 /home/skytech/ISP-BILLING-main/vendor/laravel/framework/src/Illuminate/Session/Middleware/AuthenticateSession.php(70): Illuminate\\Pipeline\\Pipeline->Illuminate\\Pipeline\\{closure}()
#23 /home/skytech/ISP-BILLING-main/vendor/laravel/framework/src/Illuminate/Pipeline/Pipeline.php(219): Illuminate\\Session\\Middleware\\AuthenticateSession->handle()
#24 /home/skytech/ISP-BILLING-main/vendor/laravel/framework/src/Illuminate/Auth/Middleware/Authenticate.php(63): Illuminate\\Pipeline\\Pipeline->Illuminate\\Pipeline\\{closure}()
#25 /home/skytech/ISP-BILLING-main/vendor/laravel/framework/src/Illuminate/Pipeline/Pipeline.php(219): Illuminate\\Auth\\Middleware\\Authenticate->handle()
#26 /home/skytech/ISP-BILLING-main/vendor/laravel/framework/src/Illuminate/View/Middleware/ShareErrorsFromSession.php(48): Illuminate\\Pipeline\\Pipeline->Illuminate\\Pipeline\\{closure}()
#27 /home/skytech/ISP-BILLING-main/vendor/laravel/framework/src/Illuminate/Pipeline/Pipeline.php(219): Illuminate\\View\\Middleware\\ShareErrorsFromSession->handle()
#28 /home/skytech/ISP-BILLING-main/vendor/laravel/framework/src/Illuminate/Session/Middleware/StartSession.php(120): Illuminate\\Pipeline\\Pipeline->Illuminate\\Pipeline\\{closure}()
#29 /home/skytech/ISP-BILLING-main/vendor/laravel/framework/src/Illuminate/Session/Middleware/StartSession.php(63): Illuminate\\Session\\Middleware\\StartSession->handleStatefulRequest()
#30 /home/skytech/ISP-BILLING-main/vendor/laravel/framework/src/Illuminate/Pipeline/Pipeline.php(219): Illuminate\\Session\\Middleware\\StartSession->handle()
#31 /home/skytech/ISP-BILLING-main/vendor/laravel/framework/src/Illuminate/Cookie/Middleware/AddQueuedCookiesToResponse.php(36): Illuminate\\Pipeline\\Pipeline->Illuminate\\Pipeline\\{closure}()
#32 /home/skytech/ISP-BILLING-main/vendor/laravel/framework/src/Illuminate/Pipeline/Pipeline.php(219): Illuminate\\Cookie\\Middleware\\AddQueuedCookiesToResponse->handle()
#33 /home/skytech/ISP-BILLING-main/vendor/laravel/framework/src/Illuminate/Cookie/Middleware/EncryptCookies.php(74): Illuminate\\Pipeline\\Pipeline->Illuminate\\Pipeline\\{closure}()
#34 /home/skytech/ISP-BILLING-main/vendor/laravel/framework/src/Illuminate/Pipeline/Pipeline.php(219): Illuminate\\Cookie\\Middleware\\EncryptCookies->handle()
#35 /home/skytech/ISP-BILLING-main/vendor/filament/filament/src/Http/Middleware/SetUpPanel.php(19): Illuminate\\Pipeline\\Pipeline->Illuminate\\Pipeline\\{closure}()
#36 /home/skytech/ISP-BILLING-main/vendor/laravel/framework/src/Illuminate/Pipeline/Pipeline.php(219): Filament\\Http\\Middleware\\SetUpPanel->handle()
#37 /home/skytech/ISP-BILLING-main/vendor/laravel/framework/src/Illuminate/Pipeline/Pipeline.php(137): Illuminate\\Pipeline\\Pipeline->Illuminate\\Pipeline\\{closure}()
#38 /home/skytech/ISP-BILLING-main/vendor/laravel/framework/src/Illuminate/Routing/Router.php(821): Illuminate\\Pipeline\\Pipeline->then()
#39 /home/skytech/ISP-BILLING-main/vendor/laravel/framework/src/Illuminate/Routing/Router.php(800): Illuminate\\Routing\\Router->runRouteWithinStack()
#40 /home/skytech/ISP-BILLING-main/vendor/laravel/framework/src/Illuminate/Routing/Router.php(764): Illuminate\\Routing\\Router->runRoute()
#41 /home/skytech/ISP-BILLING-main/vendor/laravel/framework/src/Illuminate/Routing/Router.php(753): Illuminate\\Routing\\Router->dispatchToRoute()
#42 /home/skytech/ISP-BILLING-main/vendor/laravel/framework/src/Illuminate/Foundation/Http/Kernel.php(200): Illuminate\\Routing\\Router->dispatch()
#43 /home/skytech/ISP-BILLING-main/vendor/laravel/framework/src/Illuminate/Pipeline/Pipeline.php(180): Illuminate\\Foundation\\Http\\Kernel->Illuminate\\Foundation\\Http\\{closure}()
#44 /home/skytech/ISP-BILLING-main/vendor/livewire/livewire/src/Features/SupportDisablingBackButtonCache/DisableBackButtonCacheMiddleware.php(19): Illuminate\\Pipeline\\Pipeline->Illuminate\\Pipeline\\{closure}()
#45 /home/skytech/ISP-BILLING-main/vendor/laravel/framework/src/Illuminate/Pipeline/Pipeline.php(219): Livewire\\Features\\SupportDisablingBackButtonCache\\DisableBackButtonCacheMiddleware->handle()
#46 /home/skytech/ISP-BILLING-main/app/Http/Middleware/CheckSiteStatus.php(55): Illuminate\\Pipeline\\Pipeline->Illuminate\\Pipeline\\{closure}()
#47 /home/skytech/ISP-BILLING-main/vendor/laravel/framework/src/Illuminate/Pipeline/Pipeline.php(219): App\\Http\\Middleware\\CheckSiteStatus->handle()
#48 /home/skytech/ISP-BILLING-main/vendor/laravel/framework/src/Illuminate/Foundation/Http/Middleware/TransformsRequest.php(21): Illuminate\\Pipeline\\Pipeline->Illuminate\\Pipeline\\{closure}()
#49 /home/skytech/ISP-BILLING-main/vendor/laravel/framework/src/Illuminate/Foundation/Http/Middleware/ConvertEmptyStringsToNull.php(31): Illuminate\\Foundation\\Http\\Middleware\\TransformsRequest->handle()
#50 /home/skytech/ISP-BILLING-main/vendor/laravel/framework/src/Illuminate/Pipeline/Pipeline.php(219): Illuminate\\Foundation\\Http\\Middleware\\ConvertEmptyStringsToNull->handle()
#51 /home/skytech/ISP-BILLING-main/vendor/laravel/framework/src/Illuminate/Foundation/Http/Middleware/TransformsRequest.php(21): Illuminate\\Pipeline\\Pipeline->Illuminate\\Pipeline\\{closure}()
#52 /home/skytech/ISP-BILLING-main/vendor/laravel/framework/src/Illuminate/Foundation/Http/Middleware/TrimStrings.php(51): Illuminate\\Foundation\\Http\\Middleware\\TransformsRequest->handle()
#53 /home/skytech/ISP-BILLING-main/vendor/laravel/framework/src/Illuminate/Pipeline/Pipeline.php(219): Illuminate\\Foundation\\Http\\Middleware\\TrimStrings->handle()
#54 /home/skytech/ISP-BILLING-main/vendor/laravel/framework/src/Illuminate/Http/Middleware/ValidatePostSize.php(27): Illuminate\\Pipeline\\Pipeline->Illuminate\\Pipeline\\{closure}()
#55 /home/skytech/ISP-BILLING-main/vendor/laravel/framework/src/Illuminate/Pipeline/Pipeline.php(219): Illuminate\\Http\\Middleware\\ValidatePostSize->handle()
#56 /home/skytech/ISP-BILLING-main/vendor/laravel/framework/src/Illuminate/Foundation/Http/Middleware/PreventRequestsDuringMaintenance.php(109): Illuminate\\Pipeline\\Pipeline->Illuminate\\Pipeline\\{closure}()
#57 /home/skytech/ISP-BILLING-main/vendor/laravel/framework/src/Illuminate/Pipeline/Pipeline.php(219): Illuminate\\Foundation\\Http\\Middleware\\PreventRequestsDuringMaintenance->handle()
#58 /home/skytech/ISP-BILLING-main/vendor/laravel/framework/src/Illuminate/Http/Middleware/HandleCors.php(61): Illuminate\\Pipeline\\Pipeline->Illuminate\\Pipeline\\{closure}()
#59 /home/skytech/ISP-BILLING-main/vendor/laravel/framework/src/Illuminate/Pipeline/Pipeline.php(219): Illuminate\\Http\\Middleware\\HandleCors->handle()
#60 /home/skytech/ISP-BILLING-main/vendor/laravel/framework/src/Illuminate/Http/Middleware/TrustProxies.php(58): Illuminate\\Pipeline\\Pipeline->Illuminate\\Pipeline\\{closure}()
#61 /home/skytech/ISP-BILLING-main/vendor/laravel/framework/src/Illuminate/Pipeline/Pipeline.php(219): Illuminate\\Http\\Middleware\\TrustProxies->handle()
#62 /home/skytech/ISP-BILLING-main/vendor/laravel/framework/src/Illuminate/Foundation/Http/Middleware/InvokeDeferredCallbacks.php(22): Illuminate\\Pipeline\\Pipeline->Illuminate\\Pipeline\\{closure}()
#63 /home/skytech/ISP-BILLING-main/vendor/laravel/framework/src/Illuminate/Pipeline/Pipeline.php(219): Illuminate\\Foundation\\Http\\Middleware\\InvokeDeferredCallbacks->handle()
#64 /home/skytech/ISP-BILLING-main/vendor/laravel/framework/src/Illuminate/Http/Middleware/ValidatePathEncoding.php(26): Illuminate\\Pipeline\\Pipeline->Illuminate\\Pipeline\\{closure}()
#65 /home/skytech/ISP-BILLING-main/vendor/laravel/framework/src/Illuminate/Pipeline/Pipeline.php(219): Illuminate\\Http\\Middleware\\ValidatePathEncoding->handle()
#66 /home/skytech/ISP-BILLING-main/vendor/laravel/framework/src/Illuminate/Pipeline/Pipeline.php(137): Illuminate\\Pipeline\\Pipeline->Illuminate\\Pipeline\\{closure}()
#67 /home/skytech/ISP-BILLING-main/vendor/laravel/framework/src/Illuminate/Foundation/Http/Kernel.php(175): Illuminate\\Pipeline\\Pipeline->then()
#68 /home/skytech/ISP-BILLING-main/vendor/laravel/framework/src/Illuminate/Foundation/Http/Kernel.php(144): Illuminate\\Foundation\\Http\\Kernel->sendRequestThroughRouter()
#69 /home/skytech/ISP-BILLING-main/vendor/laravel/framework/src/Illuminate/Foundation/Application.php(1220): Illuminate\\Foundation\\Http\\Kernel->handle()
#70 /home/skytech/ISP-BILLING-main/public/index.php(20): Illuminate\\Foundation\\Application->handleRequest()
#71 {main}
"} 
[2026-09-25 10:38:39] production.ERROR: Route [filament.portal.pages.dashboard] not defined. {"userId":1,"exception":"[object] (Symfony\\Component\\Routing\\Exception\\RouteNotFoundException(code: 0): Route [filament.portal.pages.dashboard] not defined. at /home/skytech/ISP-BILLING-main/vendor/laravel/framework/src/Illuminate/Routing/UrlGenerator.php:534)
[stacktrace]
#0 /home/skytech/ISP-BILLING-main/vendor/laravel/framework/src/Illuminate/Foundation/helpers.php(870): Illuminate\\Routing\\UrlGenerator->route()
#1 /home/skytech/ISP-BILLING-main/vendor/filament/filament/src/Pages/Page.php(108): route()
#2 /home/skytech/ISP-BILLING-main/vendor/filament/filament/src/Pages/Page.php(272): Filament\\Pages\\Page::getUrl()
#3 /home/skytech/ISP-BILLING-main/vendor/filament/filament/src/Pages/Page.php(160): Filament\\Pages\\Page::getNavigationUrl()
#4 /home/skytech/ISP-BILLING-main/vendor/filament/filament/src/Pages/Page.php(139): Filament\\Pages\\Page::getNavigationItems()
#5 /home/skytech/ISP-BILLING-main/vendor/filament/filament/src/Navigation/NavigationManager.php(194): Filament\\Pages\\Page::registerNavigationItems()
#6 /home/skytech/ISP-BILLING-main/vendor/filament/filament/src/Navigation/NavigationManager.php(54): Filament\\Navigation\\NavigationManager->mountNavigation()
#7 /home/skytech/ISP-BILLING-main/vendor/filament/filament/src/Panel/Concerns/HasRoutes.php(225): Filament\\Navigation\\NavigationManager->get()
#8 /home/skytech/ISP-BILLING-main/vendor/filament/filament/src/Http/Controllers/RedirectToHomeController.php(14): Filament\\Panel->getRedirectUrl()
#9 /home/skytech/ISP-BILLING-main/vendor/laravel/framework/src/Illuminate/Routing/ControllerDispatcher.php(46): Filament\\Http\\Controllers\\RedirectToHomeController->__invoke()
#10 /home/skytech/ISP-BILLING-main/vendor/laravel/framework/src/Illuminate/Routing/Route.php(265): Illuminate\\Routing\\ControllerDispatcher->dispatch()
#11 /home/skytech/ISP-BILLING-main/vendor/laravel/framework/src/Illuminate/Routing/Route.php(211): Illuminate\\Routing\\Route->runController()
#12 /home/skytech/ISP-BILLING-main/vendor/laravel/framework/src/Illuminate/Routing/Router.php(822): Illuminate\\Routing\\Route->run()
#13 /home/skytech/ISP-BILLING-main/vendor/laravel/framework/src/Illuminate/Pipeline/Pipeline.php(180): Illuminate\\Routing\\Router->Illuminate\\Routing\\{closure}()
#14 /home/skytech/ISP-BILLING-main/vendor/filament/filament/src/Http/Middleware/DispatchServingFilamentEvent.php(15): Illuminate\\Pipeline\\Pipeline->Illuminate\\Pipeline\\{closure}()
#15 /home/skytech/ISP-BILLING-main/vendor/laravel/framework/src/Illuminate/Pipeline/Pipeline.php(219): Filament\\Http\\Middleware\\DispatchServingFilamentEvent->handle()
#16 /home/skytech/ISP-BILLING-main/vendor/filament/filament/src/Http/Middleware/DisableBladeIconComponents.php(14): Illuminate\\Pipeline\\Pipeline->Illuminate\\Pipeline\\{closure}()
#17 /home/skytech/ISP-BILLING-main/vendor/laravel/framework/src/Illuminate/Pipeline/Pipeline.php(219): Filament\\Http\\Middleware\\DisableBladeIconComponents->handle()
#18 /home/skytech/ISP-BILLING-main/vendor/laravel/framework/src/Illuminate/Routing/Middleware/SubstituteBindings.php(50): Illuminate\\Pipeline\\Pipeline->Illuminate\\Pipeline\\{closure}()
#19 /home/skytech/ISP-BILLING-main/vendor/laravel/framework/src/Illuminate/Pipeline/Pipeline.php(219): Illuminate\\Routing\\Middleware\\SubstituteBindings->handle()
#20 /home/skytech/ISP-BILLING-main/vendor/laravel/framework/src/Illuminate/Foundation/Http/Middleware/VerifyCsrfToken.php(87): Illuminate\\Pipeline\\Pipeline->Illuminate\\Pipeline\\{closure}()
#21 /home/skytech/ISP-BILLING-main/vendor/laravel/framework/src/Illuminate/Pipeline/Pipeline.php(219): Illuminate\\Foundation\\Http\\Middleware\\VerifyCsrfToken->handle()
#22 /home/skytech/ISP-BILLING-main/vendor/laravel/framework/src/Illuminate/Session/Middleware/AuthenticateSession.php(70): Illuminate\\Pipeline\\Pipeline->Illuminate\\Pipeline\\{closure}()
#23 /home/skytech/ISP-BILLING-main/vendor/laravel/framework/src/Illuminate/Pipeline/Pipeline.php(219): Illuminate\\Session\\Middleware\\AuthenticateSession->handle()
#24 /home/skytech/ISP-BILLING-main/vendor/laravel/framework/src/Illuminate/Auth/Middleware/Authenticate.php(63): Illuminate\\Pipeline\\Pipeline->Illuminate\\Pipeline\\{closure}()
#25 /home/skytech/ISP-BILLING-main/vendor/laravel/framework/src/Illuminate/Pipeline/Pipeline.php(219): Illuminate\\Auth\\Middleware\\Authenticate->handle()
#26 /home/skytech/ISP-BILLING-main/vendor/laravel/framework/src/Illuminate/View/Middleware/ShareErrorsFromSession.php(48): Illuminate\\Pipeline\\Pipeline->Illuminate\\Pipeline\\{closure}()
#27 /home/skytech/ISP-BILLING-main/vendor/laravel/framework/src/Illuminate/Pipeline/Pipeline.php(219): Illuminate\\View\\Middleware\\ShareErrorsFromSession->handle()
#28 /home/skytech/ISP-BILLING-main/vendor/laravel/framework/src/Illuminate/Session/Middleware/StartSession.php(120): Illuminate\\Pipeline\\Pipeline->Illuminate\\Pipeline\\{closure}()
#29 /home/skytech/ISP-BILLING-main/vendor/laravel/framework/src/Illuminate/Session/Middleware/StartSession.php(63): Illuminate\\Session\\Middleware\\StartSession->handleStatefulRequest()
#30 /home/skytech/ISP-BILLING-main/vendor/laravel/framework/src/Illuminate/Pipeline/Pipeline.php(219): Illuminate\\Session\\Middleware\\StartSession->handle()
#31 /home/skytech/ISP-BILLING-main/vendor/laravel/framework/src/Illuminate/Cookie/Middleware/AddQueuedCookiesToResponse.php(36): Illuminate\\Pipeline\\Pipeline->Illuminate\\Pipeline\\{closure}()
#32 /home/skytech/ISP-BILLING-main/vendor/laravel/framework/src/Illuminate/Pipeline/Pipeline.php(219): Illuminate\\Cookie\\Middleware\\AddQueuedCookiesToResponse->handle()
#33 /home/skytech/ISP-BILLING-main/vendor/laravel/framework/src/Illuminate/Cookie/Middleware/EncryptCookies.php(74): Illuminate\\Pipeline\\Pipeline->Illuminate\\Pipeline\\{closure}()
#34 /home/skytech/ISP-BILLING-main/vendor/laravel/framework/src/Illuminate/Pipeline/Pipeline.php(219): Illuminate\\Cookie\\Middleware\\EncryptCookies->handle()
#35 /home/skytech/ISP-BILLING-main/vendor/filament/filament/src/Http/Middleware/SetUpPanel.php(19): Illuminate\\Pipeline\\Pipeline->Illuminate\\Pipeline\\{closure}()
#36 /home/skytech/ISP-BILLING-main/vendor/laravel/framework/src/Illuminate/Pipeline/Pipeline.php(219): Filament\\Http\\Middleware\\SetUpPanel->handle()
#37 /home/skytech/ISP-BILLING-main/vendor/laravel/framework/src/Illuminate/Pipeline/Pipeline.php(137): Illuminate\\Pipeline\\Pipeline->Illuminate\\Pipeline\\{closure}()
#38 /home/skytech/ISP-BILLING-main/vendor/laravel/framework/src/Illuminate/Routing/Router.php(821): Illuminate\\Pipeline\\Pipeline->then()
#39 /home/skytech/ISP-BILLING-main/vendor/laravel/framework/src/Illuminate/Routing/Router.php(800): Illuminate\\Routing\\Router->runRouteWithinStack()
#40 /home/skytech/ISP-BILLING-main/vendor/laravel/framework/src/Illuminate/Routing/Router.php(764): Illuminate\\Routing\\Router->runRoute()
#41 /home/skytech/ISP-BILLING-main/vendor/laravel/framework/src/Illuminate/Routing/Router.php(753): Illuminate\\Routing\\Router->dispatchToRoute()
#42 /home/skytech/ISP-BILLING-main/vendor/laravel/framework/src/Illuminate/Foundation/Http/Kernel.php(200): Illuminate\\Routing\\Router->dispatch()
#43 /home/skytech/ISP-BILLING-main/vendor/laravel/framework/src/Illuminate/Pipeline/Pipeline.php(180): Illuminate\\Foundation\\Http\\Kernel->Illuminate\\Foundation\\Http\\{closure}()
#44 /home/skytech/ISP-BILLING-main/vendor/livewire/livewire/src/Features/SupportDisablingBackButtonCache/DisableBackButtonCacheMiddleware.php(19): Illuminate\\Pipeline\\Pipeline->Illuminate\\Pipeline\\{closure}()
#45 /home/skytech/ISP-BILLING-main/vendor/laravel/framework/src/Illuminate/Pipeline/Pipeline.php(219): Livewire\\Features\\SupportDisablingBackButtonCache\\DisableBackButtonCacheMiddleware->handle()
#46 /home/skytech/ISP-BILLING-main/app/Http/Middleware/CheckSiteStatus.php(55): Illuminate\\Pipeline\\Pipeline->Illuminate\\Pipeline\\{closure}()
#47 /home/skytech/ISP-BILLING-main/vendor/laravel/framework/src/Illuminate/Pipeline/Pipeline.php(219): App\\Http\\Middleware\\CheckSiteStatus->handle()
#48 /home/skytech/ISP-BILLING-main/vendor/laravel/framework/src/Illuminate/Foundation/Http/Middleware/TransformsRequest.php(21): Illuminate\\Pipeline\\Pipeline->Illuminate\\Pipeline\\{closure}()
#49 /home/skytech/ISP-BILLING-main/vendor/laravel/framework/src/Illuminate/Foundation/Http/Middleware/ConvertEmptyStringsToNull.php(31): Illuminate\\Foundation\\Http\\Middleware\\TransformsRequest->handle()
#50 /home/skytech/ISP-BILLING-main/vendor/laravel/framework/src/Illuminate/Pipeline/Pipeline.php(219): Illuminate\\Foundation\\Http\\Middleware\\ConvertEmptyStringsToNull->handle()
#51 /home/skytech/ISP-BILLING-main/vendor/laravel/framework/src/Illuminate/Foundation/Http/Middleware/TransformsRequest.php(21): Illuminate\\Pipeline\\Pipeline->Illuminate\\Pipeline\\{closure}()
#52 /home/skytech/ISP-BILLING-main/vendor/laravel/framework/src/Illuminate/Foundation/Http/Middleware/TrimStrings.php(51): Illuminate\\Foundation\\Http\\Middleware\\TransformsRequest->handle()
#53 /home/skytech/ISP-BILLING-main/vendor/laravel/framework/src/Illuminate/Pipeline/Pipeline.php(219): Illuminate\\Foundation\\Http\\Middleware\\TrimStrings->handle()
#54 /home/skytech/ISP-BILLING-main/vendor/laravel/framework/src/Illuminate/Http/Middleware/ValidatePostSize.php(27): Illuminate\\Pipeline\\Pipeline->Illuminate\\Pipeline\\{closure}()
#55 /home/skytech/ISP-BILLING-main/vendor/laravel/framework/src/Illuminate/Pipeline/Pipeline.php(219): Illuminate\\Http\\Middleware\\ValidatePostSize->handle()
#56 /home/skytech/ISP-BILLING-main/vendor/laravel/framework/src/Illuminate/Foundation/Http/Middleware/PreventRequestsDuringMaintenance.php(109): Illuminate\\Pipeline\\Pipeline->Illuminate\\Pipeline\\{closure}()
#57 /home/skytech/ISP-BILLING-main/vendor/laravel/framework/src/Illuminate/Pipeline/Pipeline.php(219): Illuminate\\Foundation\\Http\\Middleware\\PreventRequestsDuringMaintenance->handle()
#58 /home/skytech/ISP-BILLING-main/vendor/laravel/framework/src/Illuminate/Http/Middleware/HandleCors.php(61): Illuminate\\Pipeline\\Pipeline->Illuminate\\Pipeline\\{closure}()
#59 /home/skytech/ISP-BILLING-main/vendor/laravel/framework/src/Illuminate/Pipeline/Pipeline.php(219): Illuminate\\Http\\Middleware\\HandleCors->handle()
#60 /home/skytech/ISP-BILLING-main/vendor/laravel/framework/src/Illuminate/Http/Middleware/TrustProxies.php(58): Illuminate\\Pipeline\\Pipeline->Illuminate\\Pipeline\\{closure}()
#61 /home/skytech/ISP-BILLING-main/vendor/laravel/framework/src/Illuminate/Pipeline/Pipeline.php(219): Illuminate\\Http\\Middleware\\TrustProxies->handle()
#62 /home/skytech/ISP-BILLING-main/vendor/laravel/framework/src/Illuminate/Foundation/Http/Middleware/InvokeDeferredCallbacks.php(22): Illuminate\\Pipeline\\Pipeline->Illuminate\\Pipeline\\{closure}()
#63 /home/skytech/ISP-BILLING-main/vendor/laravel/framework/src/Illuminate/Pipeline/Pipeline.php(219): Illuminate\\Foundation\\Http\\Middleware\\InvokeDeferredCallbacks->handle()
#64 /home/skytech/ISP-BILLING-main/vendor/laravel/framework/src/Illuminate/Http/Middleware/ValidatePathEncoding.php(26): Illuminate\\Pipeline\\Pipeline->Illuminate\\Pipeline\\{closure}()
#65 /home/skytech/ISP-BILLING-main/vendor/laravel/framework/src/Illuminate/Pipeline/Pipeline.php(219): Illuminate\\Http\\Middleware\\ValidatePathEncoding->handle()
#66 /home/skytech/ISP-BILLING-main/vendor/laravel/framework/src/Illuminate/Pipeline/Pipeline.php(137): Illuminate\\Pipeline\\Pipeline->Illuminate\\Pipeline\\{closure}()
#67 /home/skytech/ISP-BILLING-main/vendor/laravel/framework/src/Illuminate/Foundation/Http/Kernel.php(175): Illuminate\\Pipeline\\Pipeline->then()
#68 /home/skytech/ISP-BILLING-main/vendor/laravel/framework/src/Illuminate/Foundation/Http/Kernel.php(144): Illuminate\\Foundation\\Http\\Kernel->sendRequestThroughRouter()
#69 /home/skytech/ISP-BILLING-main/vendor/laravel/framework/src/Illuminate/Foundation/Application.php(1220): Illuminate\\Foundation\\Http\\Kernel->handle()
#70 /home/skytech/ISP-BILLING-main/public/index.php(20): Illuminate\\Foundation\\Application->handleRequest()
#71 {main}
"} 
[2026-09-25 10:52:57] production.ERROR: Cannot access offset of type string on string (View: /home/skytech/ISP-BILLING-main/resources/views/livewire/mikrotik/hotspot-manager.blade.php) {"userId":1,"exception":"[object] (Illuminate\\View\\ViewException(code: 0): Cannot access offset of type string on string (View: /home/skytech/ISP-BILLING-main/resources/views/livewire/mikrotik/hotspot-manager.blade.php) at /home/skytech/ISP-BILLING-main/storage/framework/views/be563ec1c768dc432e44bf9d4c2c07f8.php:1417)
[stacktrace]
#0 /home/skytech/ISP-BILLING-main/vendor/livewire/livewire/src/Mechanisms/ExtendBlade/ExtendedCompilerEngine.php(58): Illuminate\\View\\Engines\\CompilerEngine->handleViewException()
#1 /home/skytech/ISP-BILLING-main/vendor/livewire/livewire/src/Mechanisms/ExtendBlade/ExtendedCompilerEngine.php(40): Livewire\\Mechanisms\\ExtendBlade\\ExtendedCompilerEngine->handleViewException()
#2 /home/skytech/ISP-BILLING-main/vendor/laravel/framework/src/Illuminate/View/Engines/CompilerEngine.php(76): Livewire\\Mechanisms\\ExtendBlade\\ExtendedCompilerEngine->evaluatePath()
#3 /home/skytech/ISP-BILLING-main/vendor/livewire/livewire/src/Mechanisms/ExtendBlade/ExtendedCompilerEngine.php(16): Illuminate\\View\\Engines\\CompilerEngine->get()
#4 /home/skytech/ISP-BILLING-main/vendor/laravel/framework/src/Illuminate/View/View.php(208): Livewire\\Mechanisms\\ExtendBlade\\ExtendedCompilerEngine->get()
#5 /home/skytech/ISP-BILLING-main/vendor/laravel/framework/src/Illuminate/View/View.php(191): Illuminate\\View\\View->getContents()
#6 /home/skytech/ISP-BILLING-main/vendor/laravel/framework/src/Illuminate/View/View.php(160): Illuminate\\View\\View->renderContents()
#7 /home/skytech/ISP-BILLING-main/vendor/livewire/livewire/src/Mechanisms/HandleComponents/HandleComponents.php(331): Illuminate\\View\\View->render()
#8 /home/skytech/ISP-BILLING-main/vendor/livewire/livewire/src/Mechanisms/HandleComponents/HandleComponents.php(382): Livewire\\Mechanisms\\HandleComponents\\HandleComponents->Livewire\\Mechanisms\\HandleComponents\\{closure}()
#9 /home/skytech/ISP-BILLING-main/vendor/livewire/livewire/src/Mechanisms/HandleComponents/HandleComponents.php(323): Livewire\\Mechanisms\\HandleComponents\\HandleComponents->trackInRenderStack()
#10 /home/skytech/ISP-BILLING-main/vendor/livewire/livewire/src/Mechanisms/HandleComponents/HandleComponents.php(63): Livewire\\Mechanisms\\HandleComponents\\HandleComponents->render()
#11 /home/skytech/ISP-BILLING-main/vendor/livewire/livewire/src/LivewireManager.php(103): Livewire\\Mechanisms\\HandleComponents\\HandleComponents->mount()
#12 /home/skytech/ISP-BILLING-main/vendor/livewire/livewire/src/Features/SupportPageComponents/HandlesPageComponents.php(19): Livewire\\LivewireManager->mount()
#13 /home/skytech/ISP-BILLING-main/vendor/livewire/livewire/src/Features/SupportPageComponents/SupportPageComponents.php(118): Livewire\\Component->Livewire\\Features\\SupportPageComponents\\{closure}()
#14 /home/skytech/ISP-BILLING-main/vendor/livewire/livewire/src/Features/SupportPageComponents/HandlesPageComponents.php(14): Livewire\\Features\\SupportPageComponents\\SupportPageComponents::interceptTheRenderOfTheComponentAndRetreiveTheLayoutConfiguration()
#15 /home/skytech/ISP-BILLING-main/vendor/laravel/framework/src/Illuminate/Routing/ControllerDispatcher.php(46): Livewire\\Component->__invoke()
#16 /home/skytech/ISP-BILLING-main/vendor/laravel/framework/src/Illuminate/Routing/Route.php(265): Illuminate\\Routing\\ControllerDispatcher->dispatch()
#17 /home/skytech/ISP-BILLING-main/vendor/laravel/framework/src/Illuminate/Routing/Route.php(211): Illuminate\\Routing\\Route->runController()
#18 /home/skytech/ISP-BILLING-main/vendor/laravel/framework/src/Illuminate/Routing/Router.php(822): Illuminate\\Routing\\Route->run()
#19 /home/skytech/ISP-BILLING-main/vendor/laravel/framework/src/Illuminate/Pipeline/Pipeline.php(180): Illuminate\\Routing\\Router->Illuminate\\Routing\\{closure}()
#20 /home/skytech/ISP-BILLING-main/app/Http/Middleware/RestrictHotelUserPortal.php(45): Illuminate\\Pipeline\\Pipeline->Illuminate\\Pipeline\\{closure}()
#21 /home/skytech/ISP-BILLING-main/vendor/laravel/framework/src/Illuminate/Pipeline/Pipeline.php(219): App\\Http\\Middleware\\RestrictHotelUserPortal->handle()
#22 /home/skytech/ISP-BILLING-main/app/Http/Middleware/ForcePortalPasswordChange.php(29): Illuminate\\Pipeline\\Pipeline->Illuminate\\Pipeline\\{closure}()
#23 /home/skytech/ISP-BILLING-main/vendor/laravel/framework/src/Illuminate/Pipeline/Pipeline.php(219): App\\Http\\Middleware\\ForcePortalPasswordChange->handle()
#24 /home/skytech/ISP-BILLING-main/app/Http/Middleware/RestrictToProfileIfNoPermissions.php(61): Illuminate\\Pipeline\\Pipeline->Illuminate\\Pipeline\\{closure}()
#25 /home/skytech/ISP-BILLING-main/vendor/laravel/framework/src/Illuminate/Pipeline/Pipeline.php(219): App\\Http\\Middleware\\RestrictToProfileIfNoPermissions->handle()
#26 /home/skytech/ISP-BILLING-main/vendor/laravel/framework/src/Illuminate/Auth/Middleware/EnsureEmailIsVerified.php(41): Illuminate\\Pipeline\\Pipeline->Illuminate\\Pipeline\\{closure}()
#27 /home/skytech/ISP-BILLING-main/vendor/laravel/framework/src/Illuminate/Pipeline/Pipeline.php(219): Illuminate\\Auth\\Middleware\\EnsureEmailIsVerified->handle()
#28 /home/skytech/ISP-BILLING-main/vendor/php-flasher/flasher-laravel/Middleware/FlasherMiddleware.php(21): Illuminate\\Pipeline\\Pipeline->Illuminate\\Pipeline\\{closure}()
#29 /home/skytech/ISP-BILLING-main/vendor/laravel/framework/src/Illuminate/Pipeline/Pipeline.php(219): Flasher\\Laravel\\Middleware\\FlasherMiddleware->handle()
#30 /home/skytech/ISP-BILLING-main/vendor/php-flasher/flasher-laravel/Middleware/SessionMiddleware.php(21): Illuminate\\Pipeline\\Pipeline->Illuminate\\Pipeline\\{closure}()
#31 /home/skytech/ISP-BILLING-main/vendor/laravel/framework/src/Illuminate/Pipeline/Pipeline.php(219): Flasher\\Laravel\\Middleware\\SessionMiddleware->handle()
#32 /home/skytech/ISP-BILLING-main/app/Http/Middleware/SetLocaleFromSession.php(42): Illuminate\\Pipeline\\Pipeline->Illuminate\\Pipeline\\{closure}()
#33 /home/skytech/ISP-BILLING-main/vendor/laravel/framework/src/Illuminate/Pipeline/Pipeline.php(219): App\\Http\\Middleware\\SetLocaleFromSession->handle()
#34 /home/skytech/ISP-BILLING-main/vendor/laravel/framework/src/Illuminate/Routing/Middleware/SubstituteBindings.php(50): Illuminate\\Pipeline\\Pipeline->Illuminate\\Pipeline\\{closure}()
#35 /home/skytech/ISP-BILLING-main/vendor/laravel/framework/src/Illuminate/Pipeline/Pipeline.php(219): Illuminate\\Routing\\Middleware\\SubstituteBindings->handle()
#36 /home/skytech/ISP-BILLING-main/vendor/laravel/framework/src/Illuminate/Session/Middleware/AuthenticateSession.php(70): Illuminate\\Pipeline\\Pipeline->Illuminate\\Pipeline\\{closure}()
#37 /home/skytech/ISP-BILLING-main/vendor/laravel/framework/src/Illuminate/Pipeline/Pipeline.php(219): Illuminate\\Session\\Middleware\\AuthenticateSession->handle()
#38 /home/skytech/ISP-BILLING-main/vendor/laravel/framework/src/Illuminate/Auth/Middleware/Authenticate.php(63): Illuminate\\Pipeline\\Pipeline->Illuminate\\Pipeline\\{closure}()
#39 /home/skytech/ISP-BILLING-main/vendor/laravel/framework/src/Illuminate/Pipeline/Pipeline.php(219): Illuminate\\Auth\\Middleware\\Authenticate->handle()
#40 /home/skytech/ISP-BILLING-main/vendor/laravel/framework/src/Illuminate/Foundation/Http/Middleware/VerifyCsrfToken.php(87): Illuminate\\Pipeline\\Pipeline->Illuminate\\Pipeline\\{closure}()
#41 /home/skytech/ISP-BILLING-main/vendor/laravel/framework/src/Illuminate/Pipeline/Pipeline.php(219): Illuminate\\Foundation\\Http\\Middleware\\VerifyCsrfToken->handle()
#42 /home/skytech/ISP-BILLING-main/vendor/laravel/framework/src/Illuminate/View/Middleware/ShareErrorsFromSession.php(48): Illuminate\\Pipeline\\Pipeline->Illuminate\\Pipeline\\{closure}()
#43 /home/skytech/ISP-BILLING-main/vendor/laravel/framework/src/Illuminate/Pipeline/Pipeline.php(219): Illuminate\\View\\Middleware\\ShareErrorsFromSession->handle()
#44 /home/skytech/ISP-BILLING-main/vendor/laravel/framework/src/Illuminate/Session/Middleware/StartSession.php(120): Illuminate\\Pipeline\\Pipeline->Illuminate\\Pipeline\\{closure}()
#45 /home/skytech/ISP-BILLING-main/vendor/laravel/framework/src/Illuminate/Session/Middleware/StartSession.php(63): Illuminate\\Session\\Middleware\\StartSession->handleStatefulRequest()
#46 /home/skytech/ISP-BILLING-main/vendor/laravel/framework/src/Illuminate/Pipeline/Pipeline.php(219): Illuminate\\Session\\Middleware\\StartSession->handle()
#47 /home/skytech/ISP-BILLING-main/vendor/laravel/framework/src/Illuminate/Cookie/Middleware/AddQueuedCookiesToResponse.php(36): Illuminate\\Pipeline\\Pipeline->Illuminate\\Pipeline\\{closure}()
#48 /home/skytech/ISP-BILLING-main/vendor/laravel/framework/src/Illuminate/Pipeline/Pipeline.php(219): Illuminate\\Cookie\\Middleware\\AddQueuedCookiesToResponse->handle()
#49 /home/skytech/ISP-BILLING-main/vendor/laravel/framework/src/Illuminate/Cookie/Middleware/EncryptCookies.php(74): Illuminate\\Pipeline\\Pipeline->Illuminate\\Pipeline\\{closure}()
#50 /home/skytech/ISP-BILLING-main/vendor/laravel/framework/src/Illuminate/Pipeline/Pipeline.php(219): Illuminate\\Cookie\\Middleware\\EncryptCookies->handle()
#51 /home/skytech/ISP-BILLING-main/vendor/laravel/framework/src/Illuminate/Pipeline/Pipeline.php(137): Illuminate\\Pipeline\\Pipeline->Illuminate\\Pipeline\\{closure}()
#52 /home/skytech/ISP-BILLING-main/vendor/laravel/framework/src/Illuminate/Routing/Router.php(821): Illuminate\\Pipeline\\Pipeline->then()
#53 /home/skytech/ISP-BILLING-main/vendor/laravel/framework/src/Illuminate/Routing/Router.php(800): Illuminate\\Routing\\Router->runRouteWithinStack()
#54 /home/skytech/ISP-BILLING-main/vendor/laravel/framework/src/Illuminate/Routing/Router.php(764): Illuminate\\Routing\\Router->runRoute()
#55 /home/skytech/ISP-BILLING-main/vendor/laravel/framework/src/Illuminate/Routing/Router.php(753): Illuminate\\Routing\\Router->dispatchToRoute()
#56 /home/skytech/ISP-BILLING-main/vendor/laravel/framework/src/Illuminate/Foundation/Http/Kernel.php(200): Illuminate\\Routing\\Router->dispatch()
#57 /home/skytech/ISP-BILLING-main/vendor/laravel/framework/src/Illuminate/Pipeline/Pipeline.php(180): Illuminate\\Foundation\\Http\\Kernel->Illuminate\\Foundation\\Http\\{closure}()
#58 /home/skytech/ISP-BILLING-main/vendor/livewire/livewire/src/Features/SupportDisablingBackButtonCache/DisableBackButtonCacheMiddleware.php(19): Illuminate\\Pipeline\\Pipeline->Illuminate\\Pipeline\\{closure}()
#59 /home/skytech/ISP-BILLING-main/vendor/laravel/framework/src/Illuminate/Pipeline/Pipeline.php(219): Livewire\\Features\\SupportDisablingBackButtonCache\\DisableBackButtonCacheMiddleware->handle()
#60 /home/skytech/ISP-BILLING-main/app/Http/Middleware/CheckSiteStatus.php(55): Illuminate\\Pipeline\\Pipeline->Illuminate\\Pipeline\\{closure}()
#61 /home/skytech/ISP-BILLING-main/vendor/laravel/framework/src/Illuminate/Pipeline/Pipeline.php(219): App\\Http\\Middleware\\CheckSiteStatus->handle()
#62 /home/skytech/ISP-BILLING-main/vendor/laravel/framework/src/Illuminate/Foundation/Http/Middleware/TransformsRequest.php(21): Illuminate\\Pipeline\\Pipeline->Illuminate\\Pipeline\\{closure}()
#63 /home/skytech/ISP-BILLING-main/vendor/laravel/framework/src/Illuminate/Foundation/Http/Middleware/ConvertEmptyStringsToNull.php(31): Illuminate\\Foundation\\Http\\Middleware\\TransformsRequest->handle()
#64 /home/skytech/ISP-BILLING-main/vendor/laravel/framework/src/Illuminate/Pipeline/Pipeline.php(219): Illuminate\\Foundation\\Http\\Middleware\\ConvertEmptyStringsToNull->handle()
#65 /home/skytech/ISP-BILLING-main/vendor/laravel/framework/src/Illuminate/Foundation/Http/Middleware/TransformsRequest.php(21): Illuminate\\Pipeline\\Pipeline->Illuminate\\Pipeline\\{closure}()
#66 /home/skytech/ISP-BILLING-main/vendor/laravel/framework/src/Illuminate/Foundation/Http/Middleware/TrimStrings.php(51): Illuminate\\Foundation\\Http\\Middleware\\TransformsRequest->handle()
#67 /home/skytech/ISP-BILLING-main/vendor/laravel/framework/src/Illuminate/Pipeline/Pipeline.php(219): Illuminate\\Foundation\\Http\\Middleware\\TrimStrings->handle()
#68 /home/skytech/ISP-BILLING-main/vendor/laravel/framework/src/Illuminate/Http/Middleware/ValidatePostSize.php(27): Illuminate\\Pipeline\\Pipeline->Illuminate\\Pipeline\\{closure}()
#69 /home/skytech/ISP-BILLING-main/vendor/laravel/framework/src/Illuminate/Pipeline/Pipeline.php(219): Illuminate\\Http\\Middleware\\ValidatePostSize->handle()
#70 /home/skytech/ISP-BILLING-main/vendor/laravel/framework/src/Illuminate/Foundation/Http/Middleware/PreventRequestsDuringMaintenance.php(109): Illuminate\\Pipeline\\Pipeline->Illuminate\\Pipeline\\{closure}()
#71 /home/skytech/ISP-BILLING-main/vendor/laravel/framework/src/Illuminate/Pipeline/Pipeline.php(219): Illuminate\\Foundation\\Http\\Middleware\\PreventRequestsDuringMaintenance->handle()
#72 /home/skytech/ISP-BILLING-main/vendor/laravel/framework/src/Illuminate/Http/Middleware/HandleCors.php(61): Illuminate\\Pipeline\\Pipeline->Illuminate\\Pipeline\\{closure}()
#73 /home/skytech/ISP-BILLING-main/vendor/laravel/framework/src/Illuminate/Pipeline/Pipeline.php(219): Illuminate\\Http\\Middleware\\HandleCors->handle()
#74 /home/skytech/ISP-BILLING-main/vendor/laravel/framework/src/Illuminate/Http/Middleware/TrustProxies.php(58): Illuminate\\Pipeline\\Pipeline->Illuminate\\Pipeline\\{closure}()
#75 /home/skytech/ISP-BILLING-main/vendor/laravel/framework/src/Illuminate/Pipeline/Pipeline.php(219): Illuminate\\Http\\Middleware\\TrustProxies->handle()
#76 /home/skytech/ISP-BILLING-main/vendor/laravel/framework/src/Illuminate/Foundation/Http/Middleware/InvokeDeferredCallbacks.php(22): Illuminate\\Pipeline\\Pipeline->Illuminate\\Pipeline\\{closure}()
#77 /home/skytech/ISP-BILLING-main/vendor/laravel/framework/src/Illuminate/Pipeline/Pipeline.php(219): Illuminate\\Foundation\\Http\\Middleware\\InvokeDeferredCallbacks->handle()
#78 /home/skytech/ISP-BILLING-main/vendor/laravel/framework/src/Illuminate/Http/Middleware/ValidatePathEncoding.php(26): Illuminate\\Pipeline\\Pipeline->Illuminate\\Pipeline\\{closure}()
#79 /home/skytech/ISP-BILLING-main/vendor/laravel/framework/src/Illuminate/Pipeline/Pipeline.php(219): Illuminate\\Http\\Middleware\\ValidatePathEncoding->handle()
#80 /home/skytech/ISP-BILLING-main/vendor/laravel/framework/src/Illuminate/Pipeline/Pipeline.php(137): Illuminate\\Pipeline\\Pipeline->Illuminate\\Pipeline\\{closure}()
#81 /home/skytech/ISP-BILLING-main/vendor/laravel/framework/src/Illuminate/Foundation/Http/Kernel.php(175): Illuminate\\Pipeline\\Pipeline->then()
#82 /home/skytech/ISP-BILLING-main/vendor/laravel/framework/src/Illuminate/Foundation/Http/Kernel.php(144): Illuminate\\Foundation\\Http\\Kernel->sendRequestThroughRouter()
#83 /home/skytech/ISP-BILLING-main/vendor/laravel/framework/src/Illuminate/Foundation/Application.php(1220): Illuminate\\Foundation\\Http\\Kernel->handle()
#84 /home/skytech/ISP-BILLING-main/public/index.php(20): Illuminate\\Foundation\\Application->handleRequest()
#85 {main}

[previous exception] [object] (TypeError(code: 0): Cannot access offset of type string on string at /home/skytech/ISP-BILLING-main/storage/framework/views/be563ec1c768dc432e44bf9d4c2c07f8.php:1417)
[stacktrace]
#0 /home/skytech/ISP-BILLING-main/vendor/livewire/livewire/src/Mechanisms/ExtendBlade/ExtendedCompilerEngine.php(37): include()
#1 /home/skytech/ISP-BILLING-main/vendor/livewire/livewire/src/Mechanisms/ExtendBlade/ExtendedCompilerEngine.php(38): App\\Livewire\\Mikrotik\\HotspotManager->Livewire\\Mechanisms\\ExtendBlade\\{closure}()
#2 /home/skytech/ISP-BILLING-main/vendor/laravel/framework/src/Illuminate/View/Engines/CompilerEngine.php(76): Livewire\\Mechanisms\\ExtendBlade\\ExtendedCompilerEngine->evaluatePath()
#3 /home/skytech/ISP-BILLING-main/vendor/livewire/livewire/src/Mechanisms/ExtendBlade/ExtendedCompilerEngine.php(16): Illuminate\\View\\Engines\\CompilerEngine->get()
#4 /home/skytech/ISP-BILLING-main/vendor/laravel/framework/src/Illuminate/View/View.php(208): Livewire\\Mechanisms\\ExtendBlade\\ExtendedCompilerEngine->get()
#5 /home/skytech/ISP-BILLING-main/vendor/laravel/framework/src/Illuminate/View/View.php(191): Illuminate\\View\\View->getContents()
#6 /home/skytech/ISP-BILLING-main/vendor/laravel/framework/src/Illuminate/View/View.php(160): Illuminate\\View\\View->renderContents()
#7 /home/skytech/ISP-BILLING-main/vendor/livewire/livewire/src/Mechanisms/HandleComponents/HandleComponents.php(331): Illuminate\\View\\View->render()
#8 /home/skytech/ISP-BILLING-main/vendor/livewire/livewire/src/Mechanisms/HandleComponents/HandleComponents.php(382): Livewire\\Mechanisms\\HandleComponents\\HandleComponents->Livewire\\Mechanisms\\HandleComponents\\{closure}()
#9 /home/skytech/ISP-BILLING-main/vendor/livewire/livewire/src/Mechanisms/HandleComponents/HandleComponents.php(323): Livewire\\Mechanisms\\HandleComponents\\HandleComponents->trackInRenderStack()
#10 /home/skytech/ISP-BILLING-main/vendor/livewire/livewire/src/Mechanisms/HandleComponents/HandleComponents.php(63): Livewire\\Mechanisms\\HandleComponents\\HandleComponents->render()
#11 /home/skytech/ISP-BILLING-main/vendor/livewire/livewire/src/LivewireManager.php(103): Livewire\\Mechanisms\\HandleComponents\\HandleComponents->mount()
#12 /home/skytech/ISP-BILLING-main/vendor/livewire/livewire/src/Features/SupportPageComponents/HandlesPageComponents.php(19): Livewire\\LivewireManager->mount()
#13 /home/skytech/ISP-BILLING-main/vendor/livewire/livewire/src/Features/SupportPageComponents/SupportPageComponents.php(118): Livewire\\Component->Livewire\\Features\\SupportPageComponents\\{closure}()
#14 /home/skytech/ISP-BILLING-main/vendor/livewire/livewire/src/Features/SupportPageComponents/HandlesPageComponents.php(14): Livewire\\Features\\SupportPageComponents\\SupportPageComponents::interceptTheRenderOfTheComponentAndRetreiveTheLayoutConfiguration()
#15 /home/skytech/ISP-BILLING-main/vendor/laravel/framework/src/Illuminate/Routing/ControllerDispatcher.php(46): Livewire\\Component->__invoke()
#16 /home/skytech/ISP-BILLING-main/vendor/laravel/framework/src/Illuminate/Routing/Route.php(265): Illuminate\\Routing\\ControllerDispatcher->dispatch()
#17 /home/skytech/ISP-BILLING-main/vendor/laravel/framework/src/Illuminate/Routing/Route.php(211): Illuminate\\Routing\\Route->runController()
#18 /home/skytech/ISP-BILLING-main/vendor/laravel/framework/src/Illuminate/Routing/Router.php(822): Illuminate\\Routing\\Route->run()
#19 /home/skytech/ISP-BILLING-main/vendor/laravel/framework/src/Illuminate/Pipeline/Pipeline.php(180): Illuminate\\Routing\\Router->Illuminate\\Routing\\{closure}()
#20 /home/skytech/ISP-BILLING-main/app/Http/Middleware/RestrictHotelUserPortal.php(45): Illuminate\\Pipeline\\Pipeline->Illuminate\\Pipeline\\{closure}()
#21 /home/skytech/ISP-BILLING-main/vendor/laravel/framework/src/Illuminate/Pipeline/Pipeline.php(219): App\\Http\\Middleware\\RestrictHotelUserPortal->handle()
#22 /home/skytech/ISP-BILLING-main/app/Http/Middleware/ForcePortalPasswordChange.php(29): Illuminate\\Pipeline\\Pipeline->Illuminate\\Pipeline\\{closure}()
#23 /home/skytech/ISP-BILLING-main/vendor/laravel/framework/src/Illuminate/Pipeline/Pipeline.php(219): App\\Http\\Middleware\\ForcePortalPasswordChange->handle()
#24 /home/skytech/ISP-BILLING-main/app/Http/Middleware/RestrictToProfileIfNoPermissions.php(61): Illuminate\\Pipeline\\Pipeline->Illuminate\\Pipeline\\{closure}()
#25 /home/skytech/ISP-BILLING-main/vendor/laravel/framework/src/Illuminate/Pipeline/Pipeline.php(219): App\\Http\\Middleware\\RestrictToProfileIfNoPermissions->handle()
#26 /home/skytech/ISP-BILLING-main/vendor/laravel/framework/src/Illuminate/Auth/Middleware/EnsureEmailIsVerified.php(41): Illuminate\\Pipeline\\Pipeline->Illuminate\\Pipeline\\{closure}()
#27 /home/skytech/ISP-BILLING-main/vendor/laravel/framework/src/Illuminate/Pipeline/Pipeline.php(219): Illuminate\\Auth\\Middleware\\EnsureEmailIsVerified->handle()
#28 /home/skytech/ISP-BILLING-main/vendor/php-flasher/flasher-laravel/Middleware/FlasherMiddleware.php(21): Illuminate\\Pipeline\\Pipeline->Illuminate\\Pipeline\\{closure}()
#29 /home/skytech/ISP-BILLING-main/vendor/laravel/framework/src/Illuminate/Pipeline/Pipeline.php(219): Flasher\\Laravel\\Middleware\\FlasherMiddleware->handle()
#30 /home/skytech/ISP-BILLING-main/vendor/php-flasher/flasher-laravel/Middleware/SessionMiddleware.php(21): Illuminate\\Pipeline\\Pipeline->Illuminate\\Pipeline\\{closure}()
#31 /home/skytech/ISP-BILLING-main/vendor/laravel/framework/src/Illuminate/Pipeline/Pipeline.php(219): Flasher\\Laravel\\Middleware\\SessionMiddleware->handle()
#32 /home/skytech/ISP-BILLING-main/app/Http/Middleware/SetLocaleFromSession.php(42): Illuminate\\Pipeline\\Pipeline->Illuminate\\Pipeline\\{closure}()
#33 /home/skytech/ISP-BILLING-main/vendor/laravel/framework/src/Illuminate/Pipeline/Pipeline.php(219): App\\Http\\Middleware\\SetLocaleFromSession->handle()
#34 /home/skytech/ISP-BILLING-main/vendor/laravel/framework/src/Illuminate/Routing/Middleware/SubstituteBindings.php(50): Illuminate\\Pipeline\\Pipeline->Illuminate\\Pipeline\\{closure}()
#35 /home/skytech/ISP-BILLING-main/vendor/laravel/framework/src/Illuminate/Pipeline/Pipeline.php(219): Illuminate\\Routing\\Middleware\\SubstituteBindings->handle()
#36 /home/skytech/ISP-BILLING-main/vendor/laravel/framework/src/Illuminate/Session/Middleware/AuthenticateSession.php(70): Illuminate\\Pipeline\\Pipeline->Illuminate\\Pipeline\\{closure}()
#37 /home/skytech/ISP-BILLING-main/vendor/laravel/framework/src/Illuminate/Pipeline/Pipeline.php(219): Illuminate\\Session\\Middleware\\AuthenticateSession->handle()
#38 /home/skytech/ISP-BILLING-main/vendor/laravel/framework/src/Illuminate/Auth/Middleware/Authenticate.php(63): Illuminate\\Pipeline\\Pipeline->Illuminate\\Pipeline\\{closure}()
#39 /home/skytech/ISP-BILLING-main/vendor/laravel/framework/src/Illuminate/Pipeline/Pipeline.php(219): Illuminate\\Auth\\Middleware\\Authenticate->handle()
#40 /home/skytech/ISP-BILLING-main/vendor/laravel/framework/src/Illuminate/Foundation/Http/Middleware/VerifyCsrfToken.php(87): Illuminate\\Pipeline\\Pipeline->Illuminate\\Pipeline\\{closure}()
#41 /home/skytech/ISP-BILLING-main/vendor/laravel/framework/src/Illuminate/Pipeline/Pipeline.php(219): Illuminate\\Foundation\\Http\\Middleware\\VerifyCsrfToken->handle()
#42 /home/skytech/ISP-BILLING-main/vendor/laravel/framework/src/Illuminate/View/Middleware/ShareErrorsFromSession.php(48): Illuminate\\Pipeline\\Pipeline->Illuminate\\Pipeline\\{closure}()
#43 /home/skytech/ISP-BILLING-main/vendor/laravel/framework/src/Illuminate/Pipeline/Pipeline.php(219): Illuminate\\View\\Middleware\\ShareErrorsFromSession->handle()
#44 /home/skytech/ISP-BILLING-main/vendor/laravel/framework/src/Illuminate/Session/Middleware/StartSession.php(120): Illuminate\\Pipeline\\Pipeline->Illuminate\\Pipeline\\{closure}()
#45 /home/skytech/ISP-BILLING-main/vendor/laravel/framework/src/Illuminate/Session/Middleware/StartSession.php(63): Illuminate\\Session\\Middleware\\StartSession->handleStatefulRequest()
#46 /home/skytech/ISP-BILLING-main/vendor/laravel/framework/src/Illuminate/Pipeline/Pipeline.php(219): Illuminate\\Session\\Middleware\\StartSession->handle()
#47 /home/skytech/ISP-BILLING-main/vendor/laravel/framework/src/Illuminate/Cookie/Middleware/AddQueuedCookiesToResponse.php(36): Illuminate\\Pipeline\\Pipeline->Illuminate\\Pipeline\\{closure}()
#48 /home/skytech/ISP-BILLING-main/vendor/laravel/framework/src/Illuminate/Pipeline/Pipeline.php(219): Illuminate\\Cookie\\Middleware\\AddQueuedCookiesToResponse->handle()
#49 /home/skytech/ISP-BILLING-main/vendor/laravel/framework/src/Illuminate/Cookie/Middleware/EncryptCookies.php(74): Illuminate\\Pipeline\\Pipeline->Illuminate\\Pipeline\\{closure}()
#50 /home/skytech/ISP-BILLING-main/vendor/laravel/framework/src/Illuminate/Pipeline/Pipeline.php(219): Illuminate\\Cookie\\Middleware\\EncryptCookies->handle()
#51 /home/skytech/ISP-BILLING-main/vendor/laravel/framework/src/Illuminate/Pipeline/Pipeline.php(137): Illuminate\\Pipeline\\Pipeline->Illuminate\\Pipeline\\{closure}()
#52 /home/skytech/ISP-BILLING-main/vendor/laravel/framework/src/Illuminate/Routing/Router.php(821): Illuminate\\Pipeline\\Pipeline->then()
#53 /home/skytech/ISP-BILLING-main/vendor/laravel/framework/src/Illuminate/Routing/Router.php(800): Illuminate\\Routing\\Router->runRouteWithinStack()
#54 /home/skytech/ISP-BILLING-main/vendor/laravel/framework/src/Illuminate/Routing/Router.php(764): Illuminate\\Routing\\Router->runRoute()
#55 /home/skytech/ISP-BILLING-main/vendor/laravel/framework/src/Illuminate/Routing/Router.php(753): Illuminate\\Routing\\Router->dispatchToRoute()
#56 /home/skytech/ISP-BILLING-main/vendor/laravel/framework/src/Illuminate/Foundation/Http/Kernel.php(200): Illuminate\\Routing\\Router->dispatch()
#57 /home/skytech/ISP-BILLING-main/vendor/laravel/framework/src/Illuminate/Pipeline/Pipeline.php(180): Illuminate\\Foundation\\Http\\Kernel->Illuminate\\Foundation\\Http\\{closure}()
#58 /home/skytech/ISP-BILLING-main/vendor/livewire/livewire/src/Features/SupportDisablingBackButtonCache/DisableBackButtonCacheMiddleware.php(19): Illuminate\\Pipeline\\Pipeline->Illuminate\\Pipeline\\{closure}()
#59 /home/skytech/ISP-BILLING-main/vendor/laravel/framework/src/Illuminate/Pipeline/Pipeline.php(219): Livewire\\Features\\SupportDisablingBackButtonCache\\DisableBackButtonCacheMiddleware->handle()
#60 /home/skytech/ISP-BILLING-main/app/Http/Middleware/CheckSiteStatus.php(55): Illuminate\\Pipeline\\Pipeline->Illuminate\\Pipeline\\{closure}()
#61 /home/skytech/ISP-BILLING-main/vendor/laravel/framework/src/Illuminate/Pipeline/Pipeline.php(219): App\\Http\\Middleware\\CheckSiteStatus->handle()
#62 /home/skytech/ISP-BILLING-main/vendor/laravel/framework/src/Illuminate/Foundation/Http/Middleware/TransformsRequest.php(21): Illuminate\\Pipeline\\Pipeline->Illuminate\\Pipeline\\{closure}()
#63 /home/skytech/ISP-BILLING-main/vendor/laravel/framework/src/Illuminate/Foundation/Http/Middleware/ConvertEmptyStringsToNull.php(31): Illuminate\\Foundation\\Http\\Middleware\\TransformsRequest->handle()
#64 /home/skytech/ISP-BILLING-main/vendor/laravel/framework/src/Illuminate/Pipeline/Pipeline.php(219): Illuminate\\Foundation\\Http\\Middleware\\ConvertEmptyStringsToNull->handle()
#65 /home/skytech/ISP-BILLING-main/vendor/laravel/framework/src/Illuminate/Foundation/Http/Middleware/TransformsRequest.php(21): Illuminate\\Pipeline\\Pipeline->Illuminate\\Pipeline\\{closure}()
#66 /home/skytech/ISP-BILLING-main/vendor/laravel/framework/src/Illuminate/Foundation/Http/Middleware/TrimStrings.php(51): Illuminate\\Foundation\\Http\\Middleware\\TransformsRequest->handle()
#67 /home/skytech/ISP-BILLING-main/vendor/laravel/framework/src/Illuminate/Pipeline/Pipeline.php(219): Illuminate\\Foundation\\Http\\Middleware\\TrimStrings->handle()
#68 /home/skytech/ISP-BILLING-main/vendor/laravel/framework/src/Illuminate/Http/Middleware/ValidatePostSize.php(27): Illuminate\\Pipeline\\Pipeline->Illuminate\\Pipeline\\{closure}()
#69 /home/skytech/ISP-BILLING-main/vendor/laravel/framework/src/Illuminate/Pipeline/Pipeline.php(219): Illuminate\\Http\\Middleware\\ValidatePostSize->handle()
#70 /home/skytech/ISP-BILLING-main/vendor/laravel/framework/src/Illuminate/Foundation/Http/Middleware/PreventRequestsDuringMaintenance.php(109): Illuminate\\Pipeline\\Pipeline->Illuminate\\Pipeline\\{closure}()
#71 /home/skytech/ISP-BILLING-main/vendor/laravel/framework/src/Illuminate/Pipeline/Pipeline.php(219): Illuminate\\Foundation\\Http\\Middleware\\PreventRequestsDuringMaintenance->handle()
#72 /home/skytech/ISP-BILLING-main/vendor/laravel/framework/src/Illuminate/Http/Middleware/HandleCors.php(61): Illuminate\\Pipeline\\Pipeline->Illuminate\\Pipeline\\{closure}()
#73 /home/skytech/ISP-BILLING-main/vendor/laravel/framework/src/Illuminate/Pipeline/Pipeline.php(219): Illuminate\\Http\\Middleware\\HandleCors->handle()
#74 /home/skytech/ISP-BILLING-main/vendor/laravel/framework/src/Illuminate/Http/Middleware/TrustProxies.php(58): Illuminate\\Pipeline\\Pipeline->Illuminate\\Pipeline\\{closure}()
#75 /home/skytech/ISP-BILLING-main/vendor/laravel/framework/src/Illuminate/Pipeline/Pipeline.php(219): Illuminate\\Http\\Middleware\\TrustProxies->handle()
#76 /home/skytech/ISP-BILLING-main/vendor/laravel/framework/src/Illuminate/Foundation/Http/Middleware/InvokeDeferredCallbacks.php(22): Illuminate\\Pipeline\\Pipeline->Illuminate\\Pipeline\\{closure}()
#77 /home/skytech/ISP-BILLING-main/vendor/laravel/framework/src/Illuminate/Pipeline/Pipeline.php(219): Illuminate\\Foundation\\Http\\Middleware\\InvokeDeferredCallbacks->handle()
#78 /home/skytech/ISP-BILLING-main/vendor/laravel/framework/src/Illuminate/Http/Middleware/ValidatePathEncoding.php(26): Illuminate\\Pipeline\\Pipeline->Illuminate\\Pipeline\\{closure}()
#79 /home/skytech/ISP-BILLING-main/vendor/laravel/framework/src/Illuminate/Pipeline/Pipeline.php(219): Illuminate\\Http\\Middleware\\ValidatePathEncoding->handle()
#80 /home/skytech/ISP-BILLING-main/vendor/laravel/framework/src/Illuminate/Pipeline/Pipeline.php(137): Illuminate\\Pipeline\\Pipeline->Illuminate\\Pipeline\\{closure}()
#81 /home/skytech/ISP-BILLING-main/vendor/laravel/framework/src/Illuminate/Foundation/Http/Kernel.php(175): Illuminate\\Pipeline\\Pipeline->then()
#82 /home/skytech/ISP-BILLING-main/vendor/laravel/framework/src/Illuminate/Foundation/Http/Kernel.php(144): Illuminate\\Foundation\\Http\\Kernel->sendRequestThroughRouter()
#83 /home/skytech/ISP-BILLING-main/vendor/laravel/framework/src/Illuminate/Foundation/Application.php(1220): Illuminate\\Foundation\\Http\\Kernel->handle()
#84 /home/skytech/ISP-BILLING-main/public/index.php(20): Illuminate\\Foundation\\Application->handleRequest()
#85 {main}
"} 
[2026-09-25 10:54:13] production.ERROR: Cannot access offset of type string on string (View: /home/skytech/ISP-BILLING-main/resources/views/livewire/mikrotik/hotspot-manager.blade.php) {"userId":1,"exception":"[object] (Illuminate\\View\\ViewException(code: 0): Cannot access offset of type string on string (View: /home/skytech/ISP-BILLING-main/resources/views/livewire/mikrotik/hotspot-manager.blade.php) at /home/skytech/ISP-BILLING-main/storage/framework/views/be563ec1c768dc432e44bf9d4c2c07f8.php:1417)
[stacktrace]
#0 /home/skytech/ISP-BILLING-main/vendor/livewire/livewire/src/Mechanisms/ExtendBlade/ExtendedCompilerEngine.php(58): Illuminate\\View\\Engines\\CompilerEngine->handleViewException()
#1 /home/skytech/ISP-BILLING-main/vendor/livewire/livewire/src/Mechanisms/ExtendBlade/ExtendedCompilerEngine.php(40): Livewire\\Mechanisms\\ExtendBlade\\ExtendedCompilerEngine->handleViewException()
#2 /home/skytech/ISP-BILLING-main/vendor/laravel/framework/src/Illuminate/View/Engines/CompilerEngine.php(76): Livewire\\Mechanisms\\ExtendBlade\\ExtendedCompilerEngine->evaluatePath()
#3 /home/skytech/ISP-BILLING-main/vendor/livewire/livewire/src/Mechanisms/ExtendBlade/ExtendedCompilerEngine.php(16): Illuminate\\View\\Engines\\CompilerEngine->get()
#4 /home/skytech/ISP-BILLING-main/vendor/laravel/framework/src/Illuminate/View/View.php(208): Livewire\\Mechanisms\\ExtendBlade\\ExtendedCompilerEngine->get()
#5 /home/skytech/ISP-BILLING-main/vendor/laravel/framework/src/Illuminate/View/View.php(191): Illuminate\\View\\View->getContents()
#6 /home/skytech/ISP-BILLING-main/vendor/laravel/framework/src/Illuminate/View/View.php(160): Illuminate\\View\\View->renderContents()
#7 /home/skytech/ISP-BILLING-main/vendor/livewire/livewire/src/Mechanisms/HandleComponents/HandleComponents.php(331): Illuminate\\View\\View->render()
#8 /home/skytech/ISP-BILLING-main/vendor/livewire/livewire/src/Mechanisms/HandleComponents/HandleComponents.php(382): Livewire\\Mechanisms\\HandleComponents\\HandleComponents->Livewire\\Mechanisms\\HandleComponents\\{closure}()
#9 /home/skytech/ISP-BILLING-main/vendor/livewire/livewire/src/Mechanisms/HandleComponents/HandleComponents.php(323): Livewire\\Mechanisms\\HandleComponents\\HandleComponents->trackInRenderStack()
#10 /home/skytech/ISP-BILLING-main/vendor/livewire/livewire/src/Mechanisms/HandleComponents/HandleComponents.php(63): Livewire\\Mechanisms\\HandleComponents\\HandleComponents->render()
#11 /home/skytech/ISP-BILLING-main/vendor/livewire/livewire/src/LivewireManager.php(103): Livewire\\Mechanisms\\HandleComponents\\HandleComponents->mount()
#12 /home/skytech/ISP-BILLING-main/vendor/livewire/livewire/src/Features/SupportPageComponents/HandlesPageComponents.php(19): Livewire\\LivewireManager->mount()
#13 /home/skytech/ISP-BILLING-main/vendor/livewire/livewire/src/Features/SupportPageComponents/SupportPageComponents.php(118): Livewire\\Component->Livewire\\Features\\SupportPageComponents\\{closure}()
#14 /home/skytech/ISP-BILLING-main/vendor/livewire/livewire/src/Features/SupportPageComponents/HandlesPageComponents.php(14): Livewire\\Features\\SupportPageComponents\\SupportPageComponents::interceptTheRenderOfTheComponentAndRetreiveTheLayoutConfiguration()
#15 /home/skytech/ISP-BILLING-main/vendor/laravel/framework/src/Illuminate/Routing/ControllerDispatcher.php(46): Livewire\\Component->__invoke()
#16 /home/skytech/ISP-BILLING-main/vendor/laravel/framework/src/Illuminate/Routing/Route.php(265): Illuminate\\Routing\\ControllerDispatcher->dispatch()
#17 /home/skytech/ISP-BILLING-main/vendor/laravel/framework/src/Illuminate/Routing/Route.php(211): Illuminate\\Routing\\Route->runController()
#18 /home/skytech/ISP-BILLING-main/vendor/laravel/framework/src/Illuminate/Routing/Router.php(822): Illuminate\\Routing\\Route->run()
#19 /home/skytech/ISP-BILLING-main/vendor/laravel/framework/src/Illuminate/Pipeline/Pipeline.php(180): Illuminate\\Routing\\Router->Illuminate\\Routing\\{closure}()
#20 /home/skytech/ISP-BILLING-main/app/Http/Middleware/RestrictHotelUserPortal.php(45): Illuminate\\Pipeline\\Pipeline->Illuminate\\Pipeline\\{closure}()
#21 /home/skytech/ISP-BILLING-main/vendor/laravel/framework/src/Illuminate/Pipeline/Pipeline.php(219): App\\Http\\Middleware\\RestrictHotelUserPortal->handle()
#22 /home/skytech/ISP-BILLING-main/app/Http/Middleware/ForcePortalPasswordChange.php(29): Illuminate\\Pipeline\\Pipeline->Illuminate\\Pipeline\\{closure}()
#23 /home/skytech/ISP-BILLING-main/vendor/laravel/framework/src/Illuminate/Pipeline/Pipeline.php(219): App\\Http\\Middleware\\ForcePortalPasswordChange->handle()
#24 /home/skytech/ISP-BILLING-main/app/Http/Middleware/RestrictToProfileIfNoPermissions.php(61): Illuminate\\Pipeline\\Pipeline->Illuminate\\Pipeline\\{closure}()
#25 /home/skytech/ISP-BILLING-main/vendor/laravel/framework/src/Illuminate/Pipeline/Pipeline.php(219): App\\Http\\Middleware\\RestrictToProfileIfNoPermissions->handle()
#26 /home/skytech/ISP-BILLING-main/vendor/laravel/framework/src/Illuminate/Auth/Middleware/EnsureEmailIsVerified.php(41): Illuminate\\Pipeline\\Pipeline->Illuminate\\Pipeline\\{closure}()
#27 /home/skytech/ISP-BILLING-main/vendor/laravel/framework/src/Illuminate/Pipeline/Pipeline.php(219): Illuminate\\Auth\\Middleware\\EnsureEmailIsVerified->handle()
#28 /home/skytech/ISP-BILLING-main/vendor/php-flasher/flasher-laravel/Middleware/FlasherMiddleware.php(21): Illuminate\\Pipeline\\Pipeline->Illuminate\\Pipeline\\{closure}()
#29 /home/skytech/ISP-BILLING-main/vendor/laravel/framework/src/Illuminate/Pipeline/Pipeline.php(219): Flasher\\Laravel\\Middleware\\FlasherMiddleware->handle()
#30 /home/skytech/ISP-BILLING-main/vendor/php-flasher/flasher-laravel/Middleware/SessionMiddleware.php(21): Illuminate\\Pipeline\\Pipeline->Illuminate\\Pipeline\\{closure}()
#31 /home/skytech/ISP-BILLING-main/vendor/laravel/framework/src/Illuminate/Pipeline/Pipeline.php(219): Flasher\\Laravel\\Middleware\\SessionMiddleware->handle()
#32 /home/skytech/ISP-BILLING-main/app/Http/Middleware/SetLocaleFromSession.php(42): Illuminate\\Pipeline\\Pipeline->Illuminate\\Pipeline\\{closure}()
#33 /home/skytech/ISP-BILLING-main/vendor/laravel/framework/src/Illuminate/Pipeline/Pipeline.php(219): App\\Http\\Middleware\\SetLocaleFromSession->handle()
#34 /home/skytech/ISP-BILLING-main/vendor/laravel/framework/src/Illuminate/Routing/Middleware/SubstituteBindings.php(50): Illuminate\\Pipeline\\Pipeline->Illuminate\\Pipeline\\{closure}()
#35 /home/skytech/ISP-BILLING-main/vendor/laravel/framework/src/Illuminate/Pipeline/Pipeline.php(219): Illuminate\\Routing\\Middleware\\SubstituteBindings->handle()
#36 /home/skytech/ISP-BILLING-main/vendor/laravel/framework/src/Illuminate/Session/Middleware/AuthenticateSession.php(70): Illuminate\\Pipeline\\Pipeline->Illuminate\\Pipeline\\{closure}()
#37 /home/skytech/ISP-BILLING-main/vendor/laravel/framework/src/Illuminate/Pipeline/Pipeline.php(219): Illuminate\\Session\\Middleware\\AuthenticateSession->handle()
#38 /home/skytech/ISP-BILLING-main/vendor/laravel/framework/src/Illuminate/Auth/Middleware/Authenticate.php(63): Illuminate\\Pipeline\\Pipeline->Illuminate\\Pipeline\\{closure}()
#39 /home/skytech/ISP-BILLING-main/vendor/laravel/framework/src/Illuminate/Pipeline/Pipeline.php(219): Illuminate\\Auth\\Middleware\\Authenticate->handle()
#40 /home/skytech/ISP-BILLING-main/vendor/laravel/framework/src/Illuminate/Foundation/Http/Middleware/VerifyCsrfToken.php(87): Illuminate\\Pipeline\\Pipeline->Illuminate\\Pipeline\\{closure}()
#41 /home/skytech/ISP-BILLING-main/vendor/laravel/framework/src/Illuminate/Pipeline/Pipeline.php(219): Illuminate\\Foundation\\Http\\Middleware\\VerifyCsrfToken->handle()
#42 /home/skytech/ISP-BILLING-main/vendor/laravel/framework/src/Illuminate/View/Middleware/ShareErrorsFromSession.php(48): Illuminate\\Pipeline\\Pipeline->Illuminate\\Pipeline\\{closure}()
#43 /home/skytech/ISP-BILLING-main/vendor/laravel/framework/src/Illuminate/Pipeline/Pipeline.php(219): Illuminate\\View\\Middleware\\ShareErrorsFromSession->handle()
#44 /home/skytech/ISP-BILLING-main/vendor/laravel/framework/src/Illuminate/Session/Middleware/StartSession.php(120): Illuminate\\Pipeline\\Pipeline->Illuminate\\Pipeline\\{closure}()
#45 /home/skytech/ISP-BILLING-main/vendor/laravel/framework/src/Illuminate/Session/Middleware/StartSession.php(63): Illuminate\\Session\\Middleware\\StartSession->handleStatefulRequest()
#46 /home/skytech/ISP-BILLING-main/vendor/laravel/framework/src/Illuminate/Pipeline/Pipeline.php(219): Illuminate\\Session\\Middleware\\StartSession->handle()
#47 /home/skytech/ISP-BILLING-main/vendor/laravel/framework/src/Illuminate/Cookie/Middleware/AddQueuedCookiesToResponse.php(36): Illuminate\\Pipeline\\Pipeline->Illuminate\\Pipeline\\{closure}()
#48 /home/skytech/ISP-BILLING-main/vendor/laravel/framework/src/Illuminate/Pipeline/Pipeline.php(219): Illuminate\\Cookie\\Middleware\\AddQueuedCookiesToResponse->handle()
#49 /home/skytech/ISP-BILLING-main/vendor/laravel/framework/src/Illuminate/Cookie/Middleware/EncryptCookies.php(74): Illuminate\\Pipeline\\Pipeline->Illuminate\\Pipeline\\{closure}()
#50 /home/skytech/ISP-BILLING-main/vendor/laravel/framework/src/Illuminate/Pipeline/Pipeline.php(219): Illuminate\\Cookie\\Middleware\\EncryptCookies->handle()
#51 /home/skytech/ISP-BILLING-main/vendor/laravel/framework/src/Illuminate/Pipeline/Pipeline.php(137): Illuminate\\Pipeline\\Pipeline->Illuminate\\Pipeline\\{closure}()
#52 /home/skytech/ISP-BILLING-main/vendor/laravel/framework/src/Illuminate/Routing/Router.php(821): Illuminate\\Pipeline\\Pipeline->then()
#53 /home/skytech/ISP-BILLING-main/vendor/laravel/framework/src/Illuminate/Routing/Router.php(800): Illuminate\\Routing\\Router->runRouteWithinStack()
#54 /home/skytech/ISP-BILLING-main/vendor/laravel/framework/src/Illuminate/Routing/Router.php(764): Illuminate\\Routing\\Router->runRoute()
#55 /home/skytech/ISP-BILLING-main/vendor/laravel/framework/src/Illuminate/Routing/Router.php(753): Illuminate\\Routing\\Router->dispatchToRoute()
#56 /home/skytech/ISP-BILLING-main/vendor/laravel/framework/src/Illuminate/Foundation/Http/Kernel.php(200): Illuminate\\Routing\\Router->dispatch()
#57 /home/skytech/ISP-BILLING-main/vendor/laravel/framework/src/Illuminate/Pipeline/Pipeline.php(180): Illuminate\\Foundation\\Http\\Kernel->Illuminate\\Foundation\\Http\\{closure}()
#58 /home/skytech/ISP-BILLING-main/vendor/livewire/livewire/src/Features/SupportDisablingBackButtonCache/DisableBackButtonCacheMiddleware.php(19): Illuminate\\Pipeline\\Pipeline->Illuminate\\Pipeline\\{closure}()
#59 /home/skytech/ISP-BILLING-main/vendor/laravel/framework/src/Illuminate/Pipeline/Pipeline.php(219): Livewire\\Features\\SupportDisablingBackButtonCache\\DisableBackButtonCacheMiddleware->handle()
#60 /home/skytech/ISP-BILLING-main/app/Http/Middleware/CheckSiteStatus.php(55): Illuminate\\Pipeline\\Pipeline->Illuminate\\Pipeline\\{closure}()
#61 /home/skytech/ISP-BILLING-main/vendor/laravel/framework/src/Illuminate/Pipeline/Pipeline.php(219): App\\Http\\Middleware\\CheckSiteStatus->handle()
#62 /home/skytech/ISP-BILLING-main/vendor/laravel/framework/src/Illuminate/Foundation/Http/Middleware/TransformsRequest.php(21): Illuminate\\Pipeline\\Pipeline->Illuminate\\Pipeline\\{closure}()
#63 /home/skytech/ISP-BILLING-main/vendor/laravel/framework/src/Illuminate/Foundation/Http/Middleware/ConvertEmptyStringsToNull.php(31): Illuminate\\Foundation\\Http\\Middleware\\TransformsRequest->handle()
#64 /home/skytech/ISP-BILLING-main/vendor/laravel/framework/src/Illuminate/Pipeline/Pipeline.php(219): Illuminate\\Foundation\\Http\\Middleware\\ConvertEmptyStringsToNull->handle()
#65 /home/skytech/ISP-BILLING-main/vendor/laravel/framework/src/Illuminate/Foundation/Http/Middleware/TransformsRequest.php(21): Illuminate\\Pipeline\\Pipeline->Illuminate\\Pipeline\\{closure}()
#66 /home/skytech/ISP-BILLING-main/vendor/laravel/framework/src/Illuminate/Foundation/Http/Middleware/TrimStrings.php(51): Illuminate\\Foundation\\Http\\Middleware\\TransformsRequest->handle()
#67 /home/skytech/ISP-BILLING-main/vendor/laravel/framework/src/Illuminate/Pipeline/Pipeline.php(219): Illuminate\\Foundation\\Http\\Middleware\\TrimStrings->handle()
#68 /home/skytech/ISP-BILLING-main/vendor/laravel/framework/src/Illuminate/Http/Middleware/ValidatePostSize.php(27): Illuminate\\Pipeline\\Pipeline->Illuminate\\Pipeline\\{closure}()
#69 /home/skytech/ISP-BILLING-main/vendor/laravel/framework/src/Illuminate/Pipeline/Pipeline.php(219): Illuminate\\Http\\Middleware\\ValidatePostSize->handle()
#70 /home/skytech/ISP-BILLING-main/vendor/laravel/framework/src/Illuminate/Foundation/Http/Middleware/PreventRequestsDuringMaintenance.php(109): Illuminate\\Pipeline\\Pipeline->Illuminate\\Pipeline\\{closure}()
#71 /home/skytech/ISP-BILLING-main/vendor/laravel/framework/src/Illuminate/Pipeline/Pipeline.php(219): Illuminate\\Foundation\\Http\\Middleware\\PreventRequestsDuringMaintenance->handle()
#72 /home/skytech/ISP-BILLING-main/vendor/laravel/framework/src/Illuminate/Http/Middleware/HandleCors.php(61): Illuminate\\Pipeline\\Pipeline->Illuminate\\Pipeline\\{closure}()
#73 /home/skytech/ISP-BILLING-main/vendor/laravel/framework/src/Illuminate/Pipeline/Pipeline.php(219): Illuminate\\Http\\Middleware\\HandleCors->handle()
#74 /home/skytech/ISP-BILLING-main/vendor/laravel/framework/src/Illuminate/Http/Middleware/TrustProxies.php(58): Illuminate\\Pipeline\\Pipeline->Illuminate\\Pipeline\\{closure}()
#75 /home/skytech/ISP-BILLING-main/vendor/laravel/framework/src/Illuminate/Pipeline/Pipeline.php(219): Illuminate\\Http\\Middleware\\TrustProxies->handle()
#76 /home/skytech/ISP-BILLING-main/vendor/laravel/framework/src/Illuminate/Foundation/Http/Middleware/InvokeDeferredCallbacks.php(22): Illuminate\\Pipeline\\Pipeline->Illuminate\\Pipeline\\{closure}()
#77 /home/skytech/ISP-BILLING-main/vendor/laravel/framework/src/Illuminate/Pipeline/Pipeline.php(219): Illuminate\\Foundation\\Http\\Middleware\\InvokeDeferredCallbacks->handle()
#78 /home/skytech/ISP-BILLING-main/vendor/laravel/framework/src/Illuminate/Http/Middleware/ValidatePathEncoding.php(26): Illuminate\\Pipeline\\Pipeline->Illuminate\\Pipeline\\{closure}()
#79 /home/skytech/ISP-BILLING-main/vendor/laravel/framework/src/Illuminate/Pipeline/Pipeline.php(219): Illuminate\\Http\\Middleware\\ValidatePathEncoding->handle()
#80 /home/skytech/ISP-BILLING-main/vendor/laravel/framework/src/Illuminate/Pipeline/Pipeline.php(137): Illuminate\\Pipeline\\Pipeline->Illuminate\\Pipeline\\{closure}()
#81 /home/skytech/ISP-BILLING-main/vendor/laravel/framework/src/Illuminate/Foundation/Http/Kernel.php(175): Illuminate\\Pipeline\\Pipeline->then()
#82 /home/skytech/ISP-BILLING-main/vendor/laravel/framework/src/Illuminate/Foundation/Http/Kernel.php(144): Illuminate\\Foundation\\Http\\Kernel->sendRequestThroughRouter()
#83 /home/skytech/ISP-BILLING-main/vendor/laravel/framework/src/Illuminate/Foundation/Application.php(1220): Illuminate\\Foundation\\Http\\Kernel->handle()
#84 /home/skytech/ISP-BILLING-main/public/index.php(20): Illuminate\\Foundation\\Application->handleRequest()
#85 {main}

[previous exception] [object] (TypeError(code: 0): Cannot access offset of type string on string at /home/skytech/ISP-BILLING-main/storage/framework/views/be563ec1c768dc432e44bf9d4c2c07f8.php:1417)
[stacktrace]
#0 /home/skytech/ISP-BILLING-main/vendor/livewire/livewire/src/Mechanisms/ExtendBlade/ExtendedCompilerEngine.php(37): include()
#1 /home/skytech/ISP-BILLING-main/vendor/livewire/livewire/src/Mechanisms/ExtendBlade/ExtendedCompilerEngine.php(38): App\\Livewire\\Mikrotik\\HotspotManager->Livewire\\Mechanisms\\ExtendBlade\\{closure}()
#2 /home/skytech/ISP-BILLING-main/vendor/laravel/framework/src/Illuminate/View/Engines/CompilerEngine.php(76): Livewire\\Mechanisms\\ExtendBlade\\ExtendedCompilerEngine->evaluatePath()
#3 /home/skytech/ISP-BILLING-main/vendor/livewire/livewire/src/Mechanisms/ExtendBlade/ExtendedCompilerEngine.php(16): Illuminate\\View\\Engines\\CompilerEngine->get()
#4 /home/skytech/ISP-BILLING-main/vendor/laravel/framework/src/Illuminate/View/View.php(208): Livewire\\Mechanisms\\ExtendBlade\\ExtendedCompilerEngine->get()
#5 /home/skytech/ISP-BILLING-main/vendor/laravel/framework/src/Illuminate/View/View.php(191): Illuminate\\View\\View->getContents()
#6 /home/skytech/ISP-BILLING-main/vendor/laravel/framework/src/Illuminate/View/View.php(160): Illuminate\\View\\View->renderContents()
#7 /home/skytech/ISP-BILLING-main/vendor/livewire/livewire/src/Mechanisms/HandleComponents/HandleComponents.php(331): Illuminate\\View\\View->render()
#8 /home/skytech/ISP-BILLING-main/vendor/livewire/livewire/src/Mechanisms/HandleComponents/HandleComponents.php(382): Livewire\\Mechanisms\\HandleComponents\\HandleComponents->Livewire\\Mechanisms\\HandleComponents\\{closure}()
#9 /home/skytech/ISP-BILLING-main/vendor/livewire/livewire/src/Mechanisms/HandleComponents/HandleComponents.php(323): Livewire\\Mechanisms\\HandleComponents\\HandleComponents->trackInRenderStack()
#10 /home/skytech/ISP-BILLING-main/vendor/livewire/livewire/src/Mechanisms/HandleComponents/HandleComponents.php(63): Livewire\\Mechanisms\\HandleComponents\\HandleComponents->render()
#11 /home/skytech/ISP-BILLING-main/vendor/livewire/livewire/src/LivewireManager.php(103): Livewire\\Mechanisms\\HandleComponents\\HandleComponents->mount()
#12 /home/skytech/ISP-BILLING-main/vendor/livewire/livewire/src/Features/SupportPageComponents/HandlesPageComponents.php(19): Livewire\\LivewireManager->mount()
#13 /home/skytech/ISP-BILLING-main/vendor/livewire/livewire/src/Features/SupportPageComponents/SupportPageComponents.php(118): Livewire\\Component->Livewire\\Features\\SupportPageComponents\\{closure}()
#14 /home/skytech/ISP-BILLING-main/vendor/livewire/livewire/src/Features/SupportPageComponents/HandlesPageComponents.php(14): Livewire\\Features\\SupportPageComponents\\SupportPageComponents::interceptTheRenderOfTheComponentAndRetreiveTheLayoutConfiguration()
#15 /home/skytech/ISP-BILLING-main/vendor/laravel/framework/src/Illuminate/Routing/ControllerDispatcher.php(46): Livewire\\Component->__invoke()
#16 /home/skytech/ISP-BILLING-main/vendor/laravel/framework/src/Illuminate/Routing/Route.php(265): Illuminate\\Routing\\ControllerDispatcher->dispatch()
#17 /home/skytech/ISP-BILLING-main/vendor/laravel/framework/src/Illuminate/Routing/Route.php(211): Illuminate\\Routing\\Route->runController()
#18 /home/skytech/ISP-BILLING-main/vendor/laravel/framework/src/Illuminate/Routing/Router.php(822): Illuminate\\Routing\\Route->run()
#19 /home/skytech/ISP-BILLING-main/vendor/laravel/framework/src/Illuminate/Pipeline/Pipeline.php(180): Illuminate\\Routing\\Router->Illuminate\\Routing\\{closure}()
#20 /home/skytech/ISP-BILLING-main/app/Http/Middleware/RestrictHotelUserPortal.php(45): Illuminate\\Pipeline\\Pipeline->Illuminate\\Pipeline\\{closure}()
#21 /home/skytech/ISP-BILLING-main/vendor/laravel/framework/src/Illuminate/Pipeline/Pipeline.php(219): App\\Http\\Middleware\\RestrictHotelUserPortal->handle()
#22 /home/skytech/ISP-BILLING-main/app/Http/Middleware/ForcePortalPasswordChange.php(29): Illuminate\\Pipeline\\Pipeline->Illuminate\\Pipeline\\{closure}()
#23 /home/skytech/ISP-BILLING-main/vendor/laravel/framework/src/Illuminate/Pipeline/Pipeline.php(219): App\\Http\\Middleware\\ForcePortalPasswordChange->handle()
#24 /home/skytech/ISP-BILLING-main/app/Http/Middleware/RestrictToProfileIfNoPermissions.php(61): Illuminate\\Pipeline\\Pipeline->Illuminate\\Pipeline\\{closure}()
#25 /home/skytech/ISP-BILLING-main/vendor/laravel/framework/src/Illuminate/Pipeline/Pipeline.php(219): App\\Http\\Middleware\\RestrictToProfileIfNoPermissions->handle()
#26 /home/skytech/ISP-BILLING-main/vendor/laravel/framework/src/Illuminate/Auth/Middleware/EnsureEmailIsVerified.php(41): Illuminate\\Pipeline\\Pipeline->Illuminate\\Pipeline\\{closure}()
#27 /home/skytech/ISP-BILLING-main/vendor/laravel/framework/src/Illuminate/Pipeline/Pipeline.php(219): Illuminate\\Auth\\Middleware\\EnsureEmailIsVerified->handle()
#28 /home/skytech/ISP-BILLING-main/vendor/php-flasher/flasher-laravel/Middleware/FlasherMiddleware.php(21): Illuminate\\Pipeline\\Pipeline->Illuminate\\Pipeline\\{closure}()
#29 /home/skytech/ISP-BILLING-main/vendor/laravel/framework/src/Illuminate/Pipeline/Pipeline.php(219): Flasher\\Laravel\\Middleware\\FlasherMiddleware->handle()
#30 /home/skytech/ISP-BILLING-main/vendor/php-flasher/flasher-laravel/Middleware/SessionMiddleware.php(21): Illuminate\\Pipeline\\Pipeline->Illuminate\\Pipeline\\{closure}()
#31 /home/skytech/ISP-BILLING-main/vendor/laravel/framework/src/Illuminate/Pipeline/Pipeline.php(219): Flasher\\Laravel\\Middleware\\SessionMiddleware->handle()
#32 /home/skytech/ISP-BILLING-main/app/Http/Middleware/SetLocaleFromSession.php(42): Illuminate\\Pipeline\\Pipeline->Illuminate\\Pipeline\\{closure}()
#33 /home/skytech/ISP-BILLING-main/vendor/laravel/framework/src/Illuminate/Pipeline/Pipeline.php(219): App\\Http\\Middleware\\SetLocaleFromSession->handle()
#34 /home/skytech/ISP-BILLING-main/vendor/laravel/framework/src/Illuminate/Routing/Middleware/SubstituteBindings.php(50): Illuminate\\Pipeline\\Pipeline->Illuminate\\Pipeline\\{closure}()
#35 /home/skytech/ISP-BILLING-main/vendor/laravel/framework/src/Illuminate/Pipeline/Pipeline.php(219): Illuminate\\Routing\\Middleware\\SubstituteBindings->handle()
#36 /home/skytech/ISP-BILLING-main/vendor/laravel/framework/src/Illuminate/Session/Middleware/AuthenticateSession.php(70): Illuminate\\Pipeline\\Pipeline->Illuminate\\Pipeline\\{closure}()
#37 /home/skytech/ISP-BILLING-main/vendor/laravel/framework/src/Illuminate/Pipeline/Pipeline.php(219): Illuminate\\Session\\Middleware\\AuthenticateSession->handle()
#38 /home/skytech/ISP-BILLING-main/vendor/laravel/framework/src/Illuminate/Auth/Middleware/Authenticate.php(63): Illuminate\\Pipeline\\Pipeline->Illuminate\\Pipeline\\{closure}()
#39 /home/skytech/ISP-BILLING-main/vendor/laravel/framework/src/Illuminate/Pipeline/Pipeline.php(219): Illuminate\\Auth\\Middleware\\Authenticate->handle()
#40 /home/skytech/ISP-BILLING-main/vendor/laravel/framework/src/Illuminate/Foundation/Http/Middleware/VerifyCsrfToken.php(87): Illuminate\\Pipeline\\Pipeline->Illuminate\\Pipeline\\{closure}()
#41 /home/skytech/ISP-BILLING-main/vendor/laravel/framework/src/Illuminate/Pipeline/Pipeline.php(219): Illuminate\\Foundation\\Http\\Middleware\\VerifyCsrfToken->handle()
#42 /home/skytech/ISP-BILLING-main/vendor/laravel/framework/src/Illuminate/View/Middleware/ShareErrorsFromSession.php(48): Illuminate\\Pipeline\\Pipeline->Illuminate\\Pipeline\\{closure}()
#43 /home/skytech/ISP-BILLING-main/vendor/laravel/framework/src/Illuminate/Pipeline/Pipeline.php(219): Illuminate\\View\\Middleware\\ShareErrorsFromSession->handle()
#44 /home/skytech/ISP-BILLING-main/vendor/laravel/framework/src/Illuminate/Session/Middleware/StartSession.php(120): Illuminate\\Pipeline\\Pipeline->Illuminate\\Pipeline\\{closure}()
#45 /home/skytech/ISP-BILLING-main/vendor/laravel/framework/src/Illuminate/Session/Middleware/StartSession.php(63): Illuminate\\Session\\Middleware\\StartSession->handleStatefulRequest()
#46 /home/skytech/ISP-BILLING-main/vendor/laravel/framework/src/Illuminate/Pipeline/Pipeline.php(219): Illuminate\\Session\\Middleware\\StartSession->handle()
#47 /home/skytech/ISP-BILLING-main/vendor/laravel/framework/src/Illuminate/Cookie/Middleware/AddQueuedCookiesToResponse.php(36): Illuminate\\Pipeline\\Pipeline->Illuminate\\Pipeline\\{closure}()
#48 /home/skytech/ISP-BILLING-main/vendor/laravel/framework/src/Illuminate/Pipeline/Pipeline.php(219): Illuminate\\Cookie\\Middleware\\AddQueuedCookiesToResponse->handle()
#49 /home/skytech/ISP-BILLING-main/vendor/laravel/framework/src/Illuminate/Cookie/Middleware/EncryptCookies.php(74): Illuminate\\Pipeline\\Pipeline->Illuminate\\Pipeline\\{closure}()
#50 /home/skytech/ISP-BILLING-main/vendor/laravel/framework/src/Illuminate/Pipeline/Pipeline.php(219): Illuminate\\Cookie\\Middleware\\EncryptCookies->handle()
#51 /home/skytech/ISP-BILLING-main/vendor/laravel/framework/src/Illuminate/Pipeline/Pipeline.php(137): Illuminate\\Pipeline\\Pipeline->Illuminate\\Pipeline\\{closure}()
#52 /home/skytech/ISP-BILLING-main/vendor/laravel/framework/src/Illuminate/Routing/Router.php(821): Illuminate\\Pipeline\\Pipeline->then()
#53 /home/skytech/ISP-BILLING-main/vendor/laravel/framework/src/Illuminate/Routing/Router.php(800): Illuminate\\Routing\\Router->runRouteWithinStack()
#54 /home/skytech/ISP-BILLING-main/vendor/laravel/framework/src/Illuminate/Routing/Router.php(764): Illuminate\\Routing\\Router->runRoute()
#55 /home/skytech/ISP-BILLING-main/vendor/laravel/framework/src/Illuminate/Routing/Router.php(753): Illuminate\\Routing\\Router->dispatchToRoute()
#56 /home/skytech/ISP-BILLING-main/vendor/laravel/framework/src/Illuminate/Foundation/Http/Kernel.php(200): Illuminate\\Routing\\Router->dispatch()
#57 /home/skytech/ISP-BILLING-main/vendor/laravel/framework/src/Illuminate/Pipeline/Pipeline.php(180): Illuminate\\Foundation\\Http\\Kernel->Illuminate\\Foundation\\Http\\{closure}()
#58 /home/skytech/ISP-BILLING-main/vendor/livewire/livewire/src/Features/SupportDisablingBackButtonCache/DisableBackButtonCacheMiddleware.php(19): Illuminate\\Pipeline\\Pipeline->Illuminate\\Pipeline\\{closure}()
#59 /home/skytech/ISP-BILLING-main/vendor/laravel/framework/src/Illuminate/Pipeline/Pipeline.php(219): Livewire\\Features\\SupportDisablingBackButtonCache\\DisableBackButtonCacheMiddleware->handle()
#60 /home/skytech/ISP-BILLING-main/app/Http/Middleware/CheckSiteStatus.php(55): Illuminate\\Pipeline\\Pipeline->Illuminate\\Pipeline\\{closure}()
#61 /home/skytech/ISP-BILLING-main/vendor/laravel/framework/src/Illuminate/Pipeline/Pipeline.php(219): App\\Http\\Middleware\\CheckSiteStatus->handle()
#62 /home/skytech/ISP-BILLING-main/vendor/laravel/framework/src/Illuminate/Foundation/Http/Middleware/TransformsRequest.php(21): Illuminate\\Pipeline\\Pipeline->Illuminate\\Pipeline\\{closure}()
#63 /home/skytech/ISP-BILLING-main/vendor/laravel/framework/src/Illuminate/Foundation/Http/Middleware/ConvertEmptyStringsToNull.php(31): Illuminate\\Foundation\\Http\\Middleware\\TransformsRequest->handle()
#64 /home/skytech/ISP-BILLING-main/vendor/laravel/framework/src/Illuminate/Pipeline/Pipeline.php(219): Illuminate\\Foundation\\Http\\Middleware\\ConvertEmptyStringsToNull->handle()
#65 /home/skytech/ISP-BILLING-main/vendor/laravel/framework/src/Illuminate/Foundation/Http/Middleware/TransformsRequest.php(21): Illuminate\\Pipeline\\Pipeline->Illuminate\\Pipeline\\{closure}()
#66 /home/skytech/ISP-BILLING-main/vendor/laravel/framework/src/Illuminate/Foundation/Http/Middleware/TrimStrings.php(51): Illuminate\\Foundation\\Http\\Middleware\\TransformsRequest->handle()
#67 /home/skytech/ISP-BILLING-main/vendor/laravel/framework/src/Illuminate/Pipeline/Pipeline.php(219): Illuminate\\Foundation\\Http\\Middleware\\TrimStrings->handle()
#68 /home/skytech/ISP-BILLING-main/vendor/laravel/framework/src/Illuminate/Http/Middleware/ValidatePostSize.php(27): Illuminate\\Pipeline\\Pipeline->Illuminate\\Pipeline\\{closure}()
#69 /home/skytech/ISP-BILLING-main/vendor/laravel/framework/src/Illuminate/Pipeline/Pipeline.php(219): Illuminate\\Http\\Middleware\\ValidatePostSize->handle()
#70 /home/skytech/ISP-BILLING-main/vendor/laravel/framework/src/Illuminate/Foundation/Http/Middleware/PreventRequestsDuringMaintenance.php(109): Illuminate\\Pipeline\\Pipeline->Illuminate\\Pipeline\\{closure}()
#71 /home/skytech/ISP-BILLING-main/vendor/laravel/framework/src/Illuminate/Pipeline/Pipeline.php(219): Illuminate\\Foundation\\Http\\Middleware\\PreventRequestsDuringMaintenance->handle()
#72 /home/skytech/ISP-BILLING-main/vendor/laravel/framework/src/Illuminate/Http/Middleware/HandleCors.php(61): Illuminate\\Pipeline\\Pipeline->Illuminate\\Pipeline\\{closure}()
#73 /home/skytech/ISP-BILLING-main/vendor/laravel/framework/src/Illuminate/Pipeline/Pipeline.php(219): Illuminate\\Http\\Middleware\\HandleCors->handle()
#74 /home/skytech/ISP-BILLING-main/vendor/laravel/framework/src/Illuminate/Http/Middleware/TrustProxies.php(58): Illuminate\\Pipeline\\Pipeline->Illuminate\\Pipeline\\{closure}()
#75 /home/skytech/ISP-BILLING-main/vendor/laravel/framework/src/Illuminate/Pipeline/Pipeline.php(219): Illuminate\\Http\\Middleware\\TrustProxies->handle()
#76 /home/skytech/ISP-BILLING-main/vendor/laravel/framework/src/Illuminate/Foundation/Http/Middleware/InvokeDeferredCallbacks.php(22): Illuminate\\Pipeline\\Pipeline->Illuminate\\Pipeline\\{closure}()
#77 /home/skytech/ISP-BILLING-main/vendor/laravel/framework/src/Illuminate/Pipeline/Pipeline.php(219): Illuminate\\Foundation\\Http\\Middleware\\InvokeDeferredCallbacks->handle()
#78 /home/skytech/ISP-BILLING-main/vendor/laravel/framework/src/Illuminate/Http/Middleware/ValidatePathEncoding.php(26): Illuminate\\Pipeline\\Pipeline->Illuminate\\Pipeline\\{closure}()
#79 /home/skytech/ISP-BILLING-main/vendor/laravel/framework/src/Illuminate/Pipeline/Pipeline.php(219): Illuminate\\Http\\Middleware\\ValidatePathEncoding->handle()
#80 /home/skytech/ISP-BILLING-main/vendor/laravel/framework/src/Illuminate/Pipeline/Pipeline.php(137): Illuminate\\Pipeline\\Pipeline->Illuminate\\Pipeline\\{closure}()
#81 /home/skytech/ISP-BILLING-main/vendor/laravel/framework/src/Illuminate/Foundation/Http/Kernel.php(175): Illuminate\\Pipeline\\Pipeline->then()
#82 /home/skytech/ISP-BILLING-main/vendor/laravel/framework/src/Illuminate/Foundation/Http/Kernel.php(144): Illuminate\\Foundation\\Http\\Kernel->sendRequestThroughRouter()
#83 /home/skytech/ISP-BILLING-main/vendor/laravel/framework/src/Illuminate/Foundation/Application.php(1220): Illuminate\\Foundation\\Http\\Kernel->handle()
#84 /home/skytech/ISP-BILLING-main/public/index.php(20): Illuminate\\Foundation\\Application->handleRequest()
#85 {main}
"} 
[2026-09-25 10:54:24] production.DEBUG: Mikrotik [UVINZA] read cache invalidated.  
[2026-09-25 10:54:24] production.DEBUG: Mikrotik [HOPE] read cache invalidated.  
[2026-09-25 10:54:25] production.DEBUG: Mikrotik [UVINZA] read cache invalidated.  
[2026-09-25 10:54:27] production.DEBUG: Mikrotik [UVINZA] read cache invalidated.  
[2026-09-25 10:54:27] production.DEBUG: Mikrotik [HOPE] read cache invalidated.  
[2026-09-25 10:54:36] production.DEBUG: Mikrotik [UVINZA] read cache invalidated.  
[2026-09-25 10:54:36] production.DEBUG: Mikrotik [HOPE] read cache invalidated.  
[2026-09-25 10:54:37] production.DEBUG: Mikrotik [UVINZA] read cache invalidated.  
[2026-09-25 10:54:47] production.DEBUG: Mikrotik [UVINZA] read cache invalidated.  
[2026-09-25 10:55:23] production.DEBUG: Mikrotik [UVINZA] read cache invalidated.  
[2026-09-25 10:55:36] production.DEBUG: Mikrotik [UVINZA] read cache invalidated.  
[2026-09-25 10:55:41] production.ERROR: Mikrotik [UVINZA] SSH Read Fail: Connection closed due to timeout  
[2026-09-25 10:55:43] production.ERROR: Mikrotik [UVINZA] SSH Read Fail: Connection closed due to timeout  
[2026-09-25 10:55:45] production.ERROR: Cannot access offset of type string on string (View: /home/skytech/ISP-BILLING-main/resources/views/livewire/mikrotik/hotspot-manager.blade.php) {"userId":1,"exception":"[object] (Illuminate\\View\\ViewException(code: 0): Cannot access offset of type string on string (View: /home/skytech/ISP-BILLING-main/resources/views/livewire/mikrotik/hotspot-manager.blade.php) at /home/skytech/ISP-BILLING-main/storage/framework/views/be563ec1c768dc432e44bf9d4c2c07f8.php:1417)
[stacktrace]
#0 /home/skytech/ISP-BILLING-main/vendor/livewire/livewire/src/Mechanisms/ExtendBlade/ExtendedCompilerEngine.php(58): Illuminate\\View\\Engines\\CompilerEngine->handleViewException()
#1 /home/skytech/ISP-BILLING-main/vendor/livewire/livewire/src/Mechanisms/ExtendBlade/ExtendedCompilerEngine.php(40): Livewire\\Mechanisms\\ExtendBlade\\ExtendedCompilerEngine->handleViewException()
#2 /home/skytech/ISP-BILLING-main/vendor/laravel/framework/src/Illuminate/View/Engines/CompilerEngine.php(76): Livewire\\Mechanisms\\ExtendBlade\\ExtendedCompilerEngine->evaluatePath()
#3 /home/skytech/ISP-BILLING-main/vendor/livewire/livewire/src/Mechanisms/ExtendBlade/ExtendedCompilerEngine.php(16): Illuminate\\View\\Engines\\CompilerEngine->get()
#4 /home/skytech/ISP-BILLING-main/vendor/laravel/framework/src/Illuminate/View/View.php(208): Livewire\\Mechanisms\\ExtendBlade\\ExtendedCompilerEngine->get()
#5 /home/skytech/ISP-BILLING-main/vendor/laravel/framework/src/Illuminate/View/View.php(191): Illuminate\\View\\View->getContents()
#6 /home/skytech/ISP-BILLING-main/vendor/laravel/framework/src/Illuminate/View/View.php(160): Illuminate\\View\\View->renderContents()
#7 /home/skytech/ISP-BILLING-main/vendor/livewire/livewire/src/Mechanisms/HandleComponents/HandleComponents.php(331): Illuminate\\View\\View->render()
#8 /home/skytech/ISP-BILLING-main/vendor/livewire/livewire/src/Mechanisms/HandleComponents/HandleComponents.php(382): Livewire\\Mechanisms\\HandleComponents\\HandleComponents->Livewire\\Mechanisms\\HandleComponents\\{closure}()
#9 /home/skytech/ISP-BILLING-main/vendor/livewire/livewire/src/Mechanisms/HandleComponents/HandleComponents.php(323): Livewire\\Mechanisms\\HandleComponents\\HandleComponents->trackInRenderStack()
#10 /home/skytech/ISP-BILLING-main/vendor/livewire/livewire/src/Mechanisms/HandleComponents/HandleComponents.php(63): Livewire\\Mechanisms\\HandleComponents\\HandleComponents->render()
#11 /home/skytech/ISP-BILLING-main/vendor/livewire/livewire/src/LivewireManager.php(103): Livewire\\Mechanisms\\HandleComponents\\HandleComponents->mount()
#12 /home/skytech/ISP-BILLING-main/vendor/livewire/livewire/src/Features/SupportPageComponents/HandlesPageComponents.php(19): Livewire\\LivewireManager->mount()
#13 /home/skytech/ISP-BILLING-main/vendor/livewire/livewire/src/Features/SupportPageComponents/SupportPageComponents.php(118): Livewire\\Component->Livewire\\Features\\SupportPageComponents\\{closure}()
#14 /home/skytech/ISP-BILLING-main/vendor/livewire/livewire/src/Features/SupportPageComponents/HandlesPageComponents.php(14): Livewire\\Features\\SupportPageComponents\\SupportPageComponents::interceptTheRenderOfTheComponentAndRetreiveTheLayoutConfiguration()
#15 /home/skytech/ISP-BILLING-main/vendor/laravel/framework/src/Illuminate/Routing/ControllerDispatcher.php(46): Livewire\\Component->__invoke()
#16 /home/skytech/ISP-BILLING-main/vendor/laravel/framework/src/Illuminate/Routing/Route.php(265): Illuminate\\Routing\\ControllerDispatcher->dispatch()
#17 /home/skytech/ISP-BILLING-main/vendor/laravel/framework/src/Illuminate/Routing/Route.php(211): Illuminate\\Routing\\Route->runController()
#18 /home/skytech/ISP-BILLING-main/vendor/laravel/framework/src/Illuminate/Routing/Router.php(822): Illuminate\\Routing\\Route->run()
#19 /home/skytech/ISP-BILLING-main/vendor/laravel/framework/src/Illuminate/Pipeline/Pipeline.php(180): Illuminate\\Routing\\Router->Illuminate\\Routing\\{closure}()
#20 /home/skytech/ISP-BILLING-main/app/Http/Middleware/RestrictHotelUserPortal.php(45): Illuminate\\Pipeline\\Pipeline->Illuminate\\Pipeline\\{closure}()
#21 /home/skytech/ISP-BILLING-main/vendor/laravel/framework/src/Illuminate/Pipeline/Pipeline.php(219): App\\Http\\Middleware\\RestrictHotelUserPortal->handle()
#22 /home/skytech/ISP-BILLING-main/app/Http/Middleware/ForcePortalPasswordChange.php(29): Illuminate\\Pipeline\\Pipeline->Illuminate\\Pipeline\\{closure}()
#23 /home/skytech/ISP-BILLING-main/vendor/laravel/framework/src/Illuminate/Pipeline/Pipeline.php(219): App\\Http\\Middleware\\ForcePortalPasswordChange->handle()
#24 /home/skytech/ISP-BILLING-main/app/Http/Middleware/RestrictToProfileIfNoPermissions.php(61): Illuminate\\Pipeline\\Pipeline->Illuminate\\Pipeline\\{closure}()
#25 /home/skytech/ISP-BILLING-main/vendor/laravel/framework/src/Illuminate/Pipeline/Pipeline.php(219): App\\Http\\Middleware\\RestrictToProfileIfNoPermissions->handle()
#26 /home/skytech/ISP-BILLING-main/vendor/laravel/framework/src/Illuminate/Auth/Middleware/EnsureEmailIsVerified.php(41): Illuminate\\Pipeline\\Pipeline->Illuminate\\Pipeline\\{closure}()
#27 /home/skytech/ISP-BILLING-main/vendor/laravel/framework/src/Illuminate/Pipeline/Pipeline.php(219): Illuminate\\Auth\\Middleware\\EnsureEmailIsVerified->handle()
#28 /home/skytech/ISP-BILLING-main/vendor/php-flasher/flasher-laravel/Middleware/FlasherMiddleware.php(21): Illuminate\\Pipeline\\Pipeline->Illuminate\\Pipeline\\{closure}()
#29 /home/skytech/ISP-BILLING-main/vendor/laravel/framework/src/Illuminate/Pipeline/Pipeline.php(219): Flasher\\Laravel\\Middleware\\FlasherMiddleware->handle()
#30 /home/skytech/ISP-BILLING-main/vendor/php-flasher/flasher-laravel/Middleware/SessionMiddleware.php(21): Illuminate\\Pipeline\\Pipeline->Illuminate\\Pipeline\\{closure}()
#31 /home/skytech/ISP-BILLING-main/vendor/laravel/framework/src/Illuminate/Pipeline/Pipeline.php(219): Flasher\\Laravel\\Middleware\\SessionMiddleware->handle()
#32 /home/skytech/ISP-BILLING-main/app/Http/Middleware/SetLocaleFromSession.php(42): Illuminate\\Pipeline\\Pipeline->Illuminate\\Pipeline\\{closure}()
#33 /home/skytech/ISP-BILLING-main/vendor/laravel/framework/src/Illuminate/Pipeline/Pipeline.php(219): App\\Http\\Middleware\\SetLocaleFromSession->handle()
#34 /home/skytech/ISP-BILLING-main/vendor/laravel/framework/src/Illuminate/Routing/Middleware/SubstituteBindings.php(50): Illuminate\\Pipeline\\Pipeline->Illuminate\\Pipeline\\{closure}()
#35 /home/skytech/ISP-BILLING-main/vendor/laravel/framework/src/Illuminate/Pipeline/Pipeline.php(219): Illuminate\\Routing\\Middleware\\SubstituteBindings->handle()
#36 /home/skytech/ISP-BILLING-main/vendor/laravel/framework/src/Illuminate/Session/Middleware/AuthenticateSession.php(70): Illuminate\\Pipeline\\Pipeline->Illuminate\\Pipeline\\{closure}()
#37 /home/skytech/ISP-BILLING-main/vendor/laravel/framework/src/Illuminate/Pipeline/Pipeline.php(219): Illuminate\\Session\\Middleware\\AuthenticateSession->handle()
#38 /home/skytech/ISP-BILLING-main/vendor/laravel/framework/src/Illuminate/Auth/Middleware/Authenticate.php(63): Illuminate\\Pipeline\\Pipeline->Illuminate\\Pipeline\\{closure}()
#39 /home/skytech/ISP-BILLING-main/vendor/laravel/framework/src/Illuminate/Pipeline/Pipeline.php(219): Illuminate\\Auth\\Middleware\\Authenticate->handle()
#40 /home/skytech/ISP-BILLING-main/vendor/laravel/framework/src/Illuminate/Foundation/Http/Middleware/VerifyCsrfToken.php(87): Illuminate\\Pipeline\\Pipeline->Illuminate\\Pipeline\\{closure}()
#41 /home/skytech/ISP-BILLING-main/vendor/laravel/framework/src/Illuminate/Pipeline/Pipeline.php(219): Illuminate\\Foundation\\Http\\Middleware\\VerifyCsrfToken->handle()
#42 /home/skytech/ISP-BILLING-main/vendor/laravel/framework/src/Illuminate/View/Middleware/ShareErrorsFromSession.php(48): Illuminate\\Pipeline\\Pipeline->Illuminate\\Pipeline\\{closure}()
#43 /home/skytech/ISP-BILLING-main/vendor/laravel/framework/src/Illuminate/Pipeline/Pipeline.php(219): Illuminate\\View\\Middleware\\ShareErrorsFromSession->handle()
#44 /home/skytech/ISP-BILLING-main/vendor/laravel/framework/src/Illuminate/Session/Middleware/StartSession.php(120): Illuminate\\Pipeline\\Pipeline->Illuminate\\Pipeline\\{closure}()
#45 /home/skytech/ISP-BILLING-main/vendor/laravel/framework/src/Illuminate/Session/Middleware/StartSession.php(63): Illuminate\\Session\\Middleware\\StartSession->handleStatefulRequest()
#46 /home/skytech/ISP-BILLING-main/vendor/laravel/framework/src/Illuminate/Pipeline/Pipeline.php(219): Illuminate\\Session\\Middleware\\StartSession->handle()
#47 /home/skytech/ISP-BILLING-main/vendor/laravel/framework/src/Illuminate/Cookie/Middleware/AddQueuedCookiesToResponse.php(36): Illuminate\\Pipeline\\Pipeline->Illuminate\\Pipeline\\{closure}()
#48 /home/skytech/ISP-BILLING-main/vendor/laravel/framework/src/Illuminate/Pipeline/Pipeline.php(219): Illuminate\\Cookie\\Middleware\\AddQueuedCookiesToResponse->handle()
#49 /home/skytech/ISP-BILLING-main/vendor/laravel/framework/src/Illuminate/Cookie/Middleware/EncryptCookies.php(74): Illuminate\\Pipeline\\Pipeline->Illuminate\\Pipeline\\{closure}()
#50 /home/skytech/ISP-BILLING-main/vendor/laravel/framework/src/Illuminate/Pipeline/Pipeline.php(219): Illuminate\\Cookie\\Middleware\\EncryptCookies->handle()
#51 /home/skytech/ISP-BILLING-main/vendor/laravel/framework/src/Illuminate/Pipeline/Pipeline.php(137): Illuminate\\Pipeline\\Pipeline->Illuminate\\Pipeline\\{closure}()
#52 /home/skytech/ISP-BILLING-main/vendor/laravel/framework/src/Illuminate/Routing/Router.php(821): Illuminate\\Pipeline\\Pipeline->then()
#53 /home/skytech/ISP-BILLING-main/vendor/laravel/framework/src/Illuminate/Routing/Router.php(800): Illuminate\\Routing\\Router->runRouteWithinStack()
#54 /home/skytech/ISP-BILLING-main/vendor/laravel/framework/src/Illuminate/Routing/Router.php(764): Illuminate\\Routing\\Router->runRoute()
#55 /home/skytech/ISP-BILLING-main/vendor/laravel/framework/src/Illuminate/Routing/Router.php(753): Illuminate\\Routing\\Router->dispatchToRoute()
#56 /home/skytech/ISP-BILLING-main/vendor/laravel/framework/src/Illuminate/Foundation/Http/Kernel.php(200): Illuminate\\Routing\\Router->dispatch()
#57 /home/skytech/ISP-BILLING-main/vendor/laravel/framework/src/Illuminate/Pipeline/Pipeline.php(180): Illuminate\\Foundation\\Http\\Kernel->Illuminate\\Foundation\\Http\\{closure}()
#58 /home/skytech/ISP-BILLING-main/vendor/livewire/livewire/src/Features/SupportDisablingBackButtonCache/DisableBackButtonCacheMiddleware.php(19): Illuminate\\Pipeline\\Pipeline->Illuminate\\Pipeline\\{closure}()
#59 /home/skytech/ISP-BILLING-main/vendor/laravel/framework/src/Illuminate/Pipeline/Pipeline.php(219): Livewire\\Features\\SupportDisablingBackButtonCache\\DisableBackButtonCacheMiddleware->handle()
#60 /home/skytech/ISP-BILLING-main/app/Http/Middleware/CheckSiteStatus.php(55): Illuminate\\Pipeline\\Pipeline->Illuminate\\Pipeline\\{closure}()
#61 /home/skytech/ISP-BILLING-main/vendor/laravel/framework/src/Illuminate/Pipeline/Pipeline.php(219): App\\Http\\Middleware\\CheckSiteStatus->handle()
#62 /home/skytech/ISP-BILLING-main/vendor/laravel/framework/src/Illuminate/Foundation/Http/Middleware/TransformsRequest.php(21): Illuminate\\Pipeline\\Pipeline->Illuminate\\Pipeline\\{closure}()
#63 /home/skytech/ISP-BILLING-main/vendor/laravel/framework/src/Illuminate/Foundation/Http/Middleware/ConvertEmptyStringsToNull.php(31): Illuminate\\Foundation\\Http\\Middleware\\TransformsRequest->handle()
#64 /home/skytech/ISP-BILLING-main/vendor/laravel/framework/src/Illuminate/Pipeline/Pipeline.php(219): Illuminate\\Foundation\\Http\\Middleware\\ConvertEmptyStringsToNull->handle()
#65 /home/skytech/ISP-BILLING-main/vendor/laravel/framework/src/Illuminate/Foundation/Http/Middleware/TransformsRequest.php(21): Illuminate\\Pipeline\\Pipeline->Illuminate\\Pipeline\\{closure}()
#66 /home/skytech/ISP-BILLING-main/vendor/laravel/framework/src/Illuminate/Foundation/Http/Middleware/TrimStrings.php(51): Illuminate\\Foundation\\Http\\Middleware\\TransformsRequest->handle()
#67 /home/skytech/ISP-BILLING-main/vendor/laravel/framework/src/Illuminate/Pipeline/Pipeline.php(219): Illuminate\\Foundation\\Http\\Middleware\\TrimStrings->handle()
#68 /home/skytech/ISP-BILLING-main/vendor/laravel/framework/src/Illuminate/Http/Middleware/ValidatePostSize.php(27): Illuminate\\Pipeline\\Pipeline->Illuminate\\Pipeline\\{closure}()
#69 /home/skytech/ISP-BILLING-main/vendor/laravel/framework/src/Illuminate/Pipeline/Pipeline.php(219): Illuminate\\Http\\Middleware\\ValidatePostSize->handle()
#70 /home/skytech/ISP-BILLING-main/vendor/laravel/framework/src/Illuminate/Foundation/Http/Middleware/PreventRequestsDuringMaintenance.php(109): Illuminate\\Pipeline\\Pipeline->Illuminate\\Pipeline\\{closure}()
#71 /home/skytech/ISP-BILLING-main/vendor/laravel/framework/src/Illuminate/Pipeline/Pipeline.php(219): Illuminate\\Foundation\\Http\\Middleware\\PreventRequestsDuringMaintenance->handle()
#72 /home/skytech/ISP-BILLING-main/vendor/laravel/framework/src/Illuminate/Http/Middleware/HandleCors.php(61): Illuminate\\Pipeline\\Pipeline->Illuminate\\Pipeline\\{closure}()
#73 /home/skytech/ISP-BILLING-main/vendor/laravel/framework/src/Illuminate/Pipeline/Pipeline.php(219): Illuminate\\Http\\Middleware\\HandleCors->handle()
#74 /home/skytech/ISP-BILLING-main/vendor/laravel/framework/src/Illuminate/Http/Middleware/TrustProxies.php(58): Illuminate\\Pipeline\\Pipeline->Illuminate\\Pipeline\\{closure}()
#75 /home/skytech/ISP-BILLING-main/vendor/laravel/framework/src/Illuminate/Pipeline/Pipeline.php(219): Illuminate\\Http\\Middleware\\TrustProxies->handle()
#76 /home/skytech/ISP-BILLING-main/vendor/laravel/framework/src/Illuminate/Foundation/Http/Middleware/InvokeDeferredCallbacks.php(22): Illuminate\\Pipeline\\Pipeline->Illuminate\\Pipeline\\{closure}()
#77 /home/skytech/ISP-BILLING-main/vendor/laravel/framework/src/Illuminate/Pipeline/Pipeline.php(219): Illuminate\\Foundation\\Http\\Middleware\\InvokeDeferredCallbacks->handle()
#78 /home/skytech/ISP-BILLING-main/vendor/laravel/framework/src/Illuminate/Http/Middleware/ValidatePathEncoding.php(26): Illuminate\\Pipeline\\Pipeline->Illuminate\\Pipeline\\{closure}()
#79 /home/skytech/ISP-BILLING-main/vendor/laravel/framework/src/Illuminate/Pipeline/Pipeline.php(219): Illuminate\\Http\\Middleware\\ValidatePathEncoding->handle()
#80 /home/skytech/ISP-BILLING-main/vendor/laravel/framework/src/Illuminate/Pipeline/Pipeline.php(137): Illuminate\\Pipeline\\Pipeline->Illuminate\\Pipeline\\{closure}()
#81 /home/skytech/ISP-BILLING-main/vendor/laravel/framework/src/Illuminate/Foundation/Http/Kernel.php(175): Illuminate\\Pipeline\\Pipeline->then()
#82 /home/skytech/ISP-BILLING-main/vendor/laravel/framework/src/Illuminate/Foundation/Http/Kernel.php(144): Illuminate\\Foundation\\Http\\Kernel->sendRequestThroughRouter()
#83 /home/skytech/ISP-BILLING-main/vendor/laravel/framework/src/Illuminate/Foundation/Application.php(1220): Illuminate\\Foundation\\Http\\Kernel->handle()
#84 /home/skytech/ISP-BILLING-main/public/index.php(20): Illuminate\\Foundation\\Application->handleRequest()
#85 {main}

[previous exception] [object] (TypeError(code: 0): Cannot access offset of type string on string at /home/skytech/ISP-BILLING-main/storage/framework/views/be563ec1c768dc432e44bf9d4c2c07f8.php:1417)
[stacktrace]
#0 /home/skytech/ISP-BILLING-main/vendor/livewire/livewire/src/Mechanisms/ExtendBlade/ExtendedCompilerEngine.php(37): include()
#1 /home/skytech/ISP-BILLING-main/vendor/livewire/livewire/src/Mechanisms/ExtendBlade/ExtendedCompilerEngine.php(38): App\\Livewire\\Mikrotik\\HotspotManager->Livewire\\Mechanisms\\ExtendBlade\\{closure}()
#2 /home/skytech/ISP-BILLING-main/vendor/laravel/framework/src/Illuminate/View/Engines/CompilerEngine.php(76): Livewire\\Mechanisms\\ExtendBlade\\ExtendedCompilerEngine->evaluatePath()
#3 /home/skytech/ISP-BILLING-main/vendor/livewire/livewire/src/Mechanisms/ExtendBlade/ExtendedCompilerEngine.php(16): Illuminate\\View\\Engines\\CompilerEngine->get()
#4 /home/skytech/ISP-BILLING-main/vendor/laravel/framework/src/Illuminate/View/View.php(208): Livewire\\Mechanisms\\ExtendBlade\\ExtendedCompilerEngine->get()
#5 /home/skytech/ISP-BILLING-main/vendor/laravel/framework/src/Illuminate/View/View.php(191): Illuminate\\View\\View->getContents()
#6 /home/skytech/ISP-BILLING-main/vendor/laravel/framework/src/Illuminate/View/View.php(160): Illuminate\\View\\View->renderContents()
#7 /home/skytech/ISP-BILLING-main/vendor/livewire/livewire/src/Mechanisms/HandleComponents/HandleComponents.php(331): Illuminate\\View\\View->render()
#8 /home/skytech/ISP-BILLING-main/vendor/livewire/livewire/src/Mechanisms/HandleComponents/HandleComponents.php(382): Livewire\\Mechanisms\\HandleComponents\\HandleComponents->Livewire\\Mechanisms\\HandleComponents\\{closure}()
#9 /home/skytech/ISP-BILLING-main/vendor/livewire/livewire/src/Mechanisms/HandleComponents/HandleComponents.php(323): Livewire\\Mechanisms\\HandleComponents\\HandleComponents->trackInRenderStack()
#10 /home/skytech/ISP-BILLING-main/vendor/livewire/livewire/src/Mechanisms/HandleComponents/HandleComponents.php(63): Livewire\\Mechanisms\\HandleComponents\\HandleComponents->render()
#11 /home/skytech/ISP-BILLING-main/vendor/livewire/livewire/src/LivewireManager.php(103): Livewire\\Mechanisms\\HandleComponents\\HandleComponents->mount()
#12 /home/skytech/ISP-BILLING-main/vendor/livewire/livewire/src/Features/SupportPageComponents/HandlesPageComponents.php(19): Livewire\\LivewireManager->mount()
#13 /home/skytech/ISP-BILLING-main/vendor/livewire/livewire/src/Features/SupportPageComponents/SupportPageComponents.php(118): Livewire\\Component->Livewire\\Features\\SupportPageComponents\\{closure}()
#14 /home/skytech/ISP-BILLING-main/vendor/livewire/livewire/src/Features/SupportPageComponents/HandlesPageComponents.php(14): Livewire\\Features\\SupportPageComponents\\SupportPageComponents::interceptTheRenderOfTheComponentAndRetreiveTheLayoutConfiguration()
#15 /home/skytech/ISP-BILLING-main/vendor/laravel/framework/src/Illuminate/Routing/ControllerDispatcher.php(46): Livewire\\Component->__invoke()
#16 /home/skytech/ISP-BILLING-main/vendor/laravel/framework/src/Illuminate/Routing/Route.php(265): Illuminate\\Routing\\ControllerDispatcher->dispatch()
#17 /home/skytech/ISP-BILLING-main/vendor/laravel/framework/src/Illuminate/Routing/Route.php(211): Illuminate\\Routing\\Route->runController()
#18 /home/skytech/ISP-BILLING-main/vendor/laravel/framework/src/Illuminate/Routing/Router.php(822): Illuminate\\Routing\\Route->run()
#19 /home/skytech/ISP-BILLING-main/vendor/laravel/framework/src/Illuminate/Pipeline/Pipeline.php(180): Illuminate\\Routing\\Router->Illuminate\\Routing\\{closure}()
#20 /home/skytech/ISP-BILLING-main/app/Http/Middleware/RestrictHotelUserPortal.php(45): Illuminate\\Pipeline\\Pipeline->Illuminate\\Pipeline\\{closure}()
#21 /home/skytech/ISP-BILLING-main/vendor/laravel/framework/src/Illuminate/Pipeline/Pipeline.php(219): App\\Http\\Middleware\\RestrictHotelUserPortal->handle()
#22 /home/skytech/ISP-BILLING-main/app/Http/Middleware/ForcePortalPasswordChange.php(29): Illuminate\\Pipeline\\Pipeline->Illuminate\\Pipeline\\{closure}()
#23 /home/skytech/ISP-BILLING-main/vendor/laravel/framework/src/Illuminate/Pipeline/Pipeline.php(219): App\\Http\\Middleware\\ForcePortalPasswordChange->handle()
#24 /home/skytech/ISP-BILLING-main/app/Http/Middleware/RestrictToProfileIfNoPermissions.php(61): Illuminate\\Pipeline\\Pipeline->Illuminate\\Pipeline\\{closure}()
#25 /home/skytech/ISP-BILLING-main/vendor/laravel/framework/src/Illuminate/Pipeline/Pipeline.php(219): App\\Http\\Middleware\\RestrictToProfileIfNoPermissions->handle()
#26 /home/skytech/ISP-BILLING-main/vendor/laravel/framework/src/Illuminate/Auth/Middleware/EnsureEmailIsVerified.php(41): Illuminate\\Pipeline\\Pipeline->Illuminate\\Pipeline\\{closure}()
#27 /home/skytech/ISP-BILLING-main/vendor/laravel/framework/src/Illuminate/Pipeline/Pipeline.php(219): Illuminate\\Auth\\Middleware\\EnsureEmailIsVerified->handle()
#28 /home/skytech/ISP-BILLING-main/vendor/php-flasher/flasher-laravel/Middleware/FlasherMiddleware.php(21): Illuminate\\Pipeline\\Pipeline->Illuminate\\Pipeline\\{closure}()
#29 /home/skytech/ISP-BILLING-main/vendor/laravel/framework/src/Illuminate/Pipeline/Pipeline.php(219): Flasher\\Laravel\\Middleware\\FlasherMiddleware->handle()
#30 /home/skytech/ISP-BILLING-main/vendor/php-flasher/flasher-laravel/Middleware/SessionMiddleware.php(21): Illuminate\\Pipeline\\Pipeline->Illuminate\\Pipeline\\{closure}()
#31 /home/skytech/ISP-BILLING-main/vendor/laravel/framework/src/Illuminate/Pipeline/Pipeline.php(219): Flasher\\Laravel\\Middleware\\SessionMiddleware->handle()
#32 /home/skytech/ISP-BILLING-main/app/Http/Middleware/SetLocaleFromSession.php(42): Illuminate\\Pipeline\\Pipeline->Illuminate\\Pipeline\\{closure}()
#33 /home/skytech/ISP-BILLING-main/vendor/laravel/framework/src/Illuminate/Pipeline/Pipeline.php(219): App\\Http\\Middleware\\SetLocaleFromSession->handle()
#34 /home/skytech/ISP-BILLING-main/vendor/laravel/framework/src/Illuminate/Routing/Middleware/SubstituteBindings.php(50): Illuminate\\Pipeline\\Pipeline->Illuminate\\Pipeline\\{closure}()
#35 /home/skytech/ISP-BILLING-main/vendor/laravel/framework/src/Illuminate/Pipeline/Pipeline.php(219): Illuminate\\Routing\\Middleware\\SubstituteBindings->handle()
#36 /home/skytech/ISP-BILLING-main/vendor/laravel/framework/src/Illuminate/Session/Middleware/AuthenticateSession.php(70): Illuminate\\Pipeline\\Pipeline->Illuminate\\Pipeline\\{closure}()
#37 /home/skytech/ISP-BILLING-main/vendor/laravel/framework/src/Illuminate/Pipeline/Pipeline.php(219): Illuminate\\Session\\Middleware\\AuthenticateSession->handle()
#38 /home/skytech/ISP-BILLING-main/vendor/laravel/framework/src/Illuminate/Auth/Middleware/Authenticate.php(63): Illuminate\\Pipeline\\Pipeline->Illuminate\\Pipeline\\{closure}()
#39 /home/skytech/ISP-BILLING-main/vendor/laravel/framework/src/Illuminate/Pipeline/Pipeline.php(219): Illuminate\\Auth\\Middleware\\Authenticate->handle()
#40 /home/skytech/ISP-BILLING-main/vendor/laravel/framework/src/Illuminate/Foundation/Http/Middleware/VerifyCsrfToken.php(87): Illuminate\\Pipeline\\Pipeline->Illuminate\\Pipeline\\{closure}()
#41 /home/skytech/ISP-BILLING-main/vendor/laravel/framework/src/Illuminate/Pipeline/Pipeline.php(219): Illuminate\\Foundation\\Http\\Middleware\\VerifyCsrfToken->handle()
#42 /home/skytech/ISP-BILLING-main/vendor/laravel/framework/src/Illuminate/View/Middleware/ShareErrorsFromSession.php(48): Illuminate\\Pipeline\\Pipeline->Illuminate\\Pipeline\\{closure}()
#43 /home/skytech/ISP-BILLING-main/vendor/laravel/framework/src/Illuminate/Pipeline/Pipeline.php(219): Illuminate\\View\\Middleware\\ShareErrorsFromSession->handle()
#44 /home/skytech/ISP-BILLING-main/vendor/laravel/framework/src/Illuminate/Session/Middleware/StartSession.php(120): Illuminate\\Pipeline\\Pipeline->Illuminate\\Pipeline\\{closure}()
#45 /home/skytech/ISP-BILLING-main/vendor/laravel/framework/src/Illuminate/Session/Middleware/StartSession.php(63): Illuminate\\Session\\Middleware\\StartSession->handleStatefulRequest()
#46 /home/skytech/ISP-BILLING-main/vendor/laravel/framework/src/Illuminate/Pipeline/Pipeline.php(219): Illuminate\\Session\\Middleware\\StartSession->handle()
#47 /home/skytech/ISP-BILLING-main/vendor/laravel/framework/src/Illuminate/Cookie/Middleware/AddQueuedCookiesToResponse.php(36): Illuminate\\Pipeline\\Pipeline->Illuminate\\Pipeline\\{closure}()
#48 /home/skytech/ISP-BILLING-main/vendor/laravel/framework/src/Illuminate/Pipeline/Pipeline.php(219): Illuminate\\Cookie\\Middleware\\AddQueuedCookiesToResponse->handle()
#49 /home/skytech/ISP-BILLING-main/vendor/laravel/framework/src/Illuminate/Cookie/Middleware/EncryptCookies.php(74): Illuminate\\Pipeline\\Pipeline->Illuminate\\Pipeline\\{closure}()
#50 /home/skytech/ISP-BILLING-main/vendor/laravel/framework/src/Illuminate/Pipeline/Pipeline.php(219): Illuminate\\Cookie\\Middleware\\EncryptCookies->handle()
#51 /home/skytech/ISP-BILLING-main/vendor/laravel/framework/src/Illuminate/Pipeline/Pipeline.php(137): Illuminate\\Pipeline\\Pipeline->Illuminate\\Pipeline\\{closure}()
#52 /home/skytech/ISP-BILLING-main/vendor/laravel/framework/src/Illuminate/Routing/Router.php(821): Illuminate\\Pipeline\\Pipeline->then()
#53 /home/skytech/ISP-BILLING-main/vendor/laravel/framework/src/Illuminate/Routing/Router.php(800): Illuminate\\Routing\\Router->runRouteWithinStack()
#54 /home/skytech/ISP-BILLING-main/vendor/laravel/framework/src/Illuminate/Routing/Router.php(764): Illuminate\\Routing\\Router->runRoute()
#55 /home/skytech/ISP-BILLING-main/vendor/laravel/framework/src/Illuminate/Routing/Router.php(753): Illuminate\\Routing\\Router->dispatchToRoute()
#56 /home/skytech/ISP-BILLING-main/vendor/laravel/framework/src/Illuminate/Foundation/Http/Kernel.php(200): Illuminate\\Routing\\Router->dispatch()
#57 /home/skytech/ISP-BILLING-main/vendor/laravel/framework/src/Illuminate/Pipeline/Pipeline.php(180): Illuminate\\Foundation\\Http\\Kernel->Illuminate\\Foundation\\Http\\{closure}()
#58 /home/skytech/ISP-BILLING-main/vendor/livewire/livewire/src/Features/SupportDisablingBackButtonCache/DisableBackButtonCacheMiddleware.php(19): Illuminate\\Pipeline\\Pipeline->Illuminate\\Pipeline\\{closure}()
#59 /home/skytech/ISP-BILLING-main/vendor/laravel/framework/src/Illuminate/Pipeline/Pipeline.php(219): Livewire\\Features\\SupportDisablingBackButtonCache\\DisableBackButtonCacheMiddleware->handle()
#60 /home/skytech/ISP-BILLING-main/app/Http/Middleware/CheckSiteStatus.php(55): Illuminate\\Pipeline\\Pipeline->Illuminate\\Pipeline\\{closure}()
#61 /home/skytech/ISP-BILLING-main/vendor/laravel/framework/src/Illuminate/Pipeline/Pipeline.php(219): App\\Http\\Middleware\\CheckSiteStatus->handle()
#62 /home/skytech/ISP-BILLING-main/vendor/laravel/framework/src/Illuminate/Foundation/Http/Middleware/TransformsRequest.php(21): Illuminate\\Pipeline\\Pipeline->Illuminate\\Pipeline\\{closure}()
#63 /home/skytech/ISP-BILLING-main/vendor/laravel/framework/src/Illuminate/Foundation/Http/Middleware/ConvertEmptyStringsToNull.php(31): Illuminate\\Foundation\\Http\\Middleware\\TransformsRequest->handle()
#64 /home/skytech/ISP-BILLING-main/vendor/laravel/framework/src/Illuminate/Pipeline/Pipeline.php(219): Illuminate\\Foundation\\Http\\Middleware\\ConvertEmptyStringsToNull->handle()
#65 /home/skytech/ISP-BILLING-main/vendor/laravel/framework/src/Illuminate/Foundation/Http/Middleware/TransformsRequest.php(21): Illuminate\\Pipeline\\Pipeline->Illuminate\\Pipeline\\{closure}()
#66 /home/skytech/ISP-BILLING-main/vendor/laravel/framework/src/Illuminate/Foundation/Http/Middleware/TrimStrings.php(51): Illuminate\\Foundation\\Http\\Middleware\\TransformsRequest->handle()
#67 /home/skytech/ISP-BILLING-main/vendor/laravel/framework/src/Illuminate/Pipeline/Pipeline.php(219): Illuminate\\Foundation\\Http\\Middleware\\TrimStrings->handle()
#68 /home/skytech/ISP-BILLING-main/vendor/laravel/framework/src/Illuminate/Http/Middleware/ValidatePostSize.php(27): Illuminate\\Pipeline\\Pipeline->Illuminate\\Pipeline\\{closure}()
#69 /home/skytech/ISP-BILLING-main/vendor/laravel/framework/src/Illuminate/Pipeline/Pipeline.php(219): Illuminate\\Http\\Middleware\\ValidatePostSize->handle()
#70 /home/skytech/ISP-BILLING-main/vendor/laravel/framework/src/Illuminate/Foundation/Http/Middleware/PreventRequestsDuringMaintenance.php(109): Illuminate\\Pipeline\\Pipeline->Illuminate\\Pipeline\\{closure}()
#71 /home/skytech/ISP-BILLING-main/vendor/laravel/framework/src/Illuminate/Pipeline/Pipeline.php(219): Illuminate\\Foundation\\Http\\Middleware\\PreventRequestsDuringMaintenance->handle()
#72 /home/skytech/ISP-BILLING-main/vendor/laravel/framework/src/Illuminate/Http/Middleware/HandleCors.php(61): Illuminate\\Pipeline\\Pipeline->Illuminate\\Pipeline\\{closure}()
#73 /home/skytech/ISP-BILLING-main/vendor/laravel/framework/src/Illuminate/Pipeline/Pipeline.php(219): Illuminate\\Http\\Middleware\\HandleCors->handle()
#74 /home/skytech/ISP-BILLING-main/vendor/laravel/framework/src/Illuminate/Http/Middleware/TrustProxies.php(58): Illuminate\\Pipeline\\Pipeline->Illuminate\\Pipeline\\{closure}()
#75 /home/skytech/ISP-BILLING-main/vendor/laravel/framework/src/Illuminate/Pipeline/Pipeline.php(219): Illuminate\\Http\\Middleware\\TrustProxies->handle()
#76 /home/skytech/ISP-BILLING-main/vendor/laravel/framework/src/Illuminate/Foundation/Http/Middleware/InvokeDeferredCallbacks.php(22): Illuminate\\Pipeline\\Pipeline->Illuminate\\Pipeline\\{closure}()
#77 /home/skytech/ISP-BILLING-main/vendor/laravel/framework/src/Illuminate/Pipeline/Pipeline.php(219): Illuminate\\Foundation\\Http\\Middleware\\InvokeDeferredCallbacks->handle()
#78 /home/skytech/ISP-BILLING-main/vendor/laravel/framework/src/Illuminate/Http/Middleware/ValidatePathEncoding.php(26): Illuminate\\Pipeline\\Pipeline->Illuminate\\Pipeline\\{closure}()
#79 /home/skytech/ISP-BILLING-main/vendor/laravel/framework/src/Illuminate/Pipeline/Pipeline.php(219): Illuminate\\Http\\Middleware\\ValidatePathEncoding->handle()
#80 /home/skytech/ISP-BILLING-main/vendor/laravel/framework/src/Illuminate/Pipeline/Pipeline.php(137): Illuminate\\Pipeline\\Pipeline->Illuminate\\Pipeline\\{closure}()
#81 /home/skytech/ISP-BILLING-main/vendor/laravel/framework/src/Illuminate/Foundation/Http/Kernel.php(175): Illuminate\\Pipeline\\Pipeline->then()
#82 /home/skytech/ISP-BILLING-main/vendor/laravel/framework/src/Illuminate/Foundation/Http/Kernel.php(144): Illuminate\\Foundation\\Http\\Kernel->sendRequestThroughRouter()
#83 /home/skytech/ISP-BILLING-main/vendor/laravel/framework/src/Illuminate/Foundation/Application.php(1220): Illuminate\\Foundation\\Http\\Kernel->handle()
#84 /home/skytech/ISP-BILLING-main/public/index.php(20): Illuminate\\Foundation\\Application->handleRequest()
#85 {main}
"} 
[2026-09-25 10:56:16] production.ERROR: Cannot access offset of type string on string (View: /home/skytech/ISP-BILLING-main/resources/views/livewire/mikrotik/hotspot-manager.blade.php) {"userId":1,"exception":"[object] (Illuminate\\View\\ViewException(code: 0): Cannot access offset of type string on string (View: /home/skytech/ISP-BILLING-main/resources/views/livewire/mikrotik/hotspot-manager.blade.php) at /home/skytech/ISP-BILLING-main/storage/framework/views/be563ec1c768dc432e44bf9d4c2c07f8.php:1417)
[stacktrace]
#0 /home/skytech/ISP-BILLING-main/vendor/livewire/livewire/src/Mechanisms/ExtendBlade/ExtendedCompilerEngine.php(58): Illuminate\\View\\Engines\\CompilerEngine->handleViewException()
#1 /home/skytech/ISP-BILLING-main/vendor/livewire/livewire/src/Mechanisms/ExtendBlade/ExtendedCompilerEngine.php(40): Livewire\\Mechanisms\\ExtendBlade\\ExtendedCompilerEngine->handleViewException()
#2 /home/skytech/ISP-BILLING-main/vendor/laravel/framework/src/Illuminate/View/Engines/CompilerEngine.php(76): Livewire\\Mechanisms\\ExtendBlade\\ExtendedCompilerEngine->evaluatePath()
#3 /home/skytech/ISP-BILLING-main/vendor/livewire/livewire/src/Mechanisms/ExtendBlade/ExtendedCompilerEngine.php(16): Illuminate\\View\\Engines\\CompilerEngine->get()
#4 /home/skytech/ISP-BILLING-main/vendor/laravel/framework/src/Illuminate/View/View.php(208): Livewire\\Mechanisms\\ExtendBlade\\ExtendedCompilerEngine->get()
#5 /home/skytech/ISP-BILLING-main/vendor/laravel/framework/src/Illuminate/View/View.php(191): Illuminate\\View\\View->getContents()
#6 /home/skytech/ISP-BILLING-main/vendor/laravel/framework/src/Illuminate/View/View.php(160): Illuminate\\View\\View->renderContents()
#7 /home/skytech/ISP-BILLING-main/vendor/livewire/livewire/src/Mechanisms/HandleComponents/HandleComponents.php(331): Illuminate\\View\\View->render()
#8 /home/skytech/ISP-BILLING-main/vendor/livewire/livewire/src/Mechanisms/HandleComponents/HandleComponents.php(382): Livewire\\Mechanisms\\HandleComponents\\HandleComponents->Livewire\\Mechanisms\\HandleComponents\\{closure}()
#9 /home/skytech/ISP-BILLING-main/vendor/livewire/livewire/src/Mechanisms/HandleComponents/HandleComponents.php(323): Livewire\\Mechanisms\\HandleComponents\\HandleComponents->trackInRenderStack()
#10 /home/skytech/ISP-BILLING-main/vendor/livewire/livewire/src/Mechanisms/HandleComponents/HandleComponents.php(63): Livewire\\Mechanisms\\HandleComponents\\HandleComponents->render()
#11 /home/skytech/ISP-BILLING-main/vendor/livewire/livewire/src/LivewireManager.php(103): Livewire\\Mechanisms\\HandleComponents\\HandleComponents->mount()
#12 /home/skytech/ISP-BILLING-main/vendor/livewire/livewire/src/Features/SupportPageComponents/HandlesPageComponents.php(19): Livewire\\LivewireManager->mount()
#13 /home/skytech/ISP-BILLING-main/vendor/livewire/livewire/src/Features/SupportPageComponents/SupportPageComponents.php(118): Livewire\\Component->Livewire\\Features\\SupportPageComponents\\{closure}()
#14 /home/skytech/ISP-BILLING-main/vendor/livewire/livewire/src/Features/SupportPageComponents/HandlesPageComponents.php(14): Livewire\\Features\\SupportPageComponents\\SupportPageComponents::interceptTheRenderOfTheComponentAndRetreiveTheLayoutConfiguration()
#15 /home/skytech/ISP-BILLING-main/vendor/laravel/framework/src/Illuminate/Routing/ControllerDispatcher.php(46): Livewire\\Component->__invoke()
#16 /home/skytech/ISP-BILLING-main/vendor/laravel/framework/src/Illuminate/Routing/Route.php(265): Illuminate\\Routing\\ControllerDispatcher->dispatch()
#17 /home/skytech/ISP-BILLING-main/vendor/laravel/framework/src/Illuminate/Routing/Route.php(211): Illuminate\\Routing\\Route->runController()
#18 /home/skytech/ISP-BILLING-main/vendor/laravel/framework/src/Illuminate/Routing/Router.php(822): Illuminate\\Routing\\Route->run()
#19 /home/skytech/ISP-BILLING-main/vendor/laravel/framework/src/Illuminate/Pipeline/Pipeline.php(180): Illuminate\\Routing\\Router->Illuminate\\Routing\\{closure}()
#20 /home/skytech/ISP-BILLING-main/app/Http/Middleware/RestrictHotelUserPortal.php(45): Illuminate\\Pipeline\\Pipeline->Illuminate\\Pipeline\\{closure}()
#21 /home/skytech/ISP-BILLING-main/vendor/laravel/framework/src/Illuminate/Pipeline/Pipeline.php(219): App\\Http\\Middleware\\RestrictHotelUserPortal->handle()
#22 /home/skytech/ISP-BILLING-main/app/Http/Middleware/ForcePortalPasswordChange.php(29): Illuminate\\Pipeline\\Pipeline->Illuminate\\Pipeline\\{closure}()
#23 /home/skytech/ISP-BILLING-main/vendor/laravel/framework/src/Illuminate/Pipeline/Pipeline.php(219): App\\Http\\Middleware\\ForcePortalPasswordChange->handle()
#24 /home/skytech/ISP-BILLING-main/app/Http/Middleware/RestrictToProfileIfNoPermissions.php(61): Illuminate\\Pipeline\\Pipeline->Illuminate\\Pipeline\\{closure}()
#25 /home/skytech/ISP-BILLING-main/vendor/laravel/framework/src/Illuminate/Pipeline/Pipeline.php(219): App\\Http\\Middleware\\RestrictToProfileIfNoPermissions->handle()
#26 /home/skytech/ISP-BILLING-main/vendor/laravel/framework/src/Illuminate/Auth/Middleware/EnsureEmailIsVerified.php(41): Illuminate\\Pipeline\\Pipeline->Illuminate\\Pipeline\\{closure}()
#27 /home/skytech/ISP-BILLING-main/vendor/laravel/framework/src/Illuminate/Pipeline/Pipeline.php(219): Illuminate\\Auth\\Middleware\\EnsureEmailIsVerified->handle()
#28 /home/skytech/ISP-BILLING-main/vendor/php-flasher/flasher-laravel/Middleware/FlasherMiddleware.php(21): Illuminate\\Pipeline\\Pipeline->Illuminate\\Pipeline\\{closure}()
#29 /home/skytech/ISP-BILLING-main/vendor/laravel/framework/src/Illuminate/Pipeline/Pipeline.php(219): Flasher\\Laravel\\Middleware\\FlasherMiddleware->handle()
#30 /home/skytech/ISP-BILLING-main/vendor/php-flasher/flasher-laravel/Middleware/SessionMiddleware.php(21): Illuminate\\Pipeline\\Pipeline->Illuminate\\Pipeline\\{closure}()
#31 /home/skytech/ISP-BILLING-main/vendor/laravel/framework/src/Illuminate/Pipeline/Pipeline.php(219): Flasher\\Laravel\\Middleware\\SessionMiddleware->handle()
#32 /home/skytech/ISP-BILLING-main/app/Http/Middleware/SetLocaleFromSession.php(42): Illuminate\\Pipeline\\Pipeline->Illuminate\\Pipeline\\{closure}()
#33 /home/skytech/ISP-BILLING-main/vendor/laravel/framework/src/Illuminate/Pipeline/Pipeline.php(219): App\\Http\\Middleware\\SetLocaleFromSession->handle()
#34 /home/skytech/ISP-BILLING-main/vendor/laravel/framework/src/Illuminate/Routing/Middleware/SubstituteBindings.php(50): Illuminate\\Pipeline\\Pipeline->Illuminate\\Pipeline\\{closure}()
#35 /home/skytech/ISP-BILLING-main/vendor/laravel/framework/src/Illuminate/Pipeline/Pipeline.php(219): Illuminate\\Routing\\Middleware\\SubstituteBindings->handle()
#36 /home/skytech/ISP-BILLING-main/vendor/laravel/framework/src/Illuminate/Session/Middleware/AuthenticateSession.php(70): Illuminate\\Pipeline\\Pipeline->Illuminate\\Pipeline\\{closure}()
#37 /home/skytech/ISP-BILLING-main/vendor/laravel/framework/src/Illuminate/Pipeline/Pipeline.php(219): Illuminate\\Session\\Middleware\\AuthenticateSession->handle()
#38 /home/skytech/ISP-BILLING-main/vendor/laravel/framework/src/Illuminate/Auth/Middleware/Authenticate.php(63): Illuminate\\Pipeline\\Pipeline->Illuminate\\Pipeline\\{closure}()
#39 /home/skytech/ISP-BILLING-main/vendor/laravel/framework/src/Illuminate/Pipeline/Pipeline.php(219): Illuminate\\Auth\\Middleware\\Authenticate->handle()
#40 /home/skytech/ISP-BILLING-main/vendor/laravel/framework/src/Illuminate/Foundation/Http/Middleware/VerifyCsrfToken.php(87): Illuminate\\Pipeline\\Pipeline->Illuminate\\Pipeline\\{closure}()
#41 /home/skytech/ISP-BILLING-main/vendor/laravel/framework/src/Illuminate/Pipeline/Pipeline.php(219): Illuminate\\Foundation\\Http\\Middleware\\VerifyCsrfToken->handle()
#42 /home/skytech/ISP-BILLING-main/vendor/laravel/framework/src/Illuminate/View/Middleware/ShareErrorsFromSession.php(48): Illuminate\\Pipeline\\Pipeline->Illuminate\\Pipeline\\{closure}()
#43 /home/skytech/ISP-BILLING-main/vendor/laravel/framework/src/Illuminate/Pipeline/Pipeline.php(219): Illuminate\\View\\Middleware\\ShareErrorsFromSession->handle()
#44 /home/skytech/ISP-BILLING-main/vendor/laravel/framework/src/Illuminate/Session/Middleware/StartSession.php(120): Illuminate\\Pipeline\\Pipeline->Illuminate\\Pipeline\\{closure}()
#45 /home/skytech/ISP-BILLING-main/vendor/laravel/framework/src/Illuminate/Session/Middleware/StartSession.php(63): Illuminate\\Session\\Middleware\\StartSession->handleStatefulRequest()
#46 /home/skytech/ISP-BILLING-main/vendor/laravel/framework/src/Illuminate/Pipeline/Pipeline.php(219): Illuminate\\Session\\Middleware\\StartSession->handle()
#47 /home/skytech/ISP-BILLING-main/vendor/laravel/framework/src/Illuminate/Cookie/Middleware/AddQueuedCookiesToResponse.php(36): Illuminate\\Pipeline\\Pipeline->Illuminate\\Pipeline\\{closure}()
#48 /home/skytech/ISP-BILLING-main/vendor/laravel/framework/src/Illuminate/Pipeline/Pipeline.php(219): Illuminate\\Cookie\\Middleware\\AddQueuedCookiesToResponse->handle()
#49 /home/skytech/ISP-BILLING-main/vendor/laravel/framework/src/Illuminate/Cookie/Middleware/EncryptCookies.php(74): Illuminate\\Pipeline\\Pipeline->Illuminate\\Pipeline\\{closure}()
#50 /home/skytech/ISP-BILLING-main/vendor/laravel/framework/src/Illuminate/Pipeline/Pipeline.php(219): Illuminate\\Cookie\\Middleware\\EncryptCookies->handle()
#51 /home/skytech/ISP-BILLING-main/vendor/laravel/framework/src/Illuminate/Pipeline/Pipeline.php(137): Illuminate\\Pipeline\\Pipeline->Illuminate\\Pipeline\\{closure}()
#52 /home/skytech/ISP-BILLING-main/vendor/laravel/framework/src/Illuminate/Routing/Router.php(821): Illuminate\\Pipeline\\Pipeline->then()
#53 /home/skytech/ISP-BILLING-main/vendor/laravel/framework/src/Illuminate/Routing/Router.php(800): Illuminate\\Routing\\Router->runRouteWithinStack()
#54 /home/skytech/ISP-BILLING-main/vendor/laravel/framework/src/Illuminate/Routing/Router.php(764): Illuminate\\Routing\\Router->runRoute()
#55 /home/skytech/ISP-BILLING-main/vendor/laravel/framework/src/Illuminate/Routing/Router.php(753): Illuminate\\Routing\\Router->dispatchToRoute()
#56 /home/skytech/ISP-BILLING-main/vendor/laravel/framework/src/Illuminate/Foundation/Http/Kernel.php(200): Illuminate\\Routing\\Router->dispatch()
#57 /home/skytech/ISP-BILLING-main/vendor/laravel/framework/src/Illuminate/Pipeline/Pipeline.php(180): Illuminate\\Foundation\\Http\\Kernel->Illuminate\\Foundation\\Http\\{closure}()
#58 /home/skytech/ISP-BILLING-main/vendor/livewire/livewire/src/Features/SupportDisablingBackButtonCache/DisableBackButtonCacheMiddleware.php(19): Illuminate\\Pipeline\\Pipeline->Illuminate\\Pipeline\\{closure}()
#59 /home/skytech/ISP-BILLING-main/vendor/laravel/framework/src/Illuminate/Pipeline/Pipeline.php(219): Livewire\\Features\\SupportDisablingBackButtonCache\\DisableBackButtonCacheMiddleware->handle()
#60 /home/skytech/ISP-BILLING-main/app/Http/Middleware/CheckSiteStatus.php(55): Illuminate\\Pipeline\\Pipeline->Illuminate\\Pipeline\\{closure}()
#61 /home/skytech/ISP-BILLING-main/vendor/laravel/framework/src/Illuminate/Pipeline/Pipeline.php(219): App\\Http\\Middleware\\CheckSiteStatus->handle()
#62 /home/skytech/ISP-BILLING-main/vendor/laravel/framework/src/Illuminate/Foundation/Http/Middleware/TransformsRequest.php(21): Illuminate\\Pipeline\\Pipeline->Illuminate\\Pipeline\\{closure}()
#63 /home/skytech/ISP-BILLING-main/vendor/laravel/framework/src/Illuminate/Foundation/Http/Middleware/ConvertEmptyStringsToNull.php(31): Illuminate\\Foundation\\Http\\Middleware\\TransformsRequest->handle()
#64 /home/skytech/ISP-BILLING-main/vendor/laravel/framework/src/Illuminate/Pipeline/Pipeline.php(219): Illuminate\\Foundation\\Http\\Middleware\\ConvertEmptyStringsToNull->handle()
#65 /home/skytech/ISP-BILLING-main/vendor/laravel/framework/src/Illuminate/Foundation/Http/Middleware/TransformsRequest.php(21): Illuminate\\Pipeline\\Pipeline->Illuminate\\Pipeline\\{closure}()
#66 /home/skytech/ISP-BILLING-main/vendor/laravel/framework/src/Illuminate/Foundation/Http/Middleware/TrimStrings.php(51): Illuminate\\Foundation\\Http\\Middleware\\TransformsRequest->handle()
#67 /home/skytech/ISP-BILLING-main/vendor/laravel/framework/src/Illuminate/Pipeline/Pipeline.php(219): Illuminate\\Foundation\\Http\\Middleware\\TrimStrings->handle()
#68 /home/skytech/ISP-BILLING-main/vendor/laravel/framework/src/Illuminate/Http/Middleware/ValidatePostSize.php(27): Illuminate\\Pipeline\\Pipeline->Illuminate\\Pipeline\\{closure}()
#69 /home/skytech/ISP-BILLING-main/vendor/laravel/framework/src/Illuminate/Pipeline/Pipeline.php(219): Illuminate\\Http\\Middleware\\ValidatePostSize->handle()
#70 /home/skytech/ISP-BILLING-main/vendor/laravel/framework/src/Illuminate/Foundation/Http/Middleware/PreventRequestsDuringMaintenance.php(109): Illuminate\\Pipeline\\Pipeline->Illuminate\\Pipeline\\{closure}()
#71 /home/skytech/ISP-BILLING-main/vendor/laravel/framework/src/Illuminate/Pipeline/Pipeline.php(219): Illuminate\\Foundation\\Http\\Middleware\\PreventRequestsDuringMaintenance->handle()
#72 /home/skytech/ISP-BILLING-main/vendor/laravel/framework/src/Illuminate/Http/Middleware/HandleCors.php(61): Illuminate\\Pipeline\\Pipeline->Illuminate\\Pipeline\\{closure}()
#73 /home/skytech/ISP-BILLING-main/vendor/laravel/framework/src/Illuminate/Pipeline/Pipeline.php(219): Illuminate\\Http\\Middleware\\HandleCors->handle()
#74 /home/skytech/ISP-BILLING-main/vendor/laravel/framework/src/Illuminate/Http/Middleware/TrustProxies.php(58): Illuminate\\Pipeline\\Pipeline->Illuminate\\Pipeline\\{closure}()
#75 /home/skytech/ISP-BILLING-main/vendor/laravel/framework/src/Illuminate/Pipeline/Pipeline.php(219): Illuminate\\Http\\Middleware\\TrustProxies->handle()
#76 /home/skytech/ISP-BILLING-main/vendor/laravel/framework/src/Illuminate/Foundation/Http/Middleware/InvokeDeferredCallbacks.php(22): Illuminate\\Pipeline\\Pipeline->Illuminate\\Pipeline\\{closure}()
#77 /home/skytech/ISP-BILLING-main/vendor/laravel/framework/src/Illuminate/Pipeline/Pipeline.php(219): Illuminate\\Foundation\\Http\\Middleware\\InvokeDeferredCallbacks->handle()
#78 /home/skytech/ISP-BILLING-main/vendor/laravel/framework/src/Illuminate/Http/Middleware/ValidatePathEncoding.php(26): Illuminate\\Pipeline\\Pipeline->Illuminate\\Pipeline\\{closure}()
#79 /home/skytech/ISP-BILLING-main/vendor/laravel/framework/src/Illuminate/Pipeline/Pipeline.php(219): Illuminate\\Http\\Middleware\\ValidatePathEncoding->handle()
#80 /home/skytech/ISP-BILLING-main/vendor/laravel/framework/src/Illuminate/Pipeline/Pipeline.php(137): Illuminate\\Pipeline\\Pipeline->Illuminate\\Pipeline\\{closure}()
#81 /home/skytech/ISP-BILLING-main/vendor/laravel/framework/src/Illuminate/Foundation/Http/Kernel.php(175): Illuminate\\Pipeline\\Pipeline->then()
#82 /home/skytech/ISP-BILLING-main/vendor/laravel/framework/src/Illuminate/Foundation/Http/Kernel.php(144): Illuminate\\Foundation\\Http\\Kernel->sendRequestThroughRouter()
#83 /home/skytech/ISP-BILLING-main/vendor/laravel/framework/src/Illuminate/Foundation/Application.php(1220): Illuminate\\Foundation\\Http\\Kernel->handle()
#84 /home/skytech/ISP-BILLING-main/public/index.php(20): Illuminate\\Foundation\\Application->handleRequest()
#85 {main}

[previous exception] [object] (TypeError(code: 0): Cannot access offset of type string on string at /home/skytech/ISP-BILLING-main/storage/framework/views/be563ec1c768dc432e44bf9d4c2c07f8.php:1417)
[stacktrace]
#0 /home/skytech/ISP-BILLING-main/vendor/livewire/livewire/src/Mechanisms/ExtendBlade/ExtendedCompilerEngine.php(37): include()
#1 /home/skytech/ISP-BILLING-main/vendor/livewire/livewire/src/Mechanisms/ExtendBlade/ExtendedCompilerEngine.php(38): App\\Livewire\\Mikrotik\\HotspotManager->Livewire\\Mechanisms\\ExtendBlade\\{closure}()
#2 /home/skytech/ISP-BILLING-main/vendor/laravel/framework/src/Illuminate/View/Engines/CompilerEngine.php(76): Livewire\\Mechanisms\\ExtendBlade\\ExtendedCompilerEngine->evaluatePath()
#3 /home/skytech/ISP-BILLING-main/vendor/livewire/livewire/src/Mechanisms/ExtendBlade/ExtendedCompilerEngine.php(16): Illuminate\\View\\Engines\\CompilerEngine->get()
#4 /home/skytech/ISP-BILLING-main/vendor/laravel/framework/src/Illuminate/View/View.php(208): Livewire\\Mechanisms\\ExtendBlade\\ExtendedCompilerEngine->get()
#5 /home/skytech/ISP-BILLING-main/vendor/laravel/framework/src/Illuminate/View/View.php(191): Illuminate\\View\\View->getContents()
#6 /home/skytech/ISP-BILLING-main/vendor/laravel/framework/src/Illuminate/View/View.php(160): Illuminate\\View\\View->renderContents()
#7 /home/skytech/ISP-BILLING-main/vendor/livewire/livewire/src/Mechanisms/HandleComponents/HandleComponents.php(331): Illuminate\\View\\View->render()
#8 /home/skytech/ISP-BILLING-main/vendor/livewire/livewire/src/Mechanisms/HandleComponents/HandleComponents.php(382): Livewire\\Mechanisms\\HandleComponents\\HandleComponents->Livewire\\Mechanisms\\HandleComponents\\{closure}()
#9 /home/skytech/ISP-BILLING-main/vendor/livewire/livewire/src/Mechanisms/HandleComponents/HandleComponents.php(323): Livewire\\Mechanisms\\HandleComponents\\HandleComponents->trackInRenderStack()
#10 /home/skytech/ISP-BILLING-main/vendor/livewire/livewire/src/Mechanisms/HandleComponents/HandleComponents.php(63): Livewire\\Mechanisms\\HandleComponents\\HandleComponents->render()
#11 /home/skytech/ISP-BILLING-main/vendor/livewire/livewire/src/LivewireManager.php(103): Livewire\\Mechanisms\\HandleComponents\\HandleComponents->mount()
#12 /home/skytech/ISP-BILLING-main/vendor/livewire/livewire/src/Features/SupportPageComponents/HandlesPageComponents.php(19): Livewire\\LivewireManager->mount()
#13 /home/skytech/ISP-BILLING-main/vendor/livewire/livewire/src/Features/SupportPageComponents/SupportPageComponents.php(118): Livewire\\Component->Livewire\\Features\\SupportPageComponents\\{closure}()
#14 /home/skytech/ISP-BILLING-main/vendor/livewire/livewire/src/Features/SupportPageComponents/HandlesPageComponents.php(14): Livewire\\Features\\SupportPageComponents\\SupportPageComponents::interceptTheRenderOfTheComponentAndRetreiveTheLayoutConfiguration()
#15 /home/skytech/ISP-BILLING-main/vendor/laravel/framework/src/Illuminate/Routing/ControllerDispatcher.php(46): Livewire\\Component->__invoke()
#16 /home/skytech/ISP-BILLING-main/vendor/laravel/framework/src/Illuminate/Routing/Route.php(265): Illuminate\\Routing\\ControllerDispatcher->dispatch()
#17 /home/skytech/ISP-BILLING-main/vendor/laravel/framework/src/Illuminate/Routing/Route.php(211): Illuminate\\Routing\\Route->runController()
#18 /home/skytech/ISP-BILLING-main/vendor/laravel/framework/src/Illuminate/Routing/Router.php(822): Illuminate\\Routing\\Route->run()
#19 /home/skytech/ISP-BILLING-main/vendor/laravel/framework/src/Illuminate/Pipeline/Pipeline.php(180): Illuminate\\Routing\\Router->Illuminate\\Routing\\{closure}()
#20 /home/skytech/ISP-BILLING-main/app/Http/Middleware/RestrictHotelUserPortal.php(45): Illuminate\\Pipeline\\Pipeline->Illuminate\\Pipeline\\{closure}()
#21 /home/skytech/ISP-BILLING-main/vendor/laravel/framework/src/Illuminate/Pipeline/Pipeline.php(219): App\\Http\\Middleware\\RestrictHotelUserPortal->handle()
#22 /home/skytech/ISP-BILLING-main/app/Http/Middleware/ForcePortalPasswordChange.php(29): Illuminate\\Pipeline\\Pipeline->Illuminate\\Pipeline\\{closure}()
#23 /home/skytech/ISP-BILLING-main/vendor/laravel/framework/src/Illuminate/Pipeline/Pipeline.php(219): App\\Http\\Middleware\\ForcePortalPasswordChange->handle()
#24 /home/skytech/ISP-BILLING-main/app/Http/Middleware/RestrictToProfileIfNoPermissions.php(61): Illuminate\\Pipeline\\Pipeline->Illuminate\\Pipeline\\{closure}()
#25 /home/skytech/ISP-BILLING-main/vendor/laravel/framework/src/Illuminate/Pipeline/Pipeline.php(219): App\\Http\\Middleware\\RestrictToProfileIfNoPermissions->handle()
#26 /home/skytech/ISP-BILLING-main/vendor/laravel/framework/src/Illuminate/Auth/Middleware/EnsureEmailIsVerified.php(41): Illuminate\\Pipeline\\Pipeline->Illuminate\\Pipeline\\{closure}()
#27 /home/skytech/ISP-BILLING-main/vendor/laravel/framework/src/Illuminate/Pipeline/Pipeline.php(219): Illuminate\\Auth\\Middleware\\EnsureEmailIsVerified->handle()
#28 /home/skytech/ISP-BILLING-main/vendor/php-flasher/flasher-laravel/Middleware/FlasherMiddleware.php(21): Illuminate\\Pipeline\\Pipeline->Illuminate\\Pipeline\\{closure}()
#29 /home/skytech/ISP-BILLING-main/vendor/laravel/framework/src/Illuminate/Pipeline/Pipeline.php(219): Flasher\\Laravel\\Middleware\\FlasherMiddleware->handle()
#30 /home/skytech/ISP-BILLING-main/vendor/php-flasher/flasher-laravel/Middleware/SessionMiddleware.php(21): Illuminate\\Pipeline\\Pipeline->Illuminate\\Pipeline\\{closure}()
#31 /home/skytech/ISP-BILLING-main/vendor/laravel/framework/src/Illuminate/Pipeline/Pipeline.php(219): Flasher\\Laravel\\Middleware\\SessionMiddleware->handle()
#32 /home/skytech/ISP-BILLING-main/app/Http/Middleware/SetLocaleFromSession.php(42): Illuminate\\Pipeline\\Pipeline->Illuminate\\Pipeline\\{closure}()
#33 /home/skytech/ISP-BILLING-main/vendor/laravel/framework/src/Illuminate/Pipeline/Pipeline.php(219): App\\Http\\Middleware\\SetLocaleFromSession->handle()
#34 /home/skytech/ISP-BILLING-main/vendor/laravel/framework/src/Illuminate/Routing/Middleware/SubstituteBindings.php(50): Illuminate\\Pipeline\\Pipeline->Illuminate\\Pipeline\\{closure}()
#35 /home/skytech/ISP-BILLING-main/vendor/laravel/framework/src/Illuminate/Pipeline/Pipeline.php(219): Illuminate\\Routing\\Middleware\\SubstituteBindings->handle()
#36 /home/skytech/ISP-BILLING-main/vendor/laravel/framework/src/Illuminate/Session/Middleware/AuthenticateSession.php(70): Illuminate\\Pipeline\\Pipeline->Illuminate\\Pipeline\\{closure}()
#37 /home/skytech/ISP-BILLING-main/vendor/laravel/framework/src/Illuminate/Pipeline/Pipeline.php(219): Illuminate\\Session\\Middleware\\AuthenticateSession->handle()
#38 /home/skytech/ISP-BILLING-main/vendor/laravel/framework/src/Illuminate/Auth/Middleware/Authenticate.php(63): Illuminate\\Pipeline\\Pipeline->Illuminate\\Pipeline\\{closure}()
#39 /home/skytech/ISP-BILLING-main/vendor/laravel/framework/src/Illuminate/Pipeline/Pipeline.php(219): Illuminate\\Auth\\Middleware\\Authenticate->handle()
#40 /home/skytech/ISP-BILLING-main/vendor/laravel/framework/src/Illuminate/Foundation/Http/Middleware/VerifyCsrfToken.php(87): Illuminate\\Pipeline\\Pipeline->Illuminate\\Pipeline\\{closure}()
#41 /home/skytech/ISP-BILLING-main/vendor/laravel/framework/src/Illuminate/Pipeline/Pipeline.php(219): Illuminate\\Foundation\\Http\\Middleware\\VerifyCsrfToken->handle()
#42 /home/skytech/ISP-BILLING-main/vendor/laravel/framework/src/Illuminate/View/Middleware/ShareErrorsFromSession.php(48): Illuminate\\Pipeline\\Pipeline->Illuminate\\Pipeline\\{closure}()
#43 /home/skytech/ISP-BILLING-main/vendor/laravel/framework/src/Illuminate/Pipeline/Pipeline.php(219): Illuminate\\View\\Middleware\\ShareErrorsFromSession->handle()
#44 /home/skytech/ISP-BILLING-main/vendor/laravel/framework/src/Illuminate/Session/Middleware/StartSession.php(120): Illuminate\\Pipeline\\Pipeline->Illuminate\\Pipeline\\{closure}()
#45 /home/skytech/ISP-BILLING-main/vendor/laravel/framework/src/Illuminate/Session/Middleware/StartSession.php(63): Illuminate\\Session\\Middleware\\StartSession->handleStatefulRequest()
#46 /home/skytech/ISP-BILLING-main/vendor/laravel/framework/src/Illuminate/Pipeline/Pipeline.php(219): Illuminate\\Session\\Middleware\\StartSession->handle()
#47 /home/skytech/ISP-BILLING-main/vendor/laravel/framework/src/Illuminate/Cookie/Middleware/AddQueuedCookiesToResponse.php(36): Illuminate\\Pipeline\\Pipeline->Illuminate\\Pipeline\\{closure}()
#48 /home/skytech/ISP-BILLING-main/vendor/laravel/framework/src/Illuminate/Pipeline/Pipeline.php(219): Illuminate\\Cookie\\Middleware\\AddQueuedCookiesToResponse->handle()
#49 /home/skytech/ISP-BILLING-main/vendor/laravel/framework/src/Illuminate/Cookie/Middleware/EncryptCookies.php(74): Illuminate\\Pipeline\\Pipeline->Illuminate\\Pipeline\\{closure}()
#50 /home/skytech/ISP-BILLING-main/vendor/laravel/framework/src/Illuminate/Pipeline/Pipeline.php(219): Illuminate\\Cookie\\Middleware\\EncryptCookies->handle()
#51 /home/skytech/ISP-BILLING-main/vendor/laravel/framework/src/Illuminate/Pipeline/Pipeline.php(137): Illuminate\\Pipeline\\Pipeline->Illuminate\\Pipeline\\{closure}()
#52 /home/skytech/ISP-BILLING-main/vendor/laravel/framework/src/Illuminate/Routing/Router.php(821): Illuminate\\Pipeline\\Pipeline->then()
#53 /home/skytech/ISP-BILLING-main/vendor/laravel/framework/src/Illuminate/Routing/Router.php(800): Illuminate\\Routing\\Router->runRouteWithinStack()
#54 /home/skytech/ISP-BILLING-main/vendor/laravel/framework/src/Illuminate/Routing/Router.php(764): Illuminate\\Routing\\Router->runRoute()
#55 /home/skytech/ISP-BILLING-main/vendor/laravel/framework/src/Illuminate/Routing/Router.php(753): Illuminate\\Routing\\Router->dispatchToRoute()
#56 /home/skytech/ISP-BILLING-main/vendor/laravel/framework/src/Illuminate/Foundation/Http/Kernel.php(200): Illuminate\\Routing\\Router->dispatch()
#57 /home/skytech/ISP-BILLING-main/vendor/laravel/framework/src/Illuminate/Pipeline/Pipeline.php(180): Illuminate\\Foundation\\Http\\Kernel->Illuminate\\Foundation\\Http\\{closure}()
#58 /home/skytech/ISP-BILLING-main/vendor/livewire/livewire/src/Features/SupportDisablingBackButtonCache/DisableBackButtonCacheMiddleware.php(19): Illuminate\\Pipeline\\Pipeline->Illuminate\\Pipeline\\{closure}()
#59 /home/skytech/ISP-BILLING-main/vendor/laravel/framework/src/Illuminate/Pipeline/Pipeline.php(219): Livewire\\Features\\SupportDisablingBackButtonCache\\DisableBackButtonCacheMiddleware->handle()
#60 /home/skytech/ISP-BILLING-main/app/Http/Middleware/CheckSiteStatus.php(55): Illuminate\\Pipeline\\Pipeline->Illuminate\\Pipeline\\{closure}()
#61 /home/skytech/ISP-BILLING-main/vendor/laravel/framework/src/Illuminate/Pipeline/Pipeline.php(219): App\\Http\\Middleware\\CheckSiteStatus->handle()
#62 /home/skytech/ISP-BILLING-main/vendor/laravel/framework/src/Illuminate/Foundation/Http/Middleware/TransformsRequest.php(21): Illuminate\\Pipeline\\Pipeline->Illuminate\\Pipeline\\{closure}()
#63 /home/skytech/ISP-BILLING-main/vendor/laravel/framework/src/Illuminate/Foundation/Http/Middleware/ConvertEmptyStringsToNull.php(31): Illuminate\\Foundation\\Http\\Middleware\\TransformsRequest->handle()
#64 /home/skytech/ISP-BILLING-main/vendor/laravel/framework/src/Illuminate/Pipeline/Pipeline.php(219): Illuminate\\Foundation\\Http\\Middleware\\ConvertEmptyStringsToNull->handle()
#65 /home/skytech/ISP-BILLING-main/vendor/laravel/framework/src/Illuminate/Foundation/Http/Middleware/TransformsRequest.php(21): Illuminate\\Pipeline\\Pipeline->Illuminate\\Pipeline\\{closure}()
#66 /home/skytech/ISP-BILLING-main/vendor/laravel/framework/src/Illuminate/Foundation/Http/Middleware/TrimStrings.php(51): Illuminate\\Foundation\\Http\\Middleware\\TransformsRequest->handle()
#67 /home/skytech/ISP-BILLING-main/vendor/laravel/framework/src/Illuminate/Pipeline/Pipeline.php(219): Illuminate\\Foundation\\Http\\Middleware\\TrimStrings->handle()
#68 /home/skytech/ISP-BILLING-main/vendor/laravel/framework/src/Illuminate/Http/Middleware/ValidatePostSize.php(27): Illuminate\\Pipeline\\Pipeline->Illuminate\\Pipeline\\{closure}()
#69 /home/skytech/ISP-BILLING-main/vendor/laravel/framework/src/Illuminate/Pipeline/Pipeline.php(219): Illuminate\\Http\\Middleware\\ValidatePostSize->handle()
#70 /home/skytech/ISP-BILLING-main/vendor/laravel/framework/src/Illuminate/Foundation/Http/Middleware/PreventRequestsDuringMaintenance.php(109): Illuminate\\Pipeline\\Pipeline->Illuminate\\Pipeline\\{closure}()
#71 /home/skytech/ISP-BILLING-main/vendor/laravel/framework/src/Illuminate/Pipeline/Pipeline.php(219): Illuminate\\Foundation\\Http\\Middleware\\PreventRequestsDuringMaintenance->handle()
#72 /home/skytech/ISP-BILLING-main/vendor/laravel/framework/src/Illuminate/Http/Middleware/HandleCors.php(61): Illuminate\\Pipeline\\Pipeline->Illuminate\\Pipeline\\{closure}()
#73 /home/skytech/ISP-BILLING-main/vendor/laravel/framework/src/Illuminate/Pipeline/Pipeline.php(219): Illuminate\\Http\\Middleware\\HandleCors->handle()
#74 /home/skytech/ISP-BILLING-main/vendor/laravel/framework/src/Illuminate/Http/Middleware/TrustProxies.php(58): Illuminate\\Pipeline\\Pipeline->Illuminate\\Pipeline\\{closure}()
#75 /home/skytech/ISP-BILLING-main/vendor/laravel/framework/src/Illuminate/Pipeline/Pipeline.php(219): Illuminate\\Http\\Middleware\\TrustProxies->handle()
#76 /home/skytech/ISP-BILLING-main/vendor/laravel/framework/src/Illuminate/Foundation/Http/Middleware/InvokeDeferredCallbacks.php(22): Illuminate\\Pipeline\\Pipeline->Illuminate\\Pipeline\\{closure}()
#77 /home/skytech/ISP-BILLING-main/vendor/laravel/framework/src/Illuminate/Pipeline/Pipeline.php(219): Illuminate\\Foundation\\Http\\Middleware\\InvokeDeferredCallbacks->handle()
#78 /home/skytech/ISP-BILLING-main/vendor/laravel/framework/src/Illuminate/Http/Middleware/ValidatePathEncoding.php(26): Illuminate\\Pipeline\\Pipeline->Illuminate\\Pipeline\\{closure}()
#79 /home/skytech/ISP-BILLING-main/vendor/laravel/framework/src/Illuminate/Pipeline/Pipeline.php(219): Illuminate\\Http\\Middleware\\ValidatePathEncoding->handle()
#80 /home/skytech/ISP-BILLING-main/vendor/laravel/framework/src/Illuminate/Pipeline/Pipeline.php(137): Illuminate\\Pipeline\\Pipeline->Illuminate\\Pipeline\\{closure}()
#81 /home/skytech/ISP-BILLING-main/vendor/laravel/framework/src/Illuminate/Foundation/Http/Kernel.php(175): Illuminate\\Pipeline\\Pipeline->then()
#82 /home/skytech/ISP-BILLING-main/vendor/laravel/framework/src/Illuminate/Foundation/Http/Kernel.php(144): Illuminate\\Foundation\\Http\\Kernel->sendRequestThroughRouter()
#83 /home/skytech/ISP-BILLING-main/vendor/laravel/framework/src/Illuminate/Foundation/Application.php(1220): Illuminate\\Foundation\\Http\\Kernel->handle()
#84 /home/skytech/ISP-BILLING-main/public/index.php(20): Illuminate\\Foundation\\Application->handleRequest()
#85 {main}
"} 
[2026-09-25 11:02:24] production.ERROR: fopen(/home/skytech/ISP-BILLING-main/storage/framework/cache/data/96/84/96846ece05d13ff6a486fd09383668d8cab235af): Failed to open stream: No such file or directory {"exception":"[object] (ErrorException(code: 0): fopen(/home/skytech/ISP-BILLING-main/storage/framework/cache/data/96/84/96846ece05d13ff6a486fd09383668d8cab235af): Failed to open stream: No such file or directory at /home/skytech/ISP-BILLING-main/vendor/laravel/framework/src/Illuminate/Filesystem/LockableFile.php:68)
[stacktrace]
#0 /home/skytech/ISP-BILLING-main/vendor/laravel/framework/src/Illuminate/Foundation/Bootstrap/HandleExceptions.php(262): Illuminate\\Foundation\\Bootstrap\\HandleExceptions->handleError()
#1 [internal function]: Illuminate\\Foundation\\Bootstrap\\HandleExceptions->Illuminate\\Foundation\\Bootstrap\\{closure}()
#2 /home/skytech/ISP-BILLING-main/vendor/laravel/framework/src/Illuminate/Filesystem/LockableFile.php(68): fopen()
#3 /home/skytech/ISP-BILLING-main/vendor/laravel/framework/src/Illuminate/Filesystem/LockableFile.php(41): Illuminate\\Filesystem\\LockableFile->createResource()
#4 /home/skytech/ISP-BILLING-main/vendor/laravel/framework/src/Illuminate/Cache/FileStore.php(116): Illuminate\\Filesystem\\LockableFile->__construct()
#5 /home/skytech/ISP-BILLING-main/vendor/laravel/framework/src/Illuminate/Cache/FileLock.php(14): Illuminate\\Cache\\FileStore->add()
#6 /home/skytech/ISP-BILLING-main/vendor/laravel/framework/src/Illuminate/Cache/Lock.php(91): Illuminate\\Cache\\FileLock->acquire()
#7 /home/skytech/ISP-BILLING-main/vendor/laravel/framework/src/Illuminate/Console/Scheduling/CacheEventMutex.php(65): Illuminate\\Cache\\Lock->get()
#8 /home/skytech/ISP-BILLING-main/vendor/laravel/framework/src/Illuminate/Console/Scheduling/ScheduleListCommand.php(207): Illuminate\\Console\\Scheduling\\CacheEventMutex->exists()
#9 /home/skytech/ISP-BILLING-main/vendor/laravel/framework/src/Illuminate/Console/Scheduling/ScheduleListCommand.php(130): Illuminate\\Console\\Scheduling\\ScheduleListCommand->listEvent()
#10 [internal function]: Illuminate\\Console\\Scheduling\\ScheduleListCommand->Illuminate\\Console\\Scheduling\\{closure}()
#11 /home/skytech/ISP-BILLING-main/vendor/laravel/framework/src/Illuminate/Collections/Arr.php(841): array_map()
#12 /home/skytech/ISP-BILLING-main/vendor/laravel/framework/src/Illuminate/Collections/Collection.php(829): Illuminate\\Support\\Arr::map()
#13 /home/skytech/ISP-BILLING-main/vendor/laravel/framework/src/Illuminate/Console/Scheduling/ScheduleListCommand.php(129): Illuminate\\Support\\Collection->map()
#14 [internal function]: Illuminate\\Console\\Scheduling\\ScheduleListCommand->Illuminate\\Console\\Scheduling\\{closure}()
#15 /home/skytech/ISP-BILLING-main/vendor/laravel/framework/src/Illuminate/Collections/Arr.php(841): array_map()
#16 /home/skytech/ISP-BILLING-main/vendor/laravel/framework/src/Illuminate/Collections/Collection.php(829): Illuminate\\Support\\Arr::map()
#17 /home/skytech/ISP-BILLING-main/vendor/laravel/framework/src/Illuminate/Collections/Traits/EnumeratesValues.php(466): Illuminate\\Support\\Collection->map()
#18 /home/skytech/ISP-BILLING-main/vendor/laravel/framework/src/Illuminate/Console/Scheduling/ScheduleListCommand.php(128): Illuminate\\Support\\Collection->flatMap()
#19 /home/skytech/ISP-BILLING-main/vendor/laravel/framework/src/Illuminate/Console/Scheduling/ScheduleListCommand.php(267): Illuminate\\Console\\Scheduling\\ScheduleListCommand->displayForCli()
#20 /home/skytech/ISP-BILLING-main/vendor/laravel/framework/src/Illuminate/Console/Scheduling/ScheduleListCommand.php(70): Illuminate\\Console\\Scheduling\\ScheduleListCommand->display()
#21 /home/skytech/ISP-BILLING-main/vendor/laravel/framework/src/Illuminate/Container/BoundMethod.php(36): Illuminate\\Console\\Scheduling\\ScheduleListCommand->handle()
#22 /home/skytech/ISP-BILLING-main/vendor/laravel/framework/src/Illuminate/Container/Util.php(43): Illuminate\\Container\\BoundMethod::Illuminate\\Container\\{closure}()
#23 /home/skytech/ISP-BILLING-main/vendor/laravel/framework/src/Illuminate/Container/BoundMethod.php(96): Illuminate\\Container\\Util::unwrapIfClosure()
#24 /home/skytech/ISP-BILLING-main/vendor/laravel/framework/src/Illuminate/Container/BoundMethod.php(35): Illuminate\\Container\\BoundMethod::callBoundMethod()
#25 /home/skytech/ISP-BILLING-main/vendor/laravel/framework/src/Illuminate/Container/Container.php(799): Illuminate\\Container\\BoundMethod::call()
#26 /home/skytech/ISP-BILLING-main/vendor/laravel/framework/src/Illuminate/Console/Command.php(211): Illuminate\\Container\\Container->call()
#27 /home/skytech/ISP-BILLING-main/vendor/symfony/console/Command/Command.php(341): Illuminate\\Console\\Command->execute()
#28 /home/skytech/ISP-BILLING-main/vendor/laravel/framework/src/Illuminate/Console/Command.php(180): Symfony\\Component\\Console\\Command\\Command->run()
#29 /home/skytech/ISP-BILLING-main/vendor/symfony/console/Application.php(1117): Illuminate\\Console\\Command->run()
#30 /home/skytech/ISP-BILLING-main/vendor/symfony/console/Application.php(356): Symfony\\Component\\Console\\Application->doRunCommand()
#31 /home/skytech/ISP-BILLING-main/vendor/symfony/console/Application.php(195): Symfony\\Component\\Console\\Application->doRun()
#32 /home/skytech/ISP-BILLING-main/vendor/laravel/framework/src/Illuminate/Foundation/Console/Kernel.php(198): Symfony\\Component\\Console\\Application->run()
#33 /home/skytech/ISP-BILLING-main/vendor/laravel/framework/src/Illuminate/Foundation/Application.php(1235): Illuminate\\Foundation\\Console\\Kernel->handle()
#34 /home/skytech/ISP-BILLING-main/artisan(16): Illuminate\\Foundation\\Application->handleCommand()
#35 {main}
"} 
[2026-09-25 11:02:59] production.ERROR: fopen(/home/skytech/ISP-BILLING-main/storage/framework/cache/data/96/84/96846ece05d13ff6a486fd09383668d8cab235af): Failed to open stream: No such file or directory {"exception":"[object] (ErrorException(code: 0): fopen(/home/skytech/ISP-BILLING-main/storage/framework/cache/data/96/84/96846ece05d13ff6a486fd09383668d8cab235af): Failed to open stream: No such file or directory at /home/skytech/ISP-BILLING-main/vendor/laravel/framework/src/Illuminate/Filesystem/LockableFile.php:68)
[stacktrace]
#0 /home/skytech/ISP-BILLING-main/vendor/laravel/framework/src/Illuminate/Foundation/Bootstrap/HandleExceptions.php(262): Illuminate\\Foundation\\Bootstrap\\HandleExceptions->handleError()
#1 [internal function]: Illuminate\\Foundation\\Bootstrap\\HandleExceptions->Illuminate\\Foundation\\Bootstrap\\{closure}()
#2 /home/skytech/ISP-BILLING-main/vendor/laravel/framework/src/Illuminate/Filesystem/LockableFile.php(68): fopen()
#3 /home/skytech/ISP-BILLING-main/vendor/laravel/framework/src/Illuminate/Filesystem/LockableFile.php(41): Illuminate\\Filesystem\\LockableFile->createResource()
#4 /home/skytech/ISP-BILLING-main/vendor/laravel/framework/src/Illuminate/Cache/FileStore.php(116): Illuminate\\Filesystem\\LockableFile->__construct()
#5 /home/skytech/ISP-BILLING-main/vendor/laravel/framework/src/Illuminate/Cache/FileLock.php(14): Illuminate\\Cache\\FileStore->add()
#6 /home/skytech/ISP-BILLING-main/vendor/laravel/framework/src/Illuminate/Cache/Lock.php(91): Illuminate\\Cache\\FileLock->acquire()
#7 /home/skytech/ISP-BILLING-main/vendor/laravel/framework/src/Illuminate/Console/Scheduling/CacheEventMutex.php(65): Illuminate\\Cache\\Lock->get()
#8 /home/skytech/ISP-BILLING-main/vendor/laravel/framework/src/Illuminate/Console/Scheduling/ScheduleListCommand.php(207): Illuminate\\Console\\Scheduling\\CacheEventMutex->exists()
#9 /home/skytech/ISP-BILLING-main/vendor/laravel/framework/src/Illuminate/Console/Scheduling/ScheduleListCommand.php(130): Illuminate\\Console\\Scheduling\\ScheduleListCommand->listEvent()
#10 [internal function]: Illuminate\\Console\\Scheduling\\ScheduleListCommand->Illuminate\\Console\\Scheduling\\{closure}()
#11 /home/skytech/ISP-BILLING-main/vendor/laravel/framework/src/Illuminate/Collections/Arr.php(841): array_map()
#12 /home/skytech/ISP-BILLING-main/vendor/laravel/framework/src/Illuminate/Collections/Collection.php(829): Illuminate\\Support\\Arr::map()
#13 /home/skytech/ISP-BILLING-main/vendor/laravel/framework/src/Illuminate/Console/Scheduling/ScheduleListCommand.php(129): Illuminate\\Support\\Collection->map()
#14 [internal function]: Illuminate\\Console\\Scheduling\\ScheduleListCommand->Illuminate\\Console\\Scheduling\\{closure}()
#15 /home/skytech/ISP-BILLING-main/vendor/laravel/framework/src/Illuminate/Collections/Arr.php(841): array_map()
#16 /home/skytech/ISP-BILLING-main/vendor/laravel/framework/src/Illuminate/Collections/Collection.php(829): Illuminate\\Support\\Arr::map()
#17 /home/skytech/ISP-BILLING-main/vendor/laravel/framework/src/Illuminate/Collections/Traits/EnumeratesValues.php(466): Illuminate\\Support\\Collection->map()
#18 /home/skytech/ISP-BILLING-main/vendor/laravel/framework/src/Illuminate/Console/Scheduling/ScheduleListCommand.php(128): Illuminate\\Support\\Collection->flatMap()
#19 /home/skytech/ISP-BILLING-main/vendor/laravel/framework/src/Illuminate/Console/Scheduling/ScheduleListCommand.php(267): Illuminate\\Console\\Scheduling\\ScheduleListCommand->displayForCli()
#20 /home/skytech/ISP-BILLING-main/vendor/laravel/framework/src/Illuminate/Console/Scheduling/ScheduleListCommand.php(70): Illuminate\\Console\\Scheduling\\ScheduleListCommand->display()
#21 /home/skytech/ISP-BILLING-main/vendor/laravel/framework/src/Illuminate/Container/BoundMethod.php(36): Illuminate\\Console\\Scheduling\\ScheduleListCommand->handle()
#22 /home/skytech/ISP-BILLING-main/vendor/laravel/framework/src/Illuminate/Container/Util.php(43): Illuminate\\Container\\BoundMethod::Illuminate\\Container\\{closure}()
#23 /home/skytech/ISP-BILLING-main/vendor/laravel/framework/src/Illuminate/Container/BoundMethod.php(96): Illuminate\\Container\\Util::unwrapIfClosure()
#24 /home/skytech/ISP-BILLING-main/vendor/laravel/framework/src/Illuminate/Container/BoundMethod.php(35): Illuminate\\Container\\BoundMethod::callBoundMethod()
#25 /home/skytech/ISP-BILLING-main/vendor/laravel/framework/src/Illuminate/Container/Container.php(799): Illuminate\\Container\\BoundMethod::call()
#26 /home/skytech/ISP-BILLING-main/vendor/laravel/framework/src/Illuminate/Console/Command.php(211): Illuminate\\Container\\Container->call()
#27 /home/skytech/ISP-BILLING-main/vendor/symfony/console/Command/Command.php(341): Illuminate\\Console\\Command->execute()
#28 /home/skytech/ISP-BILLING-main/vendor/laravel/framework/src/Illuminate/Console/Command.php(180): Symfony\\Component\\Console\\Command\\Command->run()
#29 /home/skytech/ISP-BILLING-main/vendor/symfony/console/Application.php(1117): Illuminate\\Console\\Command->run()
#30 /home/skytech/ISP-BILLING-main/vendor/symfony/console/Application.php(356): Symfony\\Component\\Console\\Application->doRunCommand()
#31 /home/skytech/ISP-BILLING-main/vendor/symfony/console/Application.php(195): Symfony\\Component\\Console\\Application->doRun()
#32 /home/skytech/ISP-BILLING-main/vendor/laravel/framework/src/Illuminate/Foundation/Console/Kernel.php(198): Symfony\\Component\\Console\\Application->run()
#33 /home/skytech/ISP-BILLING-main/vendor/laravel/framework/src/Illuminate/Foundation/Application.php(1235): Illuminate\\Foundation\\Console\\Kernel->handle()
#34 /home/skytech/ISP-BILLING-main/artisan(16): Illuminate\\Foundation\\Application->handleCommand()
#35 {main}
"} 
[2026-09-25 11:03:49] production.ERROR: fopen(/home/skytech/ISP-BILLING-main/storage/framework/cache/data/96/84/96846ece05d13ff6a486fd09383668d8cab235af): Failed to open stream: No such file or directory {"exception":"[object] (ErrorException(code: 0): fopen(/home/skytech/ISP-BILLING-main/storage/framework/cache/data/96/84/96846ece05d13ff6a486fd09383668d8cab235af): Failed to open stream: No such file or directory at /home/skytech/ISP-BILLING-main/vendor/laravel/framework/src/Illuminate/Filesystem/LockableFile.php:68)
[stacktrace]
#0 /home/skytech/ISP-BILLING-main/vendor/laravel/framework/src/Illuminate/Foundation/Bootstrap/HandleExceptions.php(262): Illuminate\\Foundation\\Bootstrap\\HandleExceptions->handleError()
#1 [internal function]: Illuminate\\Foundation\\Bootstrap\\HandleExceptions->Illuminate\\Foundation\\Bootstrap\\{closure}()
#2 /home/skytech/ISP-BILLING-main/vendor/laravel/framework/src/Illuminate/Filesystem/LockableFile.php(68): fopen()
#3 /home/skytech/ISP-BILLING-main/vendor/laravel/framework/src/Illuminate/Filesystem/LockableFile.php(41): Illuminate\\Filesystem\\LockableFile->createResource()
#4 /home/skytech/ISP-BILLING-main/vendor/laravel/framework/src/Illuminate/Cache/FileStore.php(116): Illuminate\\Filesystem\\LockableFile->__construct()
#5 /home/skytech/ISP-BILLING-main/vendor/laravel/framework/src/Illuminate/Cache/FileLock.php(14): Illuminate\\Cache\\FileStore->add()
#6 /home/skytech/ISP-BILLING-main/vendor/laravel/framework/src/Illuminate/Cache/Lock.php(91): Illuminate\\Cache\\FileLock->acquire()
#7 /home/skytech/ISP-BILLING-main/vendor/laravel/framework/src/Illuminate/Console/Scheduling/CacheEventMutex.php(65): Illuminate\\Cache\\Lock->get()
#8 /home/skytech/ISP-BILLING-main/vendor/laravel/framework/src/Illuminate/Console/Scheduling/ScheduleListCommand.php(207): Illuminate\\Console\\Scheduling\\CacheEventMutex->exists()
#9 /home/skytech/ISP-BILLING-main/vendor/laravel/framework/src/Illuminate/Console/Scheduling/ScheduleListCommand.php(130): Illuminate\\Console\\Scheduling\\ScheduleListCommand->listEvent()
#10 [internal function]: Illuminate\\Console\\Scheduling\\ScheduleListCommand->Illuminate\\Console\\Scheduling\\{closure}()
#11 /home/skytech/ISP-BILLING-main/vendor/laravel/framework/src/Illuminate/Collections/Arr.php(841): array_map()
#12 /home/skytech/ISP-BILLING-main/vendor/laravel/framework/src/Illuminate/Collections/Collection.php(829): Illuminate\\Support\\Arr::map()
#13 /home/skytech/ISP-BILLING-main/vendor/laravel/framework/src/Illuminate/Console/Scheduling/ScheduleListCommand.php(129): Illuminate\\Support\\Collection->map()
#14 [internal function]: Illuminate\\Console\\Scheduling\\ScheduleListCommand->Illuminate\\Console\\Scheduling\\{closure}()
#15 /home/skytech/ISP-BILLING-main/vendor/laravel/framework/src/Illuminate/Collections/Arr.php(841): array_map()
#16 /home/skytech/ISP-BILLING-main/vendor/laravel/framework/src/Illuminate/Collections/Collection.php(829): Illuminate\\Support\\Arr::map()
#17 /home/skytech/ISP-BILLING-main/vendor/laravel/framework/src/Illuminate/Collections/Traits/EnumeratesValues.php(466): Illuminate\\Support\\Collection->map()
#18 /home/skytech/ISP-BILLING-main/vendor/laravel/framework/src/Illuminate/Console/Scheduling/ScheduleListCommand.php(128): Illuminate\\Support\\Collection->flatMap()
#19 /home/skytech/ISP-BILLING-main/vendor/laravel/framework/src/Illuminate/Console/Scheduling/ScheduleListCommand.php(267): Illuminate\\Console\\Scheduling\\ScheduleListCommand->displayForCli()
#20 /home/skytech/ISP-BILLING-main/vendor/laravel/framework/src/Illuminate/Console/Scheduling/ScheduleListCommand.php(70): Illuminate\\Console\\Scheduling\\ScheduleListCommand->display()
#21 /home/skytech/ISP-BILLING-main/vendor/laravel/framework/src/Illuminate/Container/BoundMethod.php(36): Illuminate\\Console\\Scheduling\\ScheduleListCommand->handle()
#22 /home/skytech/ISP-BILLING-main/vendor/laravel/framework/src/Illuminate/Container/Util.php(43): Illuminate\\Container\\BoundMethod::Illuminate\\Container\\{closure}()
#23 /home/skytech/ISP-BILLING-main/vendor/laravel/framework/src/Illuminate/Container/BoundMethod.php(96): Illuminate\\Container\\Util::unwrapIfClosure()
#24 /home/skytech/ISP-BILLING-main/vendor/laravel/framework/src/Illuminate/Container/BoundMethod.php(35): Illuminate\\Container\\BoundMethod::callBoundMethod()
#25 /home/skytech/ISP-BILLING-main/vendor/laravel/framework/src/Illuminate/Container/Container.php(799): Illuminate\\Container\\BoundMethod::call()
#26 /home/skytech/ISP-BILLING-main/vendor/laravel/framework/src/Illuminate/Console/Command.php(211): Illuminate\\Container\\Container->call()
#27 /home/skytech/ISP-BILLING-main/vendor/symfony/console/Command/Command.php(341): Illuminate\\Console\\Command->execute()
#28 /home/skytech/ISP-BILLING-main/vendor/laravel/framework/src/Illuminate/Console/Command.php(180): Symfony\\Component\\Console\\Command\\Command->run()
#29 /home/skytech/ISP-BILLING-main/vendor/symfony/console/Application.php(1117): Illuminate\\Console\\Command->run()
#30 /home/skytech/ISP-BILLING-main/vendor/symfony/console/Application.php(356): Symfony\\Component\\Console\\Application->doRunCommand()
#31 /home/skytech/ISP-BILLING-main/vendor/symfony/console/Application.php(195): Symfony\\Component\\Console\\Application->doRun()
#32 /home/skytech/ISP-BILLING-main/vendor/laravel/framework/src/Illuminate/Foundation/Console/Kernel.php(198): Symfony\\Component\\Console\\Application->run()
#33 /home/skytech/ISP-BILLING-main/vendor/laravel/framework/src/Illuminate/Foundation/Application.php(1235): Illuminate\\Foundation\\Console\\Kernel->handle()
#34 /home/skytech/ISP-BILLING-main/artisan(16): Illuminate\\Foundation\\Application->handleCommand()
#35 {main}
"} 
[2026-09-25 11:11:25] production.INFO: PackageListSetup: Starting createPackage for id=3 name=TEST-TTL-PACKAGE  
[2026-09-25 11:11:25] production.DEBUG: PackageListSetup: Detected edit mode. Previous name=TEST-TTL-PACKAGE  
[2026-09-25 11:11:25] production.DEBUG: PackageListSetup: MikroTik service sync: service_type=both, PPP=YES, Hotspot=YES, push=TRUE, router=UVINZA  
[2026-09-25 11:11:25] production.INFO: PackageListSetup: Syncing PPP profile 'TEST-TTL-PACKAGE' on router: UVINZA  
[2026-09-25 11:11:30] production.ERROR: Mikrotik [UVINZA] SSH Read Fail: Connection closed due to timeout  
[2026-09-25 11:11:36] production.DEBUG: PackageListSetup: PPP sync result: {"UVINZA":{"status":false,"message":"Error: MikroTik SSH Error: failure: profile with the same name already exists (\/ppp\/profile\/add; line 1)\n","errors":{"exception":"MikroTik SSH Error: failure: profile with the same name already exists (\/ppp\/profile\/add; line 1)\n"}}}  
[2026-09-25 11:11:36] production.INFO: PackageListSetup: Syncing Hotspot profile 'TEST-TTL-PACKAGE' on router: UVINZA  
[2026-09-25 11:11:38] production.INFO: HotspotSync [UVINZA]: Profile 'TEST-TTL-PACKAGE' MISSING → add  
[2026-09-25 11:11:38] production.DEBUG: HotspotUserProfile ADD CMD: /ip hotspot user profile add name="TEST-TTL-PACKAGE" address-list="HOTSPOT-TTL-TEST-TTL-PACKAGE" rate-limit=5mbps shared-users=1 status-autorefresh=1m  
[2026-09-25 11:11:39] production.ERROR: HotspotSync [UVINZA]: Error on 'TEST-TTL-PACKAGE': MikroTik SSH Error: failure: invalid rate-limit (/ip/hotspot/user/profile/add; line 1)
  
[2026-09-25 11:11:39] production.DEBUG: PackageListSetup: Hotspot sync result: {"TEST-TTL-PACKAGE":"Error: MikroTik SSH Error: failure: invalid rate-limit (\/ip\/hotspot\/user\/profile\/add; line 1)\n"}  
[2026-09-25 11:11:39] production.INFO: PackageListSetup: createPackage COMPLETED for 'TEST-TTL-PACKAGE'  
[2026-09-25 11:13:09] production.INFO: PackageListSetup: Starting createPackage for id=3 name=TEST-TTL-PACKAGE  
[2026-09-25 11:13:09] production.DEBUG: PackageListSetup: Detected edit mode. Previous name=TEST-TTL-PACKAGE  
[2026-09-25 11:13:09] production.DEBUG: PackageListSetup: MikroTik service sync: service_type=both, PPP=YES, Hotspot=YES, push=TRUE, router=UVINZA  
[2026-09-25 11:13:09] production.INFO: PackageListSetup: Syncing PPP profile 'TEST-TTL-PACKAGE' on router: UVINZA  
[2026-09-25 11:13:15] production.DEBUG: PackageListSetup: PPP sync result: {"UVINZA":{"status":false,"message":"Error: Connection closed due to timeout","errors":{"exception":"Connection closed due to timeout"}}}  
[2026-09-25 11:13:15] production.INFO: PackageListSetup: Syncing Hotspot profile 'TEST-TTL-PACKAGE' on router: UVINZA  
[2026-09-25 11:13:15] production.INFO: HotspotSync [UVINZA]: Profile 'TEST-TTL-PACKAGE' MISSING → add  
[2026-09-25 11:13:15] production.DEBUG: HotspotUserProfile ADD CMD: /ip hotspot user profile add name="TEST-TTL-PACKAGE" address-list="HOTSPOT-TTL-TEST-TTL-PACKAGE" rate-limit=5/5mbps shared-users=1 status-autorefresh=1m  
[2026-09-25 11:13:20] production.ERROR: HotspotSync [UVINZA]: Error on 'TEST-TTL-PACKAGE': Connection closed due to timeout  
[2026-09-25 11:13:20] production.DEBUG: PackageListSetup: Hotspot sync result: {"TEST-TTL-PACKAGE":"Error: Connection closed due to timeout"}  
[2026-09-25 11:13:20] production.INFO: PackageListSetup: createPackage COMPLETED for 'TEST-TTL-PACKAGE'  
[2026-09-25 11:13:21] production.INFO: PackageListSetup: Starting full Two-Way Synchronization.  
[2026-09-25 11:13:52] production.INFO: PackageListSetup: Starting createPackage for id=1 name=Test  
[2026-09-25 11:13:52] production.DEBUG: PackageListSetup: Detected edit mode. Previous name=Test  
[2026-09-25 11:13:52] production.DEBUG: PackageListSetup: MikroTik service sync: service_type=both, PPP=YES, Hotspot=YES, push=TRUE, router=HOPE  
[2026-09-25 11:13:52] production.INFO: PackageListSetup: Removing old PPP profile 'Test' from router 'UVINZA'  
[2026-09-25 11:13:57] production.INFO: PackageListSetup: Removing old Hotspot configuration 'Test' from router 'UVINZA'  
[2026-09-25 11:13:57] production.ERROR: Call to undefined method App\Http\Controllers\MikrotikController::deleteHotspotUserProfile() {"userId":1,"exception":"[object] (Error(code: 0): Call to undefined method App\\Http\\Controllers\\MikrotikController::deleteHotspotUserProfile() at /home/skytech/ISP-BILLING-main/app/Livewire/PackageListSetup.php:230)
[stacktrace]
#0 /home/skytech/ISP-BILLING-main/vendor/laravel/framework/src/Illuminate/Container/BoundMethod.php(36): App\\Livewire\\PackageListSetup->createPackage()
#1 /home/skytech/ISP-BILLING-main/vendor/laravel/framework/src/Illuminate/Container/Util.php(43): Illuminate\\Container\\BoundMethod::Illuminate\\Container\\{closure}()
#2 /home/skytech/ISP-BILLING-main/vendor/laravel/framework/src/Illuminate/Container/BoundMethod.php(96): Illuminate\\Container\\Util::unwrapIfClosure()
#3 /home/skytech/ISP-BILLING-main/vendor/laravel/framework/src/Illuminate/Container/BoundMethod.php(35): Illuminate\\Container\\BoundMethod::callBoundMethod()
#4 /home/skytech/ISP-BILLING-main/vendor/livewire/livewire/src/Wrapped.php(23): Illuminate\\Container\\BoundMethod::call()
#5 /home/skytech/ISP-BILLING-main/vendor/livewire/livewire/src/Mechanisms/HandleComponents/HandleComponents.php(581): Livewire\\Wrapped->__call()
#6 /home/skytech/ISP-BILLING-main/vendor/livewire/livewire/src/Mechanisms/HandleComponents/HandleComponents.php(222): Livewire\\Mechanisms\\HandleComponents\\HandleComponents->callMethods()
#7 /home/skytech/ISP-BILLING-main/vendor/livewire/livewire/src/LivewireManager.php(132): Livewire\\Mechanisms\\HandleComponents\\HandleComponents->update()
#8 /home/skytech/ISP-BILLING-main/vendor/livewire/livewire/src/Mechanisms/HandleRequests/HandleRequests.php(205): Livewire\\LivewireManager->update()
#9 /home/skytech/ISP-BILLING-main/vendor/laravel/framework/src/Illuminate/Routing/ControllerDispatcher.php(46): Livewire\\Mechanisms\\HandleRequests\\HandleRequests->handleUpdate()
#10 /home/skytech/ISP-BILLING-main/vendor/laravel/framework/src/Illuminate/Routing/Route.php(265): Illuminate\\Routing\\ControllerDispatcher->dispatch()
#11 /home/skytech/ISP-BILLING-main/vendor/laravel/framework/src/Illuminate/Routing/Route.php(211): Illuminate\\Routing\\Route->runController()
#12 /home/skytech/ISP-BILLING-main/vendor/laravel/framework/src/Illuminate/Routing/Router.php(822): Illuminate\\Routing\\Route->run()
#13 /home/skytech/ISP-BILLING-main/vendor/laravel/framework/src/Illuminate/Pipeline/Pipeline.php(180): Illuminate\\Routing\\Router->Illuminate\\Routing\\{closure}()
#14 /home/skytech/ISP-BILLING-main/vendor/livewire/livewire/src/Mechanisms/HandleRequests/RequireLivewireHeaders.php(19): Illuminate\\Pipeline\\Pipeline->Illuminate\\Pipeline\\{closure}()
#15 /home/skytech/ISP-BILLING-main/vendor/laravel/framework/src/Illuminate/Pipeline/Pipeline.php(219): Livewire\\Mechanisms\\HandleRequests\\RequireLivewireHeaders->handle()
#16 /home/skytech/ISP-BILLING-main/vendor/php-flasher/flasher-laravel/Middleware/FlasherMiddleware.php(21): Illuminate\\Pipeline\\Pipeline->Illuminate\\Pipeline\\{closure}()
#17 /home/skytech/ISP-BILLING-main/vendor/laravel/framework/src/Illuminate/Pipeline/Pipeline.php(219): Flasher\\Laravel\\Middleware\\FlasherMiddleware->handle()
#18 /home/skytech/ISP-BILLING-main/vendor/php-flasher/flasher-laravel/Middleware/SessionMiddleware.php(21): Illuminate\\Pipeline\\Pipeline->Illuminate\\Pipeline\\{closure}()
#19 /home/skytech/ISP-BILLING-main/vendor/laravel/framework/src/Illuminate/Pipeline/Pipeline.php(219): Flasher\\Laravel\\Middleware\\SessionMiddleware->handle()
#20 /home/skytech/ISP-BILLING-main/app/Http/Middleware/SetLocaleFromSession.php(42): Illuminate\\Pipeline\\Pipeline->Illuminate\\Pipeline\\{closure}()
#21 /home/skytech/ISP-BILLING-main/vendor/laravel/framework/src/Illuminate/Pipeline/Pipeline.php(219): App\\Http\\Middleware\\SetLocaleFromSession->handle()
#22 /home/skytech/ISP-BILLING-main/vendor/laravel/framework/src/Illuminate/Routing/Middleware/SubstituteBindings.php(50): Illuminate\\Pipeline\\Pipeline->Illuminate\\Pipeline\\{closure}()
#23 /home/skytech/ISP-BILLING-main/vendor/laravel/framework/src/Illuminate/Pipeline/Pipeline.php(219): Illuminate\\Routing\\Middleware\\SubstituteBindings->handle()
#24 /home/skytech/ISP-BILLING-main/vendor/laravel/framework/src/Illuminate/Foundation/Http/Middleware/VerifyCsrfToken.php(87): Illuminate\\Pipeline\\Pipeline->Illuminate\\Pipeline\\{closure}()
#25 /home/skytech/ISP-BILLING-main/vendor/laravel/framework/src/Illuminate/Pipeline/Pipeline.php(219): Illuminate\\Foundation\\Http\\Middleware\\VerifyCsrfToken->handle()
#26 /home/skytech/ISP-BILLING-main/vendor/laravel/framework/src/Illuminate/View/Middleware/ShareErrorsFromSession.php(48): Illuminate\\Pipeline\\Pipeline->Illuminate\\Pipeline\\{closure}()
#27 /home/skytech/ISP-BILLING-main/vendor/laravel/framework/src/Illuminate/Pipeline/Pipeline.php(219): Illuminate\\View\\Middleware\\ShareErrorsFromSession->handle()
#28 /home/skytech/ISP-BILLING-main/vendor/laravel/framework/src/Illuminate/Session/Middleware/StartSession.php(120): Illuminate\\Pipeline\\Pipeline->Illuminate\\Pipeline\\{closure}()
#29 /home/skytech/ISP-BILLING-main/vendor/laravel/framework/src/Illuminate/Session/Middleware/StartSession.php(63): Illuminate\\Session\\Middleware\\StartSession->handleStatefulRequest()
#30 /home/skytech/ISP-BILLING-main/vendor/laravel/framework/src/Illuminate/Pipeline/Pipeline.php(219): Illuminate\\Session\\Middleware\\StartSession->handle()
#31 /home/skytech/ISP-BILLING-main/vendor/laravel/framework/src/Illuminate/Cookie/Middleware/AddQueuedCookiesToResponse.php(36): Illuminate\\Pipeline\\Pipeline->Illuminate\\Pipeline\\{closure}()
#32 /home/skytech/ISP-BILLING-main/vendor/laravel/framework/src/Illuminate/Pipeline/Pipeline.php(219): Illuminate\\Cookie\\Middleware\\AddQueuedCookiesToResponse->handle()
#33 /home/skytech/ISP-BILLING-main/vendor/laravel/framework/src/Illuminate/Cookie/Middleware/EncryptCookies.php(74): Illuminate\\Pipeline\\Pipeline->Illuminate\\Pipeline\\{closure}()
#34 /home/skytech/ISP-BILLING-main/vendor/laravel/framework/src/Illuminate/Pipeline/Pipeline.php(219): Illuminate\\Cookie\\Middleware\\EncryptCookies->handle()
#35 /home/skytech/ISP-BILLING-main/vendor/laravel/framework/src/Illuminate/Pipeline/Pipeline.php(137): Illuminate\\Pipeline\\Pipeline->Illuminate\\Pipeline\\{closure}()
#36 /home/skytech/ISP-BILLING-main/vendor/laravel/framework/src/Illuminate/Routing/Router.php(821): Illuminate\\Pipeline\\Pipeline->then()
#37 /home/skytech/ISP-BILLING-main/vendor/laravel/framework/src/Illuminate/Routing/Router.php(800): Illuminate\\Routing\\Router->runRouteWithinStack()
#38 /home/skytech/ISP-BILLING-main/vendor/laravel/framework/src/Illuminate/Routing/Router.php(764): Illuminate\\Routing\\Router->runRoute()
#39 /home/skytech/ISP-BILLING-main/vendor/laravel/framework/src/Illuminate/Routing/Router.php(753): Illuminate\\Routing\\Router->dispatchToRoute()
#40 /home/skytech/ISP-BILLING-main/vendor/laravel/framework/src/Illuminate/Foundation/Http/Kernel.php(200): Illuminate\\Routing\\Router->dispatch()
#41 /home/skytech/ISP-BILLING-main/vendor/laravel/framework/src/Illuminate/Pipeline/Pipeline.php(180): Illuminate\\Foundation\\Http\\Kernel->Illuminate\\Foundation\\Http\\{closure}()
#42 /home/skytech/ISP-BILLING-main/vendor/livewire/livewire/src/Features/SupportDisablingBackButtonCache/DisableBackButtonCacheMiddleware.php(19): Illuminate\\Pipeline\\Pipeline->Illuminate\\Pipeline\\{closure}()
#43 /home/skytech/ISP-BILLING-main/vendor/laravel/framework/src/Illuminate/Pipeline/Pipeline.php(219): Livewire\\Features\\SupportDisablingBackButtonCache\\DisableBackButtonCacheMiddleware->handle()
#44 /home/skytech/ISP-BILLING-main/app/Http/Middleware/CheckSiteStatus.php(55): Illuminate\\Pipeline\\Pipeline->Illuminate\\Pipeline\\{closure}()
#45 /home/skytech/ISP-BILLING-main/vendor/laravel/framework/src/Illuminate/Pipeline/Pipeline.php(219): App\\Http\\Middleware\\CheckSiteStatus->handle()
#46 /home/skytech/ISP-BILLING-main/vendor/laravel/framework/src/Illuminate/Foundation/Http/Middleware/ConvertEmptyStringsToNull.php(27): Illuminate\\Pipeline\\Pipeline->Illuminate\\Pipeline\\{closure}()
#47 /home/skytech/ISP-BILLING-main/vendor/laravel/framework/src/Illuminate/Pipeline/Pipeline.php(219): Illuminate\\Foundation\\Http\\Middleware\\ConvertEmptyStringsToNull->handle()
#48 /home/skytech/ISP-BILLING-main/vendor/laravel/framework/src/Illuminate/Foundation/Http/Middleware/TrimStrings.php(47): Illuminate\\Pipeline\\Pipeline->Illuminate\\Pipeline\\{closure}()
#49 /home/skytech/ISP-BILLING-main/vendor/laravel/framework/src/Illuminate/Pipeline/Pipeline.php(219): Illuminate\\Foundation\\Http\\Middleware\\TrimStrings->handle()
#50 /home/skytech/ISP-BILLING-main/vendor/laravel/framework/src/Illuminate/Http/Middleware/ValidatePostSize.php(27): Illuminate\\Pipeline\\Pipeline->Illuminate\\Pipeline\\{closure}()
#51 /home/skytech/ISP-BILLING-main/vendor/laravel/framework/src/Illuminate/Pipeline/Pipeline.php(219): Illuminate\\Http\\Middleware\\ValidatePostSize->handle()
#52 /home/skytech/ISP-BILLING-main/vendor/laravel/framework/src/Illuminate/Foundation/Http/Middleware/PreventRequestsDuringMaintenance.php(109): Illuminate\\Pipeline\\Pipeline->Illuminate\\Pipeline\\{closure}()
#53 /home/skytech/ISP-BILLING-main/vendor/laravel/framework/src/Illuminate/Pipeline/Pipeline.php(219): Illuminate\\Foundation\\Http\\Middleware\\PreventRequestsDuringMaintenance->handle()
#54 /home/skytech/ISP-BILLING-main/vendor/laravel/framework/src/Illuminate/Http/Middleware/HandleCors.php(61): Illuminate\\Pipeline\\Pipeline->Illuminate\\Pipeline\\{closure}()
#55 /home/skytech/ISP-BILLING-main/vendor/laravel/framework/src/Illuminate/Pipeline/Pipeline.php(219): Illuminate\\Http\\Middleware\\HandleCors->handle()
#56 /home/skytech/ISP-BILLING-main/vendor/laravel/framework/src/Illuminate/Http/Middleware/TrustProxies.php(58): Illuminate\\Pipeline\\Pipeline->Illuminate\\Pipeline\\{closure}()
#57 /home/skytech/ISP-BILLING-main/vendor/laravel/framework/src/Illuminate/Pipeline/Pipeline.php(219): Illuminate\\Http\\Middleware\\TrustProxies->handle()
#58 /home/skytech/ISP-BILLING-main/vendor/laravel/framework/src/Illuminate/Foundation/Http/Middleware/InvokeDeferredCallbacks.php(22): Illuminate\\Pipeline\\Pipeline->Illuminate\\Pipeline\\{closure}()
#59 /home/skytech/ISP-BILLING-main/vendor/laravel/framework/src/Illuminate/Pipeline/Pipeline.php(219): Illuminate\\Foundation\\Http\\Middleware\\InvokeDeferredCallbacks->handle()
#60 /home/skytech/ISP-BILLING-main/vendor/laravel/framework/src/Illuminate/Http/Middleware/ValidatePathEncoding.php(26): Illuminate\\Pipeline\\Pipeline->Illuminate\\Pipeline\\{closure}()
#61 /home/skytech/ISP-BILLING-main/vendor/laravel/framework/src/Illuminate/Pipeline/Pipeline.php(219): Illuminate\\Http\\Middleware\\ValidatePathEncoding->handle()
#62 /home/skytech/ISP-BILLING-main/vendor/laravel/framework/src/Illuminate/Pipeline/Pipeline.php(137): Illuminate\\Pipeline\\Pipeline->Illuminate\\Pipeline\\{closure}()
#63 /home/skytech/ISP-BILLING-main/vendor/laravel/framework/src/Illuminate/Foundation/Http/Kernel.php(175): Illuminate\\Pipeline\\Pipeline->then()
#64 /home/skytech/ISP-BILLING-main/vendor/laravel/framework/src/Illuminate/Foundation/Http/Kernel.php(144): Illuminate\\Foundation\\Http\\Kernel->sendRequestThroughRouter()
#65 /home/skytech/ISP-BILLING-main/vendor/laravel/framework/src/Illuminate/Foundation/Application.php(1220): Illuminate\\Foundation\\Http\\Kernel->handle()
#66 /home/skytech/ISP-BILLING-main/public/index.php(20): Illuminate\\Foundation\\Application->handleRequest()
#67 {main}
"} 
[2026-09-25 11:21:04] production.ERROR: SQLSTATE[42S21]: Column already exists: 1060 Duplicate column name 'validity_type' (Connection: mysql, Host: 127.0.0.1, Port: 3306, Database: skytech_billing, SQL: alter table `package_lists` add `validity_type` varchar(30) null after `service_type`) {"exception":"[object] (Illuminate\\Database\\QueryException(code: 42S21): SQLSTATE[42S21]: Column already exists: 1060 Duplicate column name 'validity_type' (Connection: mysql, Host: 127.0.0.1, Port: 3306, Database: skytech_billing, SQL: alter table `package_lists` add `validity_type` varchar(30) null after `service_type`) at /home/skytech/ISP-BILLING-main/vendor/laravel/framework/src/Illuminate/Database/Connection.php:838)
[stacktrace]
#0 /home/skytech/ISP-BILLING-main/vendor/laravel/framework/src/Illuminate/Database/Connection.php(794): Illuminate\\Database\\Connection->runQueryCallback()
#1 /home/skytech/ISP-BILLING-main/vendor/laravel/framework/src/Illuminate/Database/Connection.php(573): Illuminate\\Database\\Connection->run()
#2 /home/skytech/ISP-BILLING-main/vendor/laravel/framework/src/Illuminate/Database/Schema/Blueprint.php(121): Illuminate\\Database\\Connection->statement()
#3 /home/skytech/ISP-BILLING-main/vendor/laravel/framework/src/Illuminate/Database/Schema/Builder.php(686): Illuminate\\Database\\Schema\\Blueprint->build()
#4 /home/skytech/ISP-BILLING-main/vendor/laravel/framework/src/Illuminate/Database/Schema/Builder.php(494): Illuminate\\Database\\Schema\\Builder->build()
#5 /home/skytech/ISP-BILLING-main/vendor/laravel/framework/src/Illuminate/Support/Facades/Facade.php(363): Illuminate\\Database\\Schema\\Builder->table()
#6 /home/skytech/ISP-BILLING-main/database/migrations/2026_09_25_112012_add_hotspot_validity_to_package_lists_table.php(11): Illuminate\\Support\\Facades\\Facade::__callStatic()
#7 /home/skytech/ISP-BILLING-main/vendor/laravel/framework/src/Illuminate/Database/Migrations/Migrator.php(517): Illuminate\\Database\\Migrations\\Migration@anonymous->up()
#8 /home/skytech/ISP-BILLING-main/vendor/laravel/framework/src/Illuminate/Database/Migrations/Migrator.php(442): Illuminate\\Database\\Migrations\\Migrator->runMethod()
#9 /home/skytech/ISP-BILLING-main/vendor/laravel/framework/src/Illuminate/Database/Migrations/Migrator.php(451): Illuminate\\Database\\Migrations\\Migrator->Illuminate\\Database\\Migrations\\{closure}()
#10 /home/skytech/ISP-BILLING-main/vendor/laravel/framework/src/Illuminate/Database/Migrations/Migrator.php(253): Illuminate\\Database\\Migrations\\Migrator->runMigration()
#11 /home/skytech/ISP-BILLING-main/vendor/laravel/framework/src/Illuminate/Console/View/Components/Task.php(41): Illuminate\\Database\\Migrations\\Migrator->Illuminate\\Database\\Migrations\\{closure}()
#12 /home/skytech/ISP-BILLING-main/vendor/laravel/framework/src/Illuminate/Database/Migrations/Migrator.php(814): Illuminate\\Console\\View\\Components\\Task->render()
#13 /home/skytech/ISP-BILLING-main/vendor/laravel/framework/src/Illuminate/Database/Migrations/Migrator.php(253): Illuminate\\Database\\Migrations\\Migrator->write()
#14 /home/skytech/ISP-BILLING-main/vendor/laravel/framework/src/Illuminate/Database/Migrations/Migrator.php(211): Illuminate\\Database\\Migrations\\Migrator->runUp()
#15 /home/skytech/ISP-BILLING-main/vendor/laravel/framework/src/Illuminate/Database/Migrations/Migrator.php(138): Illuminate\\Database\\Migrations\\Migrator->runPending()
#16 /home/skytech/ISP-BILLING-main/vendor/laravel/framework/src/Illuminate/Database/Console/Migrations/MigrateCommand.php(116): Illuminate\\Database\\Migrations\\Migrator->run()
#17 /home/skytech/ISP-BILLING-main/vendor/laravel/framework/src/Illuminate/Database/Migrations/Migrator.php(671): Illuminate\\Database\\Console\\Migrations\\MigrateCommand->Illuminate\\Database\\Console\\Migrations\\{closure}()
#18 /home/skytech/ISP-BILLING-main/vendor/laravel/framework/src/Illuminate/Database/Console/Migrations/MigrateCommand.php(109): Illuminate\\Database\\Migrations\\Migrator->usingConnection()
#19 /home/skytech/ISP-BILLING-main/vendor/laravel/framework/src/Illuminate/Database/Console/Migrations/MigrateCommand.php(88): Illuminate\\Database\\Console\\Migrations\\MigrateCommand->runMigrations()
#20 /home/skytech/ISP-BILLING-main/vendor/laravel/framework/src/Illuminate/Container/BoundMethod.php(36): Illuminate\\Database\\Console\\Migrations\\MigrateCommand->handle()
#21 /home/skytech/ISP-BILLING-main/vendor/laravel/framework/src/Illuminate/Container/Util.php(43): Illuminate\\Container\\BoundMethod::Illuminate\\Container\\{closure}()
#22 /home/skytech/ISP-BILLING-main/vendor/laravel/framework/src/Illuminate/Container/BoundMethod.php(96): Illuminate\\Container\\Util::unwrapIfClosure()
#23 /home/skytech/ISP-BILLING-main/vendor/laravel/framework/src/Illuminate/Container/BoundMethod.php(35): Illuminate\\Container\\BoundMethod::callBoundMethod()
#24 /home/skytech/ISP-BILLING-main/vendor/laravel/framework/src/Illuminate/Container/Container.php(799): Illuminate\\Container\\BoundMethod::call()
#25 /home/skytech/ISP-BILLING-main/vendor/laravel/framework/src/Illuminate/Console/Command.php(211): Illuminate\\Container\\Container->call()
#26 /home/skytech/ISP-BILLING-main/vendor/symfony/console/Command/Command.php(341): Illuminate\\Console\\Command->execute()
#27 /home/skytech/ISP-BILLING-main/vendor/laravel/framework/src/Illuminate/Console/Command.php(180): Symfony\\Component\\Console\\Command\\Command->run()
#28 /home/skytech/ISP-BILLING-main/vendor/symfony/console/Application.php(1117): Illuminate\\Console\\Command->run()
#29 /home/skytech/ISP-BILLING-main/vendor/symfony/console/Application.php(356): Symfony\\Component\\Console\\Application->doRunCommand()
#30 /home/skytech/ISP-BILLING-main/vendor/symfony/console/Application.php(195): Symfony\\Component\\Console\\Application->doRun()
#31 /home/skytech/ISP-BILLING-main/vendor/laravel/framework/src/Illuminate/Foundation/Console/Kernel.php(198): Symfony\\Component\\Console\\Application->run()
#32 /home/skytech/ISP-BILLING-main/vendor/laravel/framework/src/Illuminate/Foundation/Application.php(1235): Illuminate\\Foundation\\Console\\Kernel->handle()
#33 /home/skytech/ISP-BILLING-main/artisan(16): Illuminate\\Foundation\\Application->handleCommand()
#34 {main}

[previous exception] [object] (PDOException(code: 42S21): SQLSTATE[42S21]: Column already exists: 1060 Duplicate column name 'validity_type' at /home/skytech/ISP-BILLING-main/vendor/laravel/framework/src/Illuminate/Database/Connection.php:584)
[stacktrace]
#0 /home/skytech/ISP-BILLING-main/vendor/laravel/framework/src/Illuminate/Database/Connection.php(584): PDOStatement->execute()
#1 /home/skytech/ISP-BILLING-main/vendor/laravel/framework/src/Illuminate/Database/Connection.php(827): Illuminate\\Database\\Connection->Illuminate\\Database\\{closure}()
#2 /home/skytech/ISP-BILLING-main/vendor/laravel/framework/src/Illuminate/Database/Connection.php(794): Illuminate\\Database\\Connection->runQueryCallback()
#3 /home/skytech/ISP-BILLING-main/vendor/laravel/framework/src/Illuminate/Database/Connection.php(573): Illuminate\\Database\\Connection->run()
#4 /home/skytech/ISP-BILLING-main/vendor/laravel/framework/src/Illuminate/Database/Schema/Blueprint.php(121): Illuminate\\Database\\Connection->statement()
#5 /home/skytech/ISP-BILLING-main/vendor/laravel/framework/src/Illuminate/Database/Schema/Builder.php(686): Illuminate\\Database\\Schema\\Blueprint->build()
#6 /home/skytech/ISP-BILLING-main/vendor/laravel/framework/src/Illuminate/Database/Schema/Builder.php(494): Illuminate\\Database\\Schema\\Builder->build()
#7 /home/skytech/ISP-BILLING-main/vendor/laravel/framework/src/Illuminate/Support/Facades/Facade.php(363): Illuminate\\Database\\Schema\\Builder->table()
#8 /home/skytech/ISP-BILLING-main/database/migrations/2026_09_25_112012_add_hotspot_validity_to_package_lists_table.php(11): Illuminate\\Support\\Facades\\Facade::__callStatic()
#9 /home/skytech/ISP-BILLING-main/vendor/laravel/framework/src/Illuminate/Database/Migrations/Migrator.php(517): Illuminate\\Database\\Migrations\\Migration@anonymous->up()
#10 /home/skytech/ISP-BILLING-main/vendor/laravel/framework/src/Illuminate/Database/Migrations/Migrator.php(442): Illuminate\\Database\\Migrations\\Migrator->runMethod()
#11 /home/skytech/ISP-BILLING-main/vendor/laravel/framework/src/Illuminate/Database/Migrations/Migrator.php(451): Illuminate\\Database\\Migrations\\Migrator->Illuminate\\Database\\Migrations\\{closure}()
#12 /home/skytech/ISP-BILLING-main/vendor/laravel/framework/src/Illuminate/Database/Migrations/Migrator.php(253): Illuminate\\Database\\Migrations\\Migrator->runMigration()
#13 /home/skytech/ISP-BILLING-main/vendor/laravel/framework/src/Illuminate/Console/View/Components/Task.php(41): Illuminate\\Database\\Migrations\\Migrator->Illuminate\\Database\\Migrations\\{closure}()
#14 /home/skytech/ISP-BILLING-main/vendor/laravel/framework/src/Illuminate/Database/Migrations/Migrator.php(814): Illuminate\\Console\\View\\Components\\Task->render()
#15 /home/skytech/ISP-BILLING-main/vendor/laravel/framework/src/Illuminate/Database/Migrations/Migrator.php(253): Illuminate\\Database\\Migrations\\Migrator->write()
#16 /home/skytech/ISP-BILLING-main/vendor/laravel/framework/src/Illuminate/Database/Migrations/Migrator.php(211): Illuminate\\Database\\Migrations\\Migrator->runUp()
#17 /home/skytech/ISP-BILLING-main/vendor/laravel/framework/src/Illuminate/Database/Migrations/Migrator.php(138): Illuminate\\Database\\Migrations\\Migrator->runPending()
#18 /home/skytech/ISP-BILLING-main/vendor/laravel/framework/src/Illuminate/Database/Console/Migrations/MigrateCommand.php(116): Illuminate\\Database\\Migrations\\Migrator->run()
#19 /home/skytech/ISP-BILLING-main/vendor/laravel/framework/src/Illuminate/Database/Migrations/Migrator.php(671): Illuminate\\Database\\Console\\Migrations\\MigrateCommand->Illuminate\\Database\\Console\\Migrations\\{closure}()
#20 /home/skytech/ISP-BILLING-main/vendor/laravel/framework/src/Illuminate/Database/Console/Migrations/MigrateCommand.php(109): Illuminate\\Database\\Migrations\\Migrator->usingConnection()
#21 /home/skytech/ISP-BILLING-main/vendor/laravel/framework/src/Illuminate/Database/Console/Migrations/MigrateCommand.php(88): Illuminate\\Database\\Console\\Migrations\\MigrateCommand->runMigrations()
#22 /home/skytech/ISP-BILLING-main/vendor/laravel/framework/src/Illuminate/Container/BoundMethod.php(36): Illuminate\\Database\\Console\\Migrations\\MigrateCommand->handle()
#23 /home/skytech/ISP-BILLING-main/vendor/laravel/framework/src/Illuminate/Container/Util.php(43): Illuminate\\Container\\BoundMethod::Illuminate\\Container\\{closure}()
#24 /home/skytech/ISP-BILLING-main/vendor/laravel/framework/src/Illuminate/Container/BoundMethod.php(96): Illuminate\\Container\\Util::unwrapIfClosure()
#25 /home/skytech/ISP-BILLING-main/vendor/laravel/framework/src/Illuminate/Container/BoundMethod.php(35): Illuminate\\Container\\BoundMethod::callBoundMethod()
#26 /home/skytech/ISP-BILLING-main/vendor/laravel/framework/src/Illuminate/Container/Container.php(799): Illuminate\\Container\\BoundMethod::call()
#27 /home/skytech/ISP-BILLING-main/vendor/laravel/framework/src/Illuminate/Console/Command.php(211): Illuminate\\Container\\Container->call()
#28 /home/skytech/ISP-BILLING-main/vendor/symfony/console/Command/Command.php(341): Illuminate\\Console\\Command->execute()
#29 /home/skytech/ISP-BILLING-main/vendor/laravel/framework/src/Illuminate/Console/Command.php(180): Symfony\\Component\\Console\\Command\\Command->run()
#30 /home/skytech/ISP-BILLING-main/vendor/symfony/console/Application.php(1117): Illuminate\\Console\\Command->run()
#31 /home/skytech/ISP-BILLING-main/vendor/symfony/console/Application.php(356): Symfony\\Component\\Console\\Application->doRunCommand()
#32 /home/skytech/ISP-BILLING-main/vendor/symfony/console/Application.php(195): Symfony\\Component\\Console\\Application->doRun()
#33 /home/skytech/ISP-BILLING-main/vendor/laravel/framework/src/Illuminate/Foundation/Console/Kernel.php(198): Symfony\\Component\\Console\\Application->run()
#34 /home/skytech/ISP-BILLING-main/vendor/laravel/framework/src/Illuminate/Foundation/Application.php(1235): Illuminate\\Foundation\\Console\\Kernel->handle()
#35 /home/skytech/ISP-BILLING-main/artisan(16): Illuminate\\Foundation\\Application->handleCommand()
#36 {main}
"} 
[2026-09-25 11:57:17] production.ERROR: Class "Filament\Pages\Auth\Login" not found {"exception":"[object] (Error(code: 0): Class \"Filament\\Pages\\Auth\\Login\" not found at /home/skytech/ISP-BILLING-main/app/Filament/Pages/Auth/SuperAdminLogin.php:7)
[stacktrace]
#0 /home/skytech/ISP-BILLING-main/vendor/composer/ClassLoader.php(576): include()
#1 /home/skytech/ISP-BILLING-main/vendor/composer/ClassLoader.php(427): Composer\\Autoload\\{closure}()
#2 [internal function]: Composer\\Autoload\\ClassLoader->loadClass()
#3 /home/skytech/ISP-BILLING-main/vendor/filament/filament/src/Panel/Concerns/HasComponents.php(590): is_subclass_of()
#4 /home/skytech/ISP-BILLING-main/vendor/filament/filament/src/Panel.php(71): Filament\\Panel->registerLivewireComponents()
#5 /home/skytech/ISP-BILLING-main/vendor/filament/filament/src/PanelRegistry.php(21): Filament\\Panel->register()
#6 /home/skytech/ISP-BILLING-main/vendor/filament/filament/src/Facades/Filament.php(193): Filament\\PanelRegistry->register()
#7 /home/skytech/ISP-BILLING-main/vendor/laravel/framework/src/Illuminate/Container/Container.php(1618): Filament\\Facades\\Filament::Filament\\Facades\\{closure}()
#8 /home/skytech/ISP-BILLING-main/vendor/laravel/framework/src/Illuminate/Container/Container.php(1538): Illuminate\\Container\\Container->fireCallbackArray()
#9 /home/skytech/ISP-BILLING-main/vendor/laravel/framework/src/Illuminate/Container/Container.php(951): Illuminate\\Container\\Container->fireResolvingCallbacks()
#10 /home/skytech/ISP-BILLING-main/vendor/laravel/framework/src/Illuminate/Foundation/Application.php(1078): Illuminate\\Container\\Container->resolve()
#11 /home/skytech/ISP-BILLING-main/vendor/laravel/framework/src/Illuminate/Container/Container.php(864): Illuminate\\Foundation\\Application->resolve()
#12 /home/skytech/ISP-BILLING-main/vendor/laravel/framework/src/Illuminate/Foundation/Application.php(1058): Illuminate\\Container\\Container->make()
#13 /home/skytech/ISP-BILLING-main/vendor/laravel/framework/src/Illuminate/Foundation/helpers.php(138): Illuminate\\Foundation\\Application->make()
#14 /home/skytech/ISP-BILLING-main/vendor/filament/filament/src/FilamentManager.php(382): app()
#15 /home/skytech/ISP-BILLING-main/vendor/laravel/framework/src/Illuminate/Support/Facades/Facade.php(363): Filament\\FilamentManager->getPanels()
#16 /home/skytech/ISP-BILLING-main/vendor/filament/filament/routes/web.php(17): Illuminate\\Support\\Facades\\Facade::__callStatic()
#17 /home/skytech/ISP-BILLING-main/vendor/laravel/framework/src/Illuminate/Routing/Router.php(524): Illuminate\\Support\\ServiceProvider->{closure}()
#18 /home/skytech/ISP-BILLING-main/vendor/laravel/framework/src/Illuminate/Routing/Router.php(480): Illuminate\\Routing\\Router->loadRoutes()
#19 /home/skytech/ISP-BILLING-main/vendor/laravel/framework/src/Illuminate/Routing/RouteRegistrar.php(212): Illuminate\\Routing\\Router->group()
#20 /home/skytech/ISP-BILLING-main/vendor/filament/filament/routes/web.php(16): Illuminate\\Routing\\RouteRegistrar->group()
#21 /home/skytech/ISP-BILLING-main/vendor/laravel/framework/src/Illuminate/Support/ServiceProvider.php(201): require('...')
#22 /home/skytech/ISP-BILLING-main/vendor/spatie/laravel-package-tools/src/Concerns/PackageServiceProvider/ProcessRoutes.php(14): Illuminate\\Support\\ServiceProvider->loadRoutesFrom()
#23 /home/skytech/ISP-BILLING-main/vendor/spatie/laravel-package-tools/src/PackageServiceProvider.php(85): Spatie\\LaravelPackageTools\\PackageServiceProvider->bootPackageRoutes()
#24 /home/skytech/ISP-BILLING-main/vendor/laravel/framework/src/Illuminate/Container/BoundMethod.php(36): Spatie\\LaravelPackageTools\\PackageServiceProvider->boot()
#25 /home/skytech/ISP-BILLING-main/vendor/laravel/framework/src/Illuminate/Container/Util.php(43): Illuminate\\Container\\BoundMethod::Illuminate\\Container\\{closure}()
#26 /home/skytech/ISP-BILLING-main/vendor/laravel/framework/src/Illuminate/Container/BoundMethod.php(96): Illuminate\\Container\\Util::unwrapIfClosure()
#27 /home/skytech/ISP-BILLING-main/vendor/laravel/framework/src/Illuminate/Container/BoundMethod.php(35): Illuminate\\Container\\BoundMethod::callBoundMethod()
#28 /home/skytech/ISP-BILLING-main/vendor/laravel/framework/src/Illuminate/Container/Container.php(799): Illuminate\\Container\\BoundMethod::call()
#29 /home/skytech/ISP-BILLING-main/vendor/laravel/framework/src/Illuminate/Foundation/Application.php(1151): Illuminate\\Container\\Container->call()
#30 /home/skytech/ISP-BILLING-main/vendor/laravel/framework/src/Illuminate/Foundation/Application.php(1132): Illuminate\\Foundation\\Application->bootProvider()
#31 [internal function]: Illuminate\\Foundation\\Application->Illuminate\\Foundation\\{closure}()
#32 /home/skytech/ISP-BILLING-main/vendor/laravel/framework/src/Illuminate/Foundation/Application.php(1131): array_walk()
#33 /home/skytech/ISP-BILLING-main/vendor/laravel/framework/src/Illuminate/Foundation/Bootstrap/BootProviders.php(17): Illuminate\\Foundation\\Application->boot()
#34 /home/skytech/ISP-BILLING-main/vendor/laravel/framework/src/Illuminate/Foundation/Application.php(342): Illuminate\\Foundation\\Bootstrap\\BootProviders->bootstrap()
#35 /home/skytech/ISP-BILLING-main/vendor/laravel/framework/src/Illuminate/Foundation/Console/Kernel.php(494): Illuminate\\Foundation\\Application->bootstrapWith()
#36 /home/skytech/ISP-BILLING-main/vendor/laravel/framework/src/Illuminate/Foundation/Console/Kernel.php(196): Illuminate\\Foundation\\Console\\Kernel->bootstrap()
#37 /home/skytech/ISP-BILLING-main/vendor/laravel/framework/src/Illuminate/Foundation/Application.php(1235): Illuminate\\Foundation\\Console\\Kernel->handle()
#38 /home/skytech/ISP-BILLING-main/artisan(16): Illuminate\\Foundation\\Application->handleCommand()
#39 {main}
"} 
[2026-09-25 11:59:10] production.ERROR: Route [filament.portal.pages.dashboard] not defined. {"userId":1,"exception":"[object] (Symfony\\Component\\Routing\\Exception\\RouteNotFoundException(code: 0): Route [filament.portal.pages.dashboard] not defined. at /home/skytech/ISP-BILLING-main/vendor/laravel/framework/src/Illuminate/Routing/UrlGenerator.php:534)
[stacktrace]
#0 /home/skytech/ISP-BILLING-main/vendor/laravel/framework/src/Illuminate/Foundation/helpers.php(870): Illuminate\\Routing\\UrlGenerator->route()
#1 /home/skytech/ISP-BILLING-main/vendor/filament/filament/src/Pages/Page.php(108): route()
#2 /home/skytech/ISP-BILLING-main/vendor/filament/filament/src/Pages/Page.php(272): Filament\\Pages\\Page::getUrl()
#3 /home/skytech/ISP-BILLING-main/vendor/filament/filament/src/Pages/Page.php(160): Filament\\Pages\\Page::getNavigationUrl()
#4 /home/skytech/ISP-BILLING-main/vendor/filament/filament/src/Pages/Page.php(139): Filament\\Pages\\Page::getNavigationItems()
#5 /home/skytech/ISP-BILLING-main/vendor/filament/filament/src/Navigation/NavigationManager.php(194): Filament\\Pages\\Page::registerNavigationItems()
#6 /home/skytech/ISP-BILLING-main/vendor/filament/filament/src/Navigation/NavigationManager.php(54): Filament\\Navigation\\NavigationManager->mountNavigation()
#7 /home/skytech/ISP-BILLING-main/vendor/filament/filament/src/Panel/Concerns/HasRoutes.php(225): Filament\\Navigation\\NavigationManager->get()
#8 /home/skytech/ISP-BILLING-main/vendor/filament/filament/src/Http/Controllers/RedirectToHomeController.php(14): Filament\\Panel->getRedirectUrl()
#9 /home/skytech/ISP-BILLING-main/vendor/laravel/framework/src/Illuminate/Routing/ControllerDispatcher.php(46): Filament\\Http\\Controllers\\RedirectToHomeController->__invoke()
#10 /home/skytech/ISP-BILLING-main/vendor/laravel/framework/src/Illuminate/Routing/Route.php(265): Illuminate\\Routing\\ControllerDispatcher->dispatch()
#11 /home/skytech/ISP-BILLING-main/vendor/laravel/framework/src/Illuminate/Routing/Route.php(211): Illuminate\\Routing\\Route->runController()
#12 /home/skytech/ISP-BILLING-main/vendor/laravel/framework/src/Illuminate/Routing/Router.php(822): Illuminate\\Routing\\Route->run()
#13 /home/skytech/ISP-BILLING-main/vendor/laravel/framework/src/Illuminate/Pipeline/Pipeline.php(180): Illuminate\\Routing\\Router->Illuminate\\Routing\\{closure}()
#14 /home/skytech/ISP-BILLING-main/vendor/filament/filament/src/Http/Middleware/DispatchServingFilamentEvent.php(15): Illuminate\\Pipeline\\Pipeline->Illuminate\\Pipeline\\{closure}()
#15 /home/skytech/ISP-BILLING-main/vendor/laravel/framework/src/Illuminate/Pipeline/Pipeline.php(219): Filament\\Http\\Middleware\\DispatchServingFilamentEvent->handle()
#16 /home/skytech/ISP-BILLING-main/vendor/filament/filament/src/Http/Middleware/DisableBladeIconComponents.php(14): Illuminate\\Pipeline\\Pipeline->Illuminate\\Pipeline\\{closure}()
#17 /home/skytech/ISP-BILLING-main/vendor/laravel/framework/src/Illuminate/Pipeline/Pipeline.php(219): Filament\\Http\\Middleware\\DisableBladeIconComponents->handle()
#18 /home/skytech/ISP-BILLING-main/vendor/laravel/framework/src/Illuminate/Routing/Middleware/SubstituteBindings.php(50): Illuminate\\Pipeline\\Pipeline->Illuminate\\Pipeline\\{closure}()
#19 /home/skytech/ISP-BILLING-main/vendor/laravel/framework/src/Illuminate/Pipeline/Pipeline.php(219): Illuminate\\Routing\\Middleware\\SubstituteBindings->handle()
#20 /home/skytech/ISP-BILLING-main/vendor/laravel/framework/src/Illuminate/Foundation/Http/Middleware/VerifyCsrfToken.php(87): Illuminate\\Pipeline\\Pipeline->Illuminate\\Pipeline\\{closure}()
#21 /home/skytech/ISP-BILLING-main/vendor/laravel/framework/src/Illuminate/Pipeline/Pipeline.php(219): Illuminate\\Foundation\\Http\\Middleware\\VerifyCsrfToken->handle()
#22 /home/skytech/ISP-BILLING-main/vendor/laravel/framework/src/Illuminate/Session/Middleware/AuthenticateSession.php(70): Illuminate\\Pipeline\\Pipeline->Illuminate\\Pipeline\\{closure}()
#23 /home/skytech/ISP-BILLING-main/vendor/laravel/framework/src/Illuminate/Pipeline/Pipeline.php(219): Illuminate\\Session\\Middleware\\AuthenticateSession->handle()
#24 /home/skytech/ISP-BILLING-main/vendor/laravel/framework/src/Illuminate/Auth/Middleware/Authenticate.php(63): Illuminate\\Pipeline\\Pipeline->Illuminate\\Pipeline\\{closure}()
#25 /home/skytech/ISP-BILLING-main/vendor/laravel/framework/src/Illuminate/Pipeline/Pipeline.php(219): Illuminate\\Auth\\Middleware\\Authenticate->handle()
#26 /home/skytech/ISP-BILLING-main/vendor/laravel/framework/src/Illuminate/View/Middleware/ShareErrorsFromSession.php(48): Illuminate\\Pipeline\\Pipeline->Illuminate\\Pipeline\\{closure}()
#27 /home/skytech/ISP-BILLING-main/vendor/laravel/framework/src/Illuminate/Pipeline/Pipeline.php(219): Illuminate\\View\\Middleware\\ShareErrorsFromSession->handle()
#28 /home/skytech/ISP-BILLING-main/vendor/laravel/framework/src/Illuminate/Session/Middleware/StartSession.php(120): Illuminate\\Pipeline\\Pipeline->Illuminate\\Pipeline\\{closure}()
#29 /home/skytech/ISP-BILLING-main/vendor/laravel/framework/src/Illuminate/Session/Middleware/StartSession.php(63): Illuminate\\Session\\Middleware\\StartSession->handleStatefulRequest()
#30 /home/skytech/ISP-BILLING-main/vendor/laravel/framework/src/Illuminate/Pipeline/Pipeline.php(219): Illuminate\\Session\\Middleware\\StartSession->handle()
#31 /home/skytech/ISP-BILLING-main/vendor/laravel/framework/src/Illuminate/Cookie/Middleware/AddQueuedCookiesToResponse.php(36): Illuminate\\Pipeline\\Pipeline->Illuminate\\Pipeline\\{closure}()
#32 /home/skytech/ISP-BILLING-main/vendor/laravel/framework/src/Illuminate/Pipeline/Pipeline.php(219): Illuminate\\Cookie\\Middleware\\AddQueuedCookiesToResponse->handle()
#33 /home/skytech/ISP-BILLING-main/vendor/laravel/framework/src/Illuminate/Cookie/Middleware/EncryptCookies.php(74): Illuminate\\Pipeline\\Pipeline->Illuminate\\Pipeline\\{closure}()
#34 /home/skytech/ISP-BILLING-main/vendor/laravel/framework/src/Illuminate/Pipeline/Pipeline.php(219): Illuminate\\Cookie\\Middleware\\EncryptCookies->handle()
#35 /home/skytech/ISP-BILLING-main/vendor/filament/filament/src/Http/Middleware/SetUpPanel.php(19): Illuminate\\Pipeline\\Pipeline->Illuminate\\Pipeline\\{closure}()
#36 /home/skytech/ISP-BILLING-main/vendor/laravel/framework/src/Illuminate/Pipeline/Pipeline.php(219): Filament\\Http\\Middleware\\SetUpPanel->handle()
#37 /home/skytech/ISP-BILLING-main/vendor/laravel/framework/src/Illuminate/Pipeline/Pipeline.php(137): Illuminate\\Pipeline\\Pipeline->Illuminate\\Pipeline\\{closure}()
#38 /home/skytech/ISP-BILLING-main/vendor/laravel/framework/src/Illuminate/Routing/Router.php(821): Illuminate\\Pipeline\\Pipeline->then()
#39 /home/skytech/ISP-BILLING-main/vendor/laravel/framework/src/Illuminate/Routing/Router.php(800): Illuminate\\Routing\\Router->runRouteWithinStack()
#40 /home/skytech/ISP-BILLING-main/vendor/laravel/framework/src/Illuminate/Routing/Router.php(764): Illuminate\\Routing\\Router->runRoute()
#41 /home/skytech/ISP-BILLING-main/vendor/laravel/framework/src/Illuminate/Routing/Router.php(753): Illuminate\\Routing\\Router->dispatchToRoute()
#42 /home/skytech/ISP-BILLING-main/vendor/laravel/framework/src/Illuminate/Foundation/Http/Kernel.php(200): Illuminate\\Routing\\Router->dispatch()
#43 /home/skytech/ISP-BILLING-main/vendor/laravel/framework/src/Illuminate/Pipeline/Pipeline.php(180): Illuminate\\Foundation\\Http\\Kernel->Illuminate\\Foundation\\Http\\{closure}()
#44 /home/skytech/ISP-BILLING-main/vendor/livewire/livewire/src/Features/SupportDisablingBackButtonCache/DisableBackButtonCacheMiddleware.php(19): Illuminate\\Pipeline\\Pipeline->Illuminate\\Pipeline\\{closure}()
#45 /home/skytech/ISP-BILLING-main/vendor/laravel/framework/src/Illuminate/Pipeline/Pipeline.php(219): Livewire\\Features\\SupportDisablingBackButtonCache\\DisableBackButtonCacheMiddleware->handle()
#46 /home/skytech/ISP-BILLING-main/app/Http/Middleware/CheckSiteStatus.php(55): Illuminate\\Pipeline\\Pipeline->Illuminate\\Pipeline\\{closure}()
#47 /home/skytech/ISP-BILLING-main/vendor/laravel/framework/src/Illuminate/Pipeline/Pipeline.php(219): App\\Http\\Middleware\\CheckSiteStatus->handle()
#48 /home/skytech/ISP-BILLING-main/vendor/laravel/framework/src/Illuminate/Foundation/Http/Middleware/TransformsRequest.php(21): Illuminate\\Pipeline\\Pipeline->Illuminate\\Pipeline\\{closure}()
#49 /home/skytech/ISP-BILLING-main/vendor/laravel/framework/src/Illuminate/Foundation/Http/Middleware/ConvertEmptyStringsToNull.php(31): Illuminate\\Foundation\\Http\\Middleware\\TransformsRequest->handle()
#50 /home/skytech/ISP-BILLING-main/vendor/laravel/framework/src/Illuminate/Pipeline/Pipeline.php(219): Illuminate\\Foundation\\Http\\Middleware\\ConvertEmptyStringsToNull->handle()
#51 /home/skytech/ISP-BILLING-main/vendor/laravel/framework/src/Illuminate/Foundation/Http/Middleware/TransformsRequest.php(21): Illuminate\\Pipeline\\Pipeline->Illuminate\\Pipeline\\{closure}()
#52 /home/skytech/ISP-BILLING-main/vendor/laravel/framework/src/Illuminate/Foundation/Http/Middleware/TrimStrings.php(51): Illuminate\\Foundation\\Http\\Middleware\\TransformsRequest->handle()
#53 /home/skytech/ISP-BILLING-main/vendor/laravel/framework/src/Illuminate/Pipeline/Pipeline.php(219): Illuminate\\Foundation\\Http\\Middleware\\TrimStrings->handle()
#54 /home/skytech/ISP-BILLING-main/vendor/laravel/framework/src/Illuminate/Http/Middleware/ValidatePostSize.php(27): Illuminate\\Pipeline\\Pipeline->Illuminate\\Pipeline\\{closure}()
#55 /home/skytech/ISP-BILLING-main/vendor/laravel/framework/src/Illuminate/Pipeline/Pipeline.php(219): Illuminate\\Http\\Middleware\\ValidatePostSize->handle()
#56 /home/skytech/ISP-BILLING-main/vendor/laravel/framework/src/Illuminate/Foundation/Http/Middleware/PreventRequestsDuringMaintenance.php(109): Illuminate\\Pipeline\\Pipeline->Illuminate\\Pipeline\\{closure}()
#57 /home/skytech/ISP-BILLING-main/vendor/laravel/framework/src/Illuminate/Pipeline/Pipeline.php(219): Illuminate\\Foundation\\Http\\Middleware\\PreventRequestsDuringMaintenance->handle()
#58 /home/skytech/ISP-BILLING-main/vendor/laravel/framework/src/Illuminate/Http/Middleware/HandleCors.php(61): Illuminate\\Pipeline\\Pipeline->Illuminate\\Pipeline\\{closure}()
#59 /home/skytech/ISP-BILLING-main/vendor/laravel/framework/src/Illuminate/Pipeline/Pipeline.php(219): Illuminate\\Http\\Middleware\\HandleCors->handle()
#60 /home/skytech/ISP-BILLING-main/vendor/laravel/framework/src/Illuminate/Http/Middleware/TrustProxies.php(58): Illuminate\\Pipeline\\Pipeline->Illuminate\\Pipeline\\{closure}()
#61 /home/skytech/ISP-BILLING-main/vendor/laravel/framework/src/Illuminate/Pipeline/Pipeline.php(219): Illuminate\\Http\\Middleware\\TrustProxies->handle()
#62 /home/skytech/ISP-BILLING-main/vendor/laravel/framework/src/Illuminate/Foundation/Http/Middleware/InvokeDeferredCallbacks.php(22): Illuminate\\Pipeline\\Pipeline->Illuminate\\Pipeline\\{closure}()
#63 /home/skytech/ISP-BILLING-main/vendor/laravel/framework/src/Illuminate/Pipeline/Pipeline.php(219): Illuminate\\Foundation\\Http\\Middleware\\InvokeDeferredCallbacks->handle()
#64 /home/skytech/ISP-BILLING-main/vendor/laravel/framework/src/Illuminate/Http/Middleware/ValidatePathEncoding.php(26): Illuminate\\Pipeline\\Pipeline->Illuminate\\Pipeline\\{closure}()
#65 /home/skytech/ISP-BILLING-main/vendor/laravel/framework/src/Illuminate/Pipeline/Pipeline.php(219): Illuminate\\Http\\Middleware\\ValidatePathEncoding->handle()
#66 /home/skytech/ISP-BILLING-main/vendor/laravel/framework/src/Illuminate/Pipeline/Pipeline.php(137): Illuminate\\Pipeline\\Pipeline->Illuminate\\Pipeline\\{closure}()
#67 /home/skytech/ISP-BILLING-main/vendor/laravel/framework/src/Illuminate/Foundation/Http/Kernel.php(175): Illuminate\\Pipeline\\Pipeline->then()
#68 /home/skytech/ISP-BILLING-main/vendor/laravel/framework/src/Illuminate/Foundation/Http/Kernel.php(144): Illuminate\\Foundation\\Http\\Kernel->sendRequestThroughRouter()
#69 /home/skytech/ISP-BILLING-main/vendor/laravel/framework/src/Illuminate/Foundation/Application.php(1220): Illuminate\\Foundation\\Http\\Kernel->handle()
#70 /home/skytech/ISP-BILLING-main/public/index.php(20): Illuminate\\Foundation\\Application->handleRequest()
#71 {main}
"} 
[2026-09-25 11:59:14] production.ERROR: Route [filament.portal.pages.dashboard] not defined. {"userId":1,"exception":"[object] (Symfony\\Component\\Routing\\Exception\\RouteNotFoundException(code: 0): Route [filament.portal.pages.dashboard] not defined. at /home/skytech/ISP-BILLING-main/vendor/laravel/framework/src/Illuminate/Routing/UrlGenerator.php:534)
[stacktrace]
#0 /home/skytech/ISP-BILLING-main/vendor/laravel/framework/src/Illuminate/Foundation/helpers.php(870): Illuminate\\Routing\\UrlGenerator->route()
#1 /home/skytech/ISP-BILLING-main/vendor/filament/filament/src/Pages/Page.php(108): route()
#2 /home/skytech/ISP-BILLING-main/vendor/filament/filament/src/Pages/Page.php(272): Filament\\Pages\\Page::getUrl()
#3 /home/skytech/ISP-BILLING-main/vendor/filament/filament/src/Pages/Page.php(160): Filament\\Pages\\Page::getNavigationUrl()
#4 /home/skytech/ISP-BILLING-main/vendor/filament/filament/src/Pages/Page.php(139): Filament\\Pages\\Page::getNavigationItems()
#5 /home/skytech/ISP-BILLING-main/vendor/filament/filament/src/Navigation/NavigationManager.php(194): Filament\\Pages\\Page::registerNavigationItems()
#6 /home/skytech/ISP-BILLING-main/vendor/filament/filament/src/Navigation/NavigationManager.php(54): Filament\\Navigation\\NavigationManager->mountNavigation()
#7 /home/skytech/ISP-BILLING-main/vendor/filament/filament/src/Panel/Concerns/HasRoutes.php(225): Filament\\Navigation\\NavigationManager->get()
#8 /home/skytech/ISP-BILLING-main/vendor/filament/filament/src/Http/Controllers/RedirectToHomeController.php(14): Filament\\Panel->getRedirectUrl()
#9 /home/skytech/ISP-BILLING-main/vendor/laravel/framework/src/Illuminate/Routing/ControllerDispatcher.php(46): Filament\\Http\\Controllers\\RedirectToHomeController->__invoke()
#10 /home/skytech/ISP-BILLING-main/vendor/laravel/framework/src/Illuminate/Routing/Route.php(265): Illuminate\\Routing\\ControllerDispatcher->dispatch()
#11 /home/skytech/ISP-BILLING-main/vendor/laravel/framework/src/Illuminate/Routing/Route.php(211): Illuminate\\Routing\\Route->runController()
#12 /home/skytech/ISP-BILLING-main/vendor/laravel/framework/src/Illuminate/Routing/Router.php(822): Illuminate\\Routing\\Route->run()
#13 /home/skytech/ISP-BILLING-main/vendor/laravel/framework/src/Illuminate/Pipeline/Pipeline.php(180): Illuminate\\Routing\\Router->Illuminate\\Routing\\{closure}()
#14 /home/skytech/ISP-BILLING-main/vendor/filament/filament/src/Http/Middleware/DispatchServingFilamentEvent.php(15): Illuminate\\Pipeline\\Pipeline->Illuminate\\Pipeline\\{closure}()
#15 /home/skytech/ISP-BILLING-main/vendor/laravel/framework/src/Illuminate/Pipeline/Pipeline.php(219): Filament\\Http\\Middleware\\DispatchServingFilamentEvent->handle()
#16 /home/skytech/ISP-BILLING-main/vendor/filament/filament/src/Http/Middleware/DisableBladeIconComponents.php(14): Illuminate\\Pipeline\\Pipeline->Illuminate\\Pipeline\\{closure}()
#17 /home/skytech/ISP-BILLING-main/vendor/laravel/framework/src/Illuminate/Pipeline/Pipeline.php(219): Filament\\Http\\Middleware\\DisableBladeIconComponents->handle()
#18 /home/skytech/ISP-BILLING-main/vendor/laravel/framework/src/Illuminate/Routing/Middleware/SubstituteBindings.php(50): Illuminate\\Pipeline\\Pipeline->Illuminate\\Pipeline\\{closure}()
#19 /home/skytech/ISP-BILLING-main/vendor/laravel/framework/src/Illuminate/Pipeline/Pipeline.php(219): Illuminate\\Routing\\Middleware\\SubstituteBindings->handle()
#20 /home/skytech/ISP-BILLING-main/vendor/laravel/framework/src/Illuminate/Foundation/Http/Middleware/VerifyCsrfToken.php(87): Illuminate\\Pipeline\\Pipeline->Illuminate\\Pipeline\\{closure}()
#21 /home/skytech/ISP-BILLING-main/vendor/laravel/framework/src/Illuminate/Pipeline/Pipeline.php(219): Illuminate\\Foundation\\Http\\Middleware\\VerifyCsrfToken->handle()
#22 /home/skytech/ISP-BILLING-main/vendor/laravel/framework/src/Illuminate/Session/Middleware/AuthenticateSession.php(70): Illuminate\\Pipeline\\Pipeline->Illuminate\\Pipeline\\{closure}()
#23 /home/skytech/ISP-BILLING-main/vendor/laravel/framework/src/Illuminate/Pipeline/Pipeline.php(219): Illuminate\\Session\\Middleware\\AuthenticateSession->handle()
#24 /home/skytech/ISP-BILLING-main/vendor/laravel/framework/src/Illuminate/Auth/Middleware/Authenticate.php(63): Illuminate\\Pipeline\\Pipeline->Illuminate\\Pipeline\\{closure}()
#25 /home/skytech/ISP-BILLING-main/vendor/laravel/framework/src/Illuminate/Pipeline/Pipeline.php(219): Illuminate\\Auth\\Middleware\\Authenticate->handle()
#26 /home/skytech/ISP-BILLING-main/vendor/laravel/framework/src/Illuminate/View/Middleware/ShareErrorsFromSession.php(48): Illuminate\\Pipeline\\Pipeline->Illuminate\\Pipeline\\{closure}()
#27 /home/skytech/ISP-BILLING-main/vendor/laravel/framework/src/Illuminate/Pipeline/Pipeline.php(219): Illuminate\\View\\Middleware\\ShareErrorsFromSession->handle()
#28 /home/skytech/ISP-BILLING-main/vendor/laravel/framework/src/Illuminate/Session/Middleware/StartSession.php(120): Illuminate\\Pipeline\\Pipeline->Illuminate\\Pipeline\\{closure}()
#29 /home/skytech/ISP-BILLING-main/vendor/laravel/framework/src/Illuminate/Session/Middleware/StartSession.php(63): Illuminate\\Session\\Middleware\\StartSession->handleStatefulRequest()
#30 /home/skytech/ISP-BILLING-main/vendor/laravel/framework/src/Illuminate/Pipeline/Pipeline.php(219): Illuminate\\Session\\Middleware\\StartSession->handle()
#31 /home/skytech/ISP-BILLING-main/vendor/laravel/framework/src/Illuminate/Cookie/Middleware/AddQueuedCookiesToResponse.php(36): Illuminate\\Pipeline\\Pipeline->Illuminate\\Pipeline\\{closure}()
#32 /home/skytech/ISP-BILLING-main/vendor/laravel/framework/src/Illuminate/Pipeline/Pipeline.php(219): Illuminate\\Cookie\\Middleware\\AddQueuedCookiesToResponse->handle()
#33 /home/skytech/ISP-BILLING-main/vendor/laravel/framework/src/Illuminate/Cookie/Middleware/EncryptCookies.php(74): Illuminate\\Pipeline\\Pipeline->Illuminate\\Pipeline\\{closure}()
#34 /home/skytech/ISP-BILLING-main/vendor/laravel/framework/src/Illuminate/Pipeline/Pipeline.php(219): Illuminate\\Cookie\\Middleware\\EncryptCookies->handle()
#35 /home/skytech/ISP-BILLING-main/vendor/filament/filament/src/Http/Middleware/SetUpPanel.php(19): Illuminate\\Pipeline\\Pipeline->Illuminate\\Pipeline\\{closure}()
#36 /home/skytech/ISP-BILLING-main/vendor/laravel/framework/src/Illuminate/Pipeline/Pipeline.php(219): Filament\\Http\\Middleware\\SetUpPanel->handle()
#37 /home/skytech/ISP-BILLING-main/vendor/laravel/framework/src/Illuminate/Pipeline/Pipeline.php(137): Illuminate\\Pipeline\\Pipeline->Illuminate\\Pipeline\\{closure}()
#38 /home/skytech/ISP-BILLING-main/vendor/laravel/framework/src/Illuminate/Routing/Router.php(821): Illuminate\\Pipeline\\Pipeline->then()
#39 /home/skytech/ISP-BILLING-main/vendor/laravel/framework/src/Illuminate/Routing/Router.php(800): Illuminate\\Routing\\Router->runRouteWithinStack()
#40 /home/skytech/ISP-BILLING-main/vendor/laravel/framework/src/Illuminate/Routing/Router.php(764): Illuminate\\Routing\\Router->runRoute()
#41 /home/skytech/ISP-BILLING-main/vendor/laravel/framework/src/Illuminate/Routing/Router.php(753): Illuminate\\Routing\\Router->dispatchToRoute()
#42 /home/skytech/ISP-BILLING-main/vendor/laravel/framework/src/Illuminate/Foundation/Http/Kernel.php(200): Illuminate\\Routing\\Router->dispatch()
#43 /home/skytech/ISP-BILLING-main/vendor/laravel/framework/src/Illuminate/Pipeline/Pipeline.php(180): Illuminate\\Foundation\\Http\\Kernel->Illuminate\\Foundation\\Http\\{closure}()
#44 /home/skytech/ISP-BILLING-main/vendor/livewire/livewire/src/Features/SupportDisablingBackButtonCache/DisableBackButtonCacheMiddleware.php(19): Illuminate\\Pipeline\\Pipeline->Illuminate\\Pipeline\\{closure}()
#45 /home/skytech/ISP-BILLING-main/vendor/laravel/framework/src/Illuminate/Pipeline/Pipeline.php(219): Livewire\\Features\\SupportDisablingBackButtonCache\\DisableBackButtonCacheMiddleware->handle()
#46 /home/skytech/ISP-BILLING-main/app/Http/Middleware/CheckSiteStatus.php(55): Illuminate\\Pipeline\\Pipeline->Illuminate\\Pipeline\\{closure}()
#47 /home/skytech/ISP-BILLING-main/vendor/laravel/framework/src/Illuminate/Pipeline/Pipeline.php(219): App\\Http\\Middleware\\CheckSiteStatus->handle()
#48 /home/skytech/ISP-BILLING-main/vendor/laravel/framework/src/Illuminate/Foundation/Http/Middleware/TransformsRequest.php(21): Illuminate\\Pipeline\\Pipeline->Illuminate\\Pipeline\\{closure}()
#49 /home/skytech/ISP-BILLING-main/vendor/laravel/framework/src/Illuminate/Foundation/Http/Middleware/ConvertEmptyStringsToNull.php(31): Illuminate\\Foundation\\Http\\Middleware\\TransformsRequest->handle()
#50 /home/skytech/ISP-BILLING-main/vendor/laravel/framework/src/Illuminate/Pipeline/Pipeline.php(219): Illuminate\\Foundation\\Http\\Middleware\\ConvertEmptyStringsToNull->handle()
#51 /home/skytech/ISP-BILLING-main/vendor/laravel/framework/src/Illuminate/Foundation/Http/Middleware/TransformsRequest.php(21): Illuminate\\Pipeline\\Pipeline->Illuminate\\Pipeline\\{closure}()
#52 /home/skytech/ISP-BILLING-main/vendor/laravel/framework/src/Illuminate/Foundation/Http/Middleware/TrimStrings.php(51): Illuminate\\Foundation\\Http\\Middleware\\TransformsRequest->handle()
#53 /home/skytech/ISP-BILLING-main/vendor/laravel/framework/src/Illuminate/Pipeline/Pipeline.php(219): Illuminate\\Foundation\\Http\\Middleware\\TrimStrings->handle()
#54 /home/skytech/ISP-BILLING-main/vendor/laravel/framework/src/Illuminate/Http/Middleware/ValidatePostSize.php(27): Illuminate\\Pipeline\\Pipeline->Illuminate\\Pipeline\\{closure}()
#55 /home/skytech/ISP-BILLING-main/vendor/laravel/framework/src/Illuminate/Pipeline/Pipeline.php(219): Illuminate\\Http\\Middleware\\ValidatePostSize->handle()
#56 /home/skytech/ISP-BILLING-main/vendor/laravel/framework/src/Illuminate/Foundation/Http/Middleware/PreventRequestsDuringMaintenance.php(109): Illuminate\\Pipeline\\Pipeline->Illuminate\\Pipeline\\{closure}()
#57 /home/skytech/ISP-BILLING-main/vendor/laravel/framework/src/Illuminate/Pipeline/Pipeline.php(219): Illuminate\\Foundation\\Http\\Middleware\\PreventRequestsDuringMaintenance->handle()
#58 /home/skytech/ISP-BILLING-main/vendor/laravel/framework/src/Illuminate/Http/Middleware/HandleCors.php(61): Illuminate\\Pipeline\\Pipeline->Illuminate\\Pipeline\\{closure}()
#59 /home/skytech/ISP-BILLING-main/vendor/laravel/framework/src/Illuminate/Pipeline/Pipeline.php(219): Illuminate\\Http\\Middleware\\HandleCors->handle()
#60 /home/skytech/ISP-BILLING-main/vendor/laravel/framework/src/Illuminate/Http/Middleware/TrustProxies.php(58): Illuminate\\Pipeline\\Pipeline->Illuminate\\Pipeline\\{closure}()
#61 /home/skytech/ISP-BILLING-main/vendor/laravel/framework/src/Illuminate/Pipeline/Pipeline.php(219): Illuminate\\Http\\Middleware\\TrustProxies->handle()
#62 /home/skytech/ISP-BILLING-main/vendor/laravel/framework/src/Illuminate/Foundation/Http/Middleware/InvokeDeferredCallbacks.php(22): Illuminate\\Pipeline\\Pipeline->Illuminate\\Pipeline\\{closure}()
#63 /home/skytech/ISP-BILLING-main/vendor/laravel/framework/src/Illuminate/Pipeline/Pipeline.php(219): Illuminate\\Foundation\\Http\\Middleware\\InvokeDeferredCallbacks->handle()
#64 /home/skytech/ISP-BILLING-main/vendor/laravel/framework/src/Illuminate/Http/Middleware/ValidatePathEncoding.php(26): Illuminate\\Pipeline\\Pipeline->Illuminate\\Pipeline\\{closure}()
#65 /home/skytech/ISP-BILLING-main/vendor/laravel/framework/src/Illuminate/Pipeline/Pipeline.php(219): Illuminate\\Http\\Middleware\\ValidatePathEncoding->handle()
#66 /home/skytech/ISP-BILLING-main/vendor/laravel/framework/src/Illuminate/Pipeline/Pipeline.php(137): Illuminate\\Pipeline\\Pipeline->Illuminate\\Pipeline\\{closure}()
#67 /home/skytech/ISP-BILLING-main/vendor/laravel/framework/src/Illuminate/Foundation/Http/Kernel.php(175): Illuminate\\Pipeline\\Pipeline->then()
#68 /home/skytech/ISP-BILLING-main/vendor/laravel/framework/src/Illuminate/Foundation/Http/Kernel.php(144): Illuminate\\Foundation\\Http\\Kernel->sendRequestThroughRouter()
#69 /home/skytech/ISP-BILLING-main/vendor/laravel/framework/src/Illuminate/Foundation/Application.php(1220): Illuminate\\Foundation\\Http\\Kernel->handle()
#70 /home/skytech/ISP-BILLING-main/public/index.php(20): Illuminate\\Foundation\\Application->handleRequest()
#71 {main}
"} 
[2026-09-25 12:06:16] production.ERROR: Route [filament.portal.pages.dashboard] not defined. {"userId":1,"exception":"[object] (Symfony\\Component\\Routing\\Exception\\RouteNotFoundException(code: 0): Route [filament.portal.pages.dashboard] not defined. at /home/skytech/ISP-BILLING-main/vendor/laravel/framework/src/Illuminate/Routing/UrlGenerator.php:534)
[stacktrace]
#0 /home/skytech/ISP-BILLING-main/vendor/laravel/framework/src/Illuminate/Foundation/helpers.php(870): Illuminate\\Routing\\UrlGenerator->route()
#1 /home/skytech/ISP-BILLING-main/vendor/filament/filament/src/Pages/Page.php(108): route()
#2 /home/skytech/ISP-BILLING-main/vendor/filament/filament/src/Pages/Page.php(272): Filament\\Pages\\Page::getUrl()
#3 /home/skytech/ISP-BILLING-main/vendor/filament/filament/src/Pages/Page.php(160): Filament\\Pages\\Page::getNavigationUrl()
#4 /home/skytech/ISP-BILLING-main/vendor/filament/filament/src/Pages/Page.php(139): Filament\\Pages\\Page::getNavigationItems()
#5 /home/skytech/ISP-BILLING-main/vendor/filament/filament/src/Navigation/NavigationManager.php(194): Filament\\Pages\\Page::registerNavigationItems()
#6 /home/skytech/ISP-BILLING-main/vendor/filament/filament/src/Navigation/NavigationManager.php(54): Filament\\Navigation\\NavigationManager->mountNavigation()
#7 /home/skytech/ISP-BILLING-main/vendor/filament/filament/src/Panel/Concerns/HasRoutes.php(225): Filament\\Navigation\\NavigationManager->get()
#8 /home/skytech/ISP-BILLING-main/vendor/filament/filament/src/Http/Controllers/RedirectToHomeController.php(14): Filament\\Panel->getRedirectUrl()
#9 /home/skytech/ISP-BILLING-main/vendor/laravel/framework/src/Illuminate/Routing/ControllerDispatcher.php(46): Filament\\Http\\Controllers\\RedirectToHomeController->__invoke()
#10 /home/skytech/ISP-BILLING-main/vendor/laravel/framework/src/Illuminate/Routing/Route.php(265): Illuminate\\Routing\\ControllerDispatcher->dispatch()
#11 /home/skytech/ISP-BILLING-main/vendor/laravel/framework/src/Illuminate/Routing/Route.php(211): Illuminate\\Routing\\Route->runController()
#12 /home/skytech/ISP-BILLING-main/vendor/laravel/framework/src/Illuminate/Routing/Router.php(822): Illuminate\\Routing\\Route->run()
#13 /home/skytech/ISP-BILLING-main/vendor/laravel/framework/src/Illuminate/Pipeline/Pipeline.php(180): Illuminate\\Routing\\Router->Illuminate\\Routing\\{closure}()
#14 /home/skytech/ISP-BILLING-main/vendor/filament/filament/src/Http/Middleware/DispatchServingFilamentEvent.php(15): Illuminate\\Pipeline\\Pipeline->Illuminate\\Pipeline\\{closure}()
#15 /home/skytech/ISP-BILLING-main/vendor/laravel/framework/src/Illuminate/Pipeline/Pipeline.php(219): Filament\\Http\\Middleware\\DispatchServingFilamentEvent->handle()
#16 /home/skytech/ISP-BILLING-main/vendor/filament/filament/src/Http/Middleware/DisableBladeIconComponents.php(14): Illuminate\\Pipeline\\Pipeline->Illuminate\\Pipeline\\{closure}()
#17 /home/skytech/ISP-BILLING-main/vendor/laravel/framework/src/Illuminate/Pipeline/Pipeline.php(219): Filament\\Http\\Middleware\\DisableBladeIconComponents->handle()
#18 /home/skytech/ISP-BILLING-main/vendor/laravel/framework/src/Illuminate/Routing/Middleware/SubstituteBindings.php(50): Illuminate\\Pipeline\\Pipeline->Illuminate\\Pipeline\\{closure}()
#19 /home/skytech/ISP-BILLING-main/vendor/laravel/framework/src/Illuminate/Pipeline/Pipeline.php(219): Illuminate\\Routing\\Middleware\\SubstituteBindings->handle()
#20 /home/skytech/ISP-BILLING-main/vendor/laravel/framework/src/Illuminate/Foundation/Http/Middleware/VerifyCsrfToken.php(87): Illuminate\\Pipeline\\Pipeline->Illuminate\\Pipeline\\{closure}()
#21 /home/skytech/ISP-BILLING-main/vendor/laravel/framework/src/Illuminate/Pipeline/Pipeline.php(219): Illuminate\\Foundation\\Http\\Middleware\\VerifyCsrfToken->handle()
#22 /home/skytech/ISP-BILLING-main/vendor/laravel/framework/src/Illuminate/Session/Middleware/AuthenticateSession.php(70): Illuminate\\Pipeline\\Pipeline->Illuminate\\Pipeline\\{closure}()
#23 /home/skytech/ISP-BILLING-main/vendor/laravel/framework/src/Illuminate/Pipeline/Pipeline.php(219): Illuminate\\Session\\Middleware\\AuthenticateSession->handle()
#24 /home/skytech/ISP-BILLING-main/vendor/laravel/framework/src/Illuminate/Auth/Middleware/Authenticate.php(63): Illuminate\\Pipeline\\Pipeline->Illuminate\\Pipeline\\{closure}()
#25 /home/skytech/ISP-BILLING-main/vendor/laravel/framework/src/Illuminate/Pipeline/Pipeline.php(219): Illuminate\\Auth\\Middleware\\Authenticate->handle()
#26 /home/skytech/ISP-BILLING-main/vendor/laravel/framework/src/Illuminate/View/Middleware/ShareErrorsFromSession.php(48): Illuminate\\Pipeline\\Pipeline->Illuminate\\Pipeline\\{closure}()
#27 /home/skytech/ISP-BILLING-main/vendor/laravel/framework/src/Illuminate/Pipeline/Pipeline.php(219): Illuminate\\View\\Middleware\\ShareErrorsFromSession->handle()
#28 /home/skytech/ISP-BILLING-main/vendor/laravel/framework/src/Illuminate/Session/Middleware/StartSession.php(120): Illuminate\\Pipeline\\Pipeline->Illuminate\\Pipeline\\{closure}()
#29 /home/skytech/ISP-BILLING-main/vendor/laravel/framework/src/Illuminate/Session/Middleware/StartSession.php(63): Illuminate\\Session\\Middleware\\StartSession->handleStatefulRequest()
#30 /home/skytech/ISP-BILLING-main/vendor/laravel/framework/src/Illuminate/Pipeline/Pipeline.php(219): Illuminate\\Session\\Middleware\\StartSession->handle()
#31 /home/skytech/ISP-BILLING-main/vendor/laravel/framework/src/Illuminate/Cookie/Middleware/AddQueuedCookiesToResponse.php(36): Illuminate\\Pipeline\\Pipeline->Illuminate\\Pipeline\\{closure}()
#32 /home/skytech/ISP-BILLING-main/vendor/laravel/framework/src/Illuminate/Pipeline/Pipeline.php(219): Illuminate\\Cookie\\Middleware\\AddQueuedCookiesToResponse->handle()
#33 /home/skytech/ISP-BILLING-main/vendor/laravel/framework/src/Illuminate/Cookie/Middleware/EncryptCookies.php(74): Illuminate\\Pipeline\\Pipeline->Illuminate\\Pipeline\\{closure}()
#34 /home/skytech/ISP-BILLING-main/vendor/laravel/framework/src/Illuminate/Pipeline/Pipeline.php(219): Illuminate\\Cookie\\Middleware\\EncryptCookies->handle()
#35 /home/skytech/ISP-BILLING-main/vendor/filament/filament/src/Http/Middleware/SetUpPanel.php(19): Illuminate\\Pipeline\\Pipeline->Illuminate\\Pipeline\\{closure}()
#36 /home/skytech/ISP-BILLING-main/vendor/laravel/framework/src/Illuminate/Pipeline/Pipeline.php(219): Filament\\Http\\Middleware\\SetUpPanel->handle()
#37 /home/skytech/ISP-BILLING-main/vendor/laravel/framework/src/Illuminate/Pipeline/Pipeline.php(137): Illuminate\\Pipeline\\Pipeline->Illuminate\\Pipeline\\{closure}()
#38 /home/skytech/ISP-BILLING-main/vendor/laravel/framework/src/Illuminate/Routing/Router.php(821): Illuminate\\Pipeline\\Pipeline->then()
#39 /home/skytech/ISP-BILLING-main/vendor/laravel/framework/src/Illuminate/Routing/Router.php(800): Illuminate\\Routing\\Router->runRouteWithinStack()
#40 /home/skytech/ISP-BILLING-main/vendor/laravel/framework/src/Illuminate/Routing/Router.php(764): Illuminate\\Routing\\Router->runRoute()
#41 /home/skytech/ISP-BILLING-main/vendor/laravel/framework/src/Illuminate/Routing/Router.php(753): Illuminate\\Routing\\Router->dispatchToRoute()
#42 /home/skytech/ISP-BILLING-main/vendor/laravel/framework/src/Illuminate/Foundation/Http/Kernel.php(200): Illuminate\\Routing\\Router->dispatch()
#43 /home/skytech/ISP-BILLING-main/vendor/laravel/framework/src/Illuminate/Pipeline/Pipeline.php(180): Illuminate\\Foundation\\Http\\Kernel->Illuminate\\Foundation\\Http\\{closure}()
#44 /home/skytech/ISP-BILLING-main/vendor/livewire/livewire/src/Features/SupportDisablingBackButtonCache/DisableBackButtonCacheMiddleware.php(19): Illuminate\\Pipeline\\Pipeline->Illuminate\\Pipeline\\{closure}()
#45 /home/skytech/ISP-BILLING-main/vendor/laravel/framework/src/Illuminate/Pipeline/Pipeline.php(219): Livewire\\Features\\SupportDisablingBackButtonCache\\DisableBackButtonCacheMiddleware->handle()
#46 /home/skytech/ISP-BILLING-main/app/Http/Middleware/CheckSiteStatus.php(55): Illuminate\\Pipeline\\Pipeline->Illuminate\\Pipeline\\{closure}()
#47 /home/skytech/ISP-BILLING-main/vendor/laravel/framework/src/Illuminate/Pipeline/Pipeline.php(219): App\\Http\\Middleware\\CheckSiteStatus->handle()
#48 /home/skytech/ISP-BILLING-main/vendor/laravel/framework/src/Illuminate/Foundation/Http/Middleware/TransformsRequest.php(21): Illuminate\\Pipeline\\Pipeline->Illuminate\\Pipeline\\{closure}()
#49 /home/skytech/ISP-BILLING-main/vendor/laravel/framework/src/Illuminate/Foundation/Http/Middleware/ConvertEmptyStringsToNull.php(31): Illuminate\\Foundation\\Http\\Middleware\\TransformsRequest->handle()
#50 /home/skytech/ISP-BILLING-main/vendor/laravel/framework/src/Illuminate/Pipeline/Pipeline.php(219): Illuminate\\Foundation\\Http\\Middleware\\ConvertEmptyStringsToNull->handle()
#51 /home/skytech/ISP-BILLING-main/vendor/laravel/framework/src/Illuminate/Foundation/Http/Middleware/TransformsRequest.php(21): Illuminate\\Pipeline\\Pipeline->Illuminate\\Pipeline\\{closure}()
#52 /home/skytech/ISP-BILLING-main/vendor/laravel/framework/src/Illuminate/Foundation/Http/Middleware/TrimStrings.php(51): Illuminate\\Foundation\\Http\\Middleware\\TransformsRequest->handle()
#53 /home/skytech/ISP-BILLING-main/vendor/laravel/framework/src/Illuminate/Pipeline/Pipeline.php(219): Illuminate\\Foundation\\Http\\Middleware\\TrimStrings->handle()
#54 /home/skytech/ISP-BILLING-main/vendor/laravel/framework/src/Illuminate/Http/Middleware/ValidatePostSize.php(27): Illuminate\\Pipeline\\Pipeline->Illuminate\\Pipeline\\{closure}()
#55 /home/skytech/ISP-BILLING-main/vendor/laravel/framework/src/Illuminate/Pipeline/Pipeline.php(219): Illuminate\\Http\\Middleware\\ValidatePostSize->handle()
#56 /home/skytech/ISP-BILLING-main/vendor/laravel/framework/src/Illuminate/Foundation/Http/Middleware/PreventRequestsDuringMaintenance.php(109): Illuminate\\Pipeline\\Pipeline->Illuminate\\Pipeline\\{closure}()
#57 /home/skytech/ISP-BILLING-main/vendor/laravel/framework/src/Illuminate/Pipeline/Pipeline.php(219): Illuminate\\Foundation\\Http\\Middleware\\PreventRequestsDuringMaintenance->handle()
#58 /home/skytech/ISP-BILLING-main/vendor/laravel/framework/src/Illuminate/Http/Middleware/HandleCors.php(61): Illuminate\\Pipeline\\Pipeline->Illuminate\\Pipeline\\{closure}()
#59 /home/skytech/ISP-BILLING-main/vendor/laravel/framework/src/Illuminate/Pipeline/Pipeline.php(219): Illuminate\\Http\\Middleware\\HandleCors->handle()
#60 /home/skytech/ISP-BILLING-main/vendor/laravel/framework/src/Illuminate/Http/Middleware/TrustProxies.php(58): Illuminate\\Pipeline\\Pipeline->Illuminate\\Pipeline\\{closure}()
#61 /home/skytech/ISP-BILLING-main/vendor/laravel/framework/src/Illuminate/Pipeline/Pipeline.php(219): Illuminate\\Http\\Middleware\\TrustProxies->handle()
#62 /home/skytech/ISP-BILLING-main/vendor/laravel/framework/src/Illuminate/Foundation/Http/Middleware/InvokeDeferredCallbacks.php(22): Illuminate\\Pipeline\\Pipeline->Illuminate\\Pipeline\\{closure}()
#63 /home/skytech/ISP-BILLING-main/vendor/laravel/framework/src/Illuminate/Pipeline/Pipeline.php(219): Illuminate\\Foundation\\Http\\Middleware\\InvokeDeferredCallbacks->handle()
#64 /home/skytech/ISP-BILLING-main/vendor/laravel/framework/src/Illuminate/Http/Middleware/ValidatePathEncoding.php(26): Illuminate\\Pipeline\\Pipeline->Illuminate\\Pipeline\\{closure}()
#65 /home/skytech/ISP-BILLING-main/vendor/laravel/framework/src/Illuminate/Pipeline/Pipeline.php(219): Illuminate\\Http\\Middleware\\ValidatePathEncoding->handle()
#66 /home/skytech/ISP-BILLING-main/vendor/laravel/framework/src/Illuminate/Pipeline/Pipeline.php(137): Illuminate\\Pipeline\\Pipeline->Illuminate\\Pipeline\\{closure}()
#67 /home/skytech/ISP-BILLING-main/vendor/laravel/framework/src/Illuminate/Foundation/Http/Kernel.php(175): Illuminate\\Pipeline\\Pipeline->then()
#68 /home/skytech/ISP-BILLING-main/vendor/laravel/framework/src/Illuminate/Foundation/Http/Kernel.php(144): Illuminate\\Foundation\\Http\\Kernel->sendRequestThroughRouter()
#69 /home/skytech/ISP-BILLING-main/vendor/laravel/framework/src/Illuminate/Foundation/Application.php(1220): Illuminate\\Foundation\\Http\\Kernel->handle()
#70 /home/skytech/ISP-BILLING-main/public/index.php(20): Illuminate\\Foundation\\Application->handleRequest()
#71 {main}
"} 
[2026-09-25 12:06:19] production.ERROR: Route [filament.portal.pages.dashboard] not defined. {"userId":1,"exception":"[object] (Symfony\\Component\\Routing\\Exception\\RouteNotFoundException(code: 0): Route [filament.portal.pages.dashboard] not defined. at /home/skytech/ISP-BILLING-main/vendor/laravel/framework/src/Illuminate/Routing/UrlGenerator.php:534)
[stacktrace]
#0 /home/skytech/ISP-BILLING-main/vendor/laravel/framework/src/Illuminate/Foundation/helpers.php(870): Illuminate\\Routing\\UrlGenerator->route()
#1 /home/skytech/ISP-BILLING-main/vendor/filament/filament/src/Pages/Page.php(108): route()
#2 /home/skytech/ISP-BILLING-main/vendor/filament/filament/src/Pages/Page.php(272): Filament\\Pages\\Page::getUrl()
#3 /home/skytech/ISP-BILLING-main/vendor/filament/filament/src/Pages/Page.php(160): Filament\\Pages\\Page::getNavigationUrl()
#4 /home/skytech/ISP-BILLING-main/vendor/filament/filament/src/Pages/Page.php(139): Filament\\Pages\\Page::getNavigationItems()
#5 /home/skytech/ISP-BILLING-main/vendor/filament/filament/src/Navigation/NavigationManager.php(194): Filament\\Pages\\Page::registerNavigationItems()
#6 /home/skytech/ISP-BILLING-main/vendor/filament/filament/src/Navigation/NavigationManager.php(54): Filament\\Navigation\\NavigationManager->mountNavigation()
#7 /home/skytech/ISP-BILLING-main/vendor/filament/filament/src/Panel/Concerns/HasRoutes.php(225): Filament\\Navigation\\NavigationManager->get()
#8 /home/skytech/ISP-BILLING-main/vendor/filament/filament/src/Http/Controllers/RedirectToHomeController.php(14): Filament\\Panel->getRedirectUrl()
#9 /home/skytech/ISP-BILLING-main/vendor/laravel/framework/src/Illuminate/Routing/ControllerDispatcher.php(46): Filament\\Http\\Controllers\\RedirectToHomeController->__invoke()
#10 /home/skytech/ISP-BILLING-main/vendor/laravel/framework/src/Illuminate/Routing/Route.php(265): Illuminate\\Routing\\ControllerDispatcher->dispatch()
#11 /home/skytech/ISP-BILLING-main/vendor/laravel/framework/src/Illuminate/Routing/Route.php(211): Illuminate\\Routing\\Route->runController()
#12 /home/skytech/ISP-BILLING-main/vendor/laravel/framework/src/Illuminate/Routing/Router.php(822): Illuminate\\Routing\\Route->run()
#13 /home/skytech/ISP-BILLING-main/vendor/laravel/framework/src/Illuminate/Pipeline/Pipeline.php(180): Illuminate\\Routing\\Router->Illuminate\\Routing\\{closure}()
#14 /home/skytech/ISP-BILLING-main/vendor/filament/filament/src/Http/Middleware/DispatchServingFilamentEvent.php(15): Illuminate\\Pipeline\\Pipeline->Illuminate\\Pipeline\\{closure}()
#15 /home/skytech/ISP-BILLING-main/vendor/laravel/framework/src/Illuminate/Pipeline/Pipeline.php(219): Filament\\Http\\Middleware\\DispatchServingFilamentEvent->handle()
#16 /home/skytech/ISP-BILLING-main/vendor/filament/filament/src/Http/Middleware/DisableBladeIconComponents.php(14): Illuminate\\Pipeline\\Pipeline->Illuminate\\Pipeline\\{closure}()
#17 /home/skytech/ISP-BILLING-main/vendor/laravel/framework/src/Illuminate/Pipeline/Pipeline.php(219): Filament\\Http\\Middleware\\DisableBladeIconComponents->handle()
#18 /home/skytech/ISP-BILLING-main/vendor/laravel/framework/src/Illuminate/Routing/Middleware/SubstituteBindings.php(50): Illuminate\\Pipeline\\Pipeline->Illuminate\\Pipeline\\{closure}()
#19 /home/skytech/ISP-BILLING-main/vendor/laravel/framework/src/Illuminate/Pipeline/Pipeline.php(219): Illuminate\\Routing\\Middleware\\SubstituteBindings->handle()
#20 /home/skytech/ISP-BILLING-main/vendor/laravel/framework/src/Illuminate/Foundation/Http/Middleware/VerifyCsrfToken.php(87): Illuminate\\Pipeline\\Pipeline->Illuminate\\Pipeline\\{closure}()
#21 /home/skytech/ISP-BILLING-main/vendor/laravel/framework/src/Illuminate/Pipeline/Pipeline.php(219): Illuminate\\Foundation\\Http\\Middleware\\VerifyCsrfToken->handle()
#22 /home/skytech/ISP-BILLING-main/vendor/laravel/framework/src/Illuminate/Session/Middleware/AuthenticateSession.php(70): Illuminate\\Pipeline\\Pipeline->Illuminate\\Pipeline\\{closure}()
#23 /home/skytech/ISP-BILLING-main/vendor/laravel/framework/src/Illuminate/Pipeline/Pipeline.php(219): Illuminate\\Session\\Middleware\\AuthenticateSession->handle()
#24 /home/skytech/ISP-BILLING-main/vendor/laravel/framework/src/Illuminate/Auth/Middleware/Authenticate.php(63): Illuminate\\Pipeline\\Pipeline->Illuminate\\Pipeline\\{closure}()
#25 /home/skytech/ISP-BILLING-main/vendor/laravel/framework/src/Illuminate/Pipeline/Pipeline.php(219): Illuminate\\Auth\\Middleware\\Authenticate->handle()
#26 /home/skytech/ISP-BILLING-main/vendor/laravel/framework/src/Illuminate/View/Middleware/ShareErrorsFromSession.php(48): Illuminate\\Pipeline\\Pipeline->Illuminate\\Pipeline\\{closure}()
#27 /home/skytech/ISP-BILLING-main/vendor/laravel/framework/src/Illuminate/Pipeline/Pipeline.php(219): Illuminate\\View\\Middleware\\ShareErrorsFromSession->handle()
#28 /home/skytech/ISP-BILLING-main/vendor/laravel/framework/src/Illuminate/Session/Middleware/StartSession.php(120): Illuminate\\Pipeline\\Pipeline->Illuminate\\Pipeline\\{closure}()
#29 /home/skytech/ISP-BILLING-main/vendor/laravel/framework/src/Illuminate/Session/Middleware/StartSession.php(63): Illuminate\\Session\\Middleware\\StartSession->handleStatefulRequest()
#30 /home/skytech/ISP-BILLING-main/vendor/laravel/framework/src/Illuminate/Pipeline/Pipeline.php(219): Illuminate\\Session\\Middleware\\StartSession->handle()
#31 /home/skytech/ISP-BILLING-main/vendor/laravel/framework/src/Illuminate/Cookie/Middleware/AddQueuedCookiesToResponse.php(36): Illuminate\\Pipeline\\Pipeline->Illuminate\\Pipeline\\{closure}()
#32 /home/skytech/ISP-BILLING-main/vendor/laravel/framework/src/Illuminate/Pipeline/Pipeline.php(219): Illuminate\\Cookie\\Middleware\\AddQueuedCookiesToResponse->handle()
#33 /home/skytech/ISP-BILLING-main/vendor/laravel/framework/src/Illuminate/Cookie/Middleware/EncryptCookies.php(74): Illuminate\\Pipeline\\Pipeline->Illuminate\\Pipeline\\{closure}()
#34 /home/skytech/ISP-BILLING-main/vendor/laravel/framework/src/Illuminate/Pipeline/Pipeline.php(219): Illuminate\\Cookie\\Middleware\\EncryptCookies->handle()
#35 /home/skytech/ISP-BILLING-main/vendor/filament/filament/src/Http/Middleware/SetUpPanel.php(19): Illuminate\\Pipeline\\Pipeline->Illuminate\\Pipeline\\{closure}()
#36 /home/skytech/ISP-BILLING-main/vendor/laravel/framework/src/Illuminate/Pipeline/Pipeline.php(219): Filament\\Http\\Middleware\\SetUpPanel->handle()
#37 /home/skytech/ISP-BILLING-main/vendor/laravel/framework/src/Illuminate/Pipeline/Pipeline.php(137): Illuminate\\Pipeline\\Pipeline->Illuminate\\Pipeline\\{closure}()
#38 /home/skytech/ISP-BILLING-main/vendor/laravel/framework/src/Illuminate/Routing/Router.php(821): Illuminate\\Pipeline\\Pipeline->then()
#39 /home/skytech/ISP-BILLING-main/vendor/laravel/framework/src/Illuminate/Routing/Router.php(800): Illuminate\\Routing\\Router->runRouteWithinStack()
#40 /home/skytech/ISP-BILLING-main/vendor/laravel/framework/src/Illuminate/Routing/Router.php(764): Illuminate\\Routing\\Router->runRoute()
#41 /home/skytech/ISP-BILLING-main/vendor/laravel/framework/src/Illuminate/Routing/Router.php(753): Illuminate\\Routing\\Router->dispatchToRoute()
#42 /home/skytech/ISP-BILLING-main/vendor/laravel/framework/src/Illuminate/Foundation/Http/Kernel.php(200): Illuminate\\Routing\\Router->dispatch()
#43 /home/skytech/ISP-BILLING-main/vendor/laravel/framework/src/Illuminate/Pipeline/Pipeline.php(180): Illuminate\\Foundation\\Http\\Kernel->Illuminate\\Foundation\\Http\\{closure}()
#44 /home/skytech/ISP-BILLING-main/vendor/livewire/livewire/src/Features/SupportDisablingBackButtonCache/DisableBackButtonCacheMiddleware.php(19): Illuminate\\Pipeline\\Pipeline->Illuminate\\Pipeline\\{closure}()
#45 /home/skytech/ISP-BILLING-main/vendor/laravel/framework/src/Illuminate/Pipeline/Pipeline.php(219): Livewire\\Features\\SupportDisablingBackButtonCache\\DisableBackButtonCacheMiddleware->handle()
#46 /home/skytech/ISP-BILLING-main/app/Http/Middleware/CheckSiteStatus.php(55): Illuminate\\Pipeline\\Pipeline->Illuminate\\Pipeline\\{closure}()
#47 /home/skytech/ISP-BILLING-main/vendor/laravel/framework/src/Illuminate/Pipeline/Pipeline.php(219): App\\Http\\Middleware\\CheckSiteStatus->handle()
#48 /home/skytech/ISP-BILLING-main/vendor/laravel/framework/src/Illuminate/Foundation/Http/Middleware/TransformsRequest.php(21): Illuminate\\Pipeline\\Pipeline->Illuminate\\Pipeline\\{closure}()
#49 /home/skytech/ISP-BILLING-main/vendor/laravel/framework/src/Illuminate/Foundation/Http/Middleware/ConvertEmptyStringsToNull.php(31): Illuminate\\Foundation\\Http\\Middleware\\TransformsRequest->handle()
#50 /home/skytech/ISP-BILLING-main/vendor/laravel/framework/src/Illuminate/Pipeline/Pipeline.php(219): Illuminate\\Foundation\\Http\\Middleware\\ConvertEmptyStringsToNull->handle()
#51 /home/skytech/ISP-BILLING-main/vendor/laravel/framework/src/Illuminate/Foundation/Http/Middleware/TransformsRequest.php(21): Illuminate\\Pipeline\\Pipeline->Illuminate\\Pipeline\\{closure}()
#52 /home/skytech/ISP-BILLING-main/vendor/laravel/framework/src/Illuminate/Foundation/Http/Middleware/TrimStrings.php(51): Illuminate\\Foundation\\Http\\Middleware\\TransformsRequest->handle()
#53 /home/skytech/ISP-BILLING-main/vendor/laravel/framework/src/Illuminate/Pipeline/Pipeline.php(219): Illuminate\\Foundation\\Http\\Middleware\\TrimStrings->handle()
#54 /home/skytech/ISP-BILLING-main/vendor/laravel/framework/src/Illuminate/Http/Middleware/ValidatePostSize.php(27): Illuminate\\Pipeline\\Pipeline->Illuminate\\Pipeline\\{closure}()
#55 /home/skytech/ISP-BILLING-main/vendor/laravel/framework/src/Illuminate/Pipeline/Pipeline.php(219): Illuminate\\Http\\Middleware\\ValidatePostSize->handle()
#56 /home/skytech/ISP-BILLING-main/vendor/laravel/framework/src/Illuminate/Foundation/Http/Middleware/PreventRequestsDuringMaintenance.php(109): Illuminate\\Pipeline\\Pipeline->Illuminate\\Pipeline\\{closure}()
#57 /home/skytech/ISP-BILLING-main/vendor/laravel/framework/src/Illuminate/Pipeline/Pipeline.php(219): Illuminate\\Foundation\\Http\\Middleware\\PreventRequestsDuringMaintenance->handle()
#58 /home/skytech/ISP-BILLING-main/vendor/laravel/framework/src/Illuminate/Http/Middleware/HandleCors.php(61): Illuminate\\Pipeline\\Pipeline->Illuminate\\Pipeline\\{closure}()
#59 /home/skytech/ISP-BILLING-main/vendor/laravel/framework/src/Illuminate/Pipeline/Pipeline.php(219): Illuminate\\Http\\Middleware\\HandleCors->handle()
#60 /home/skytech/ISP-BILLING-main/vendor/laravel/framework/src/Illuminate/Http/Middleware/TrustProxies.php(58): Illuminate\\Pipeline\\Pipeline->Illuminate\\Pipeline\\{closure}()
#61 /home/skytech/ISP-BILLING-main/vendor/laravel/framework/src/Illuminate/Pipeline/Pipeline.php(219): Illuminate\\Http\\Middleware\\TrustProxies->handle()
#62 /home/skytech/ISP-BILLING-main/vendor/laravel/framework/src/Illuminate/Foundation/Http/Middleware/InvokeDeferredCallbacks.php(22): Illuminate\\Pipeline\\Pipeline->Illuminate\\Pipeline\\{closure}()
#63 /home/skytech/ISP-BILLING-main/vendor/laravel/framework/src/Illuminate/Pipeline/Pipeline.php(219): Illuminate\\Foundation\\Http\\Middleware\\InvokeDeferredCallbacks->handle()
#64 /home/skytech/ISP-BILLING-main/vendor/laravel/framework/src/Illuminate/Http/Middleware/ValidatePathEncoding.php(26): Illuminate\\Pipeline\\Pipeline->Illuminate\\Pipeline\\{closure}()
#65 /home/skytech/ISP-BILLING-main/vendor/laravel/framework/src/Illuminate/Pipeline/Pipeline.php(219): Illuminate\\Http\\Middleware\\ValidatePathEncoding->handle()
#66 /home/skytech/ISP-BILLING-main/vendor/laravel/framework/src/Illuminate/Pipeline/Pipeline.php(137): Illuminate\\Pipeline\\Pipeline->Illuminate\\Pipeline\\{closure}()
#67 /home/skytech/ISP-BILLING-main/vendor/laravel/framework/src/Illuminate/Foundation/Http/Kernel.php(175): Illuminate\\Pipeline\\Pipeline->then()
#68 /home/skytech/ISP-BILLING-main/vendor/laravel/framework/src/Illuminate/Foundation/Http/Kernel.php(144): Illuminate\\Foundation\\Http\\Kernel->sendRequestThroughRouter()
#69 /home/skytech/ISP-BILLING-main/vendor/laravel/framework/src/Illuminate/Foundation/Application.php(1220): Illuminate\\Foundation\\Http\\Kernel->handle()
#70 /home/skytech/ISP-BILLING-main/public/index.php(20): Illuminate\\Foundation\\Application->handleRequest()
#71 {main}
"} 
[2026-09-25 12:06:32] production.ERROR: Typed property Filament\Schemas\Components\Component::$container must not be accessed before initialization (View: /home/skytech/ISP-BILLING-main/resources/views/filament/pages/auth/super-admin-login.blade.php) {"exception":"[object] (Illuminate\\View\\ViewException(code: 0): Typed property Filament\\Schemas\\Components\\Component::$container must not be accessed before initialization (View: /home/skytech/ISP-BILLING-main/resources/views/filament/pages/auth/super-admin-login.blade.php) at /home/skytech/ISP-BILLING-main/vendor/filament/schemas/src/Components/Concerns/BelongsToContainer.php:24)
[stacktrace]
#0 /home/skytech/ISP-BILLING-main/vendor/livewire/livewire/src/Mechanisms/ExtendBlade/ExtendedCompilerEngine.php(58): Illuminate\\View\\Engines\\CompilerEngine->handleViewException()
#1 /home/skytech/ISP-BILLING-main/vendor/livewire/livewire/src/Mechanisms/ExtendBlade/ExtendedCompilerEngine.php(40): Livewire\\Mechanisms\\ExtendBlade\\ExtendedCompilerEngine->handleViewException()
#2 /home/skytech/ISP-BILLING-main/vendor/laravel/framework/src/Illuminate/View/Engines/CompilerEngine.php(76): Livewire\\Mechanisms\\ExtendBlade\\ExtendedCompilerEngine->evaluatePath()
#3 /home/skytech/ISP-BILLING-main/vendor/livewire/livewire/src/Mechanisms/ExtendBlade/ExtendedCompilerEngine.php(16): Illuminate\\View\\Engines\\CompilerEngine->get()
#4 /home/skytech/ISP-BILLING-main/vendor/laravel/framework/src/Illuminate/View/View.php(208): Livewire\\Mechanisms\\ExtendBlade\\ExtendedCompilerEngine->get()
#5 /home/skytech/ISP-BILLING-main/vendor/laravel/framework/src/Illuminate/View/View.php(191): Illuminate\\View\\View->getContents()
#6 /home/skytech/ISP-BILLING-main/vendor/laravel/framework/src/Illuminate/View/View.php(160): Illuminate\\View\\View->renderContents()
#7 /home/skytech/ISP-BILLING-main/vendor/livewire/livewire/src/Mechanisms/HandleComponents/HandleComponents.php(331): Illuminate\\View\\View->render()
#8 /home/skytech/ISP-BILLING-main/vendor/livewire/livewire/src/Mechanisms/HandleComponents/HandleComponents.php(382): Livewire\\Mechanisms\\HandleComponents\\HandleComponents->Livewire\\Mechanisms\\HandleComponents\\{closure}()
#9 /home/skytech/ISP-BILLING-main/vendor/livewire/livewire/src/Mechanisms/HandleComponents/HandleComponents.php(323): Livewire\\Mechanisms\\HandleComponents\\HandleComponents->trackInRenderStack()
#10 /home/skytech/ISP-BILLING-main/vendor/livewire/livewire/src/Mechanisms/HandleComponents/HandleComponents.php(63): Livewire\\Mechanisms\\HandleComponents\\HandleComponents->render()
#11 /home/skytech/ISP-BILLING-main/vendor/livewire/livewire/src/LivewireManager.php(103): Livewire\\Mechanisms\\HandleComponents\\HandleComponents->mount()
#12 /home/skytech/ISP-BILLING-main/vendor/livewire/livewire/src/Features/SupportPageComponents/HandlesPageComponents.php(19): Livewire\\LivewireManager->mount()
#13 /home/skytech/ISP-BILLING-main/vendor/livewire/livewire/src/Features/SupportPageComponents/SupportPageComponents.php(118): Livewire\\Component->Livewire\\Features\\SupportPageComponents\\{closure}()
#14 /home/skytech/ISP-BILLING-main/vendor/livewire/livewire/src/Features/SupportPageComponents/HandlesPageComponents.php(14): Livewire\\Features\\SupportPageComponents\\SupportPageComponents::interceptTheRenderOfTheComponentAndRetreiveTheLayoutConfiguration()
#15 /home/skytech/ISP-BILLING-main/vendor/laravel/framework/src/Illuminate/Routing/ControllerDispatcher.php(46): Livewire\\Component->__invoke()
#16 /home/skytech/ISP-BILLING-main/vendor/laravel/framework/src/Illuminate/Routing/Route.php(265): Illuminate\\Routing\\ControllerDispatcher->dispatch()
#17 /home/skytech/ISP-BILLING-main/vendor/laravel/framework/src/Illuminate/Routing/Route.php(211): Illuminate\\Routing\\Route->runController()
#18 /home/skytech/ISP-BILLING-main/vendor/laravel/framework/src/Illuminate/Routing/Router.php(822): Illuminate\\Routing\\Route->run()
#19 /home/skytech/ISP-BILLING-main/vendor/laravel/framework/src/Illuminate/Pipeline/Pipeline.php(180): Illuminate\\Routing\\Router->Illuminate\\Routing\\{closure}()
#20 /home/skytech/ISP-BILLING-main/vendor/filament/filament/src/Http/Middleware/DispatchServingFilamentEvent.php(15): Illuminate\\Pipeline\\Pipeline->Illuminate\\Pipeline\\{closure}()
#21 /home/skytech/ISP-BILLING-main/vendor/laravel/framework/src/Illuminate/Pipeline/Pipeline.php(219): Filament\\Http\\Middleware\\DispatchServingFilamentEvent->handle()
#22 /home/skytech/ISP-BILLING-main/vendor/filament/filament/src/Http/Middleware/DisableBladeIconComponents.php(14): Illuminate\\Pipeline\\Pipeline->Illuminate\\Pipeline\\{closure}()
#23 /home/skytech/ISP-BILLING-main/vendor/laravel/framework/src/Illuminate/Pipeline/Pipeline.php(219): Filament\\Http\\Middleware\\DisableBladeIconComponents->handle()
#24 /home/skytech/ISP-BILLING-main/vendor/laravel/framework/src/Illuminate/Routing/Middleware/SubstituteBindings.php(50): Illuminate\\Pipeline\\Pipeline->Illuminate\\Pipeline\\{closure}()
#25 /home/skytech/ISP-BILLING-main/vendor/laravel/framework/src/Illuminate/Pipeline/Pipeline.php(219): Illuminate\\Routing\\Middleware\\SubstituteBindings->handle()
#26 /home/skytech/ISP-BILLING-main/vendor/laravel/framework/src/Illuminate/Foundation/Http/Middleware/VerifyCsrfToken.php(87): Illuminate\\Pipeline\\Pipeline->Illuminate\\Pipeline\\{closure}()
#27 /home/skytech/ISP-BILLING-main/vendor/laravel/framework/src/Illuminate/Pipeline/Pipeline.php(219): Illuminate\\Foundation\\Http\\Middleware\\VerifyCsrfToken->handle()
#28 /home/skytech/ISP-BILLING-main/vendor/laravel/framework/src/Illuminate/Session/Middleware/AuthenticateSession.php(48): Illuminate\\Pipeline\\Pipeline->Illuminate\\Pipeline\\{closure}()
#29 /home/skytech/ISP-BILLING-main/vendor/laravel/framework/src/Illuminate/Pipeline/Pipeline.php(219): Illuminate\\Session\\Middleware\\AuthenticateSession->handle()
#30 /home/skytech/ISP-BILLING-main/vendor/laravel/framework/src/Illuminate/View/Middleware/ShareErrorsFromSession.php(48): Illuminate\\Pipeline\\Pipeline->Illuminate\\Pipeline\\{closure}()
#31 /home/skytech/ISP-BILLING-main/vendor/laravel/framework/src/Illuminate/Pipeline/Pipeline.php(219): Illuminate\\View\\Middleware\\ShareErrorsFromSession->handle()
#32 /home/skytech/ISP-BILLING-main/vendor/laravel/framework/src/Illuminate/Session/Middleware/StartSession.php(120): Illuminate\\Pipeline\\Pipeline->Illuminate\\Pipeline\\{closure}()
#33 /home/skytech/ISP-BILLING-main/vendor/laravel/framework/src/Illuminate/Session/Middleware/StartSession.php(63): Illuminate\\Session\\Middleware\\StartSession->handleStatefulRequest()
#34 /home/skytech/ISP-BILLING-main/vendor/laravel/framework/src/Illuminate/Pipeline/Pipeline.php(219): Illuminate\\Session\\Middleware\\StartSession->handle()
#35 /home/skytech/ISP-BILLING-main/vendor/laravel/framework/src/Illuminate/Cookie/Middleware/AddQueuedCookiesToResponse.php(36): Illuminate\\Pipeline\\Pipeline->Illuminate\\Pipeline\\{closure}()
#36 /home/skytech/ISP-BILLING-main/vendor/laravel/framework/src/Illuminate/Pipeline/Pipeline.php(219): Illuminate\\Cookie\\Middleware\\AddQueuedCookiesToResponse->handle()
#37 /home/skytech/ISP-BILLING-main/vendor/laravel/framework/src/Illuminate/Cookie/Middleware/EncryptCookies.php(74): Illuminate\\Pipeline\\Pipeline->Illuminate\\Pipeline\\{closure}()
#38 /home/skytech/ISP-BILLING-main/vendor/laravel/framework/src/Illuminate/Pipeline/Pipeline.php(219): Illuminate\\Cookie\\Middleware\\EncryptCookies->handle()
#39 /home/skytech/ISP-BILLING-main/vendor/filament/filament/src/Http/Middleware/SetUpPanel.php(19): Illuminate\\Pipeline\\Pipeline->Illuminate\\Pipeline\\{closure}()
#40 /home/skytech/ISP-BILLING-main/vendor/laravel/framework/src/Illuminate/Pipeline/Pipeline.php(219): Filament\\Http\\Middleware\\SetUpPanel->handle()
#41 /home/skytech/ISP-BILLING-main/vendor/laravel/framework/src/Illuminate/Pipeline/Pipeline.php(137): Illuminate\\Pipeline\\Pipeline->Illuminate\\Pipeline\\{closure}()
#42 /home/skytech/ISP-BILLING-main/vendor/laravel/framework/src/Illuminate/Routing/Router.php(821): Illuminate\\Pipeline\\Pipeline->then()
#43 /home/skytech/ISP-BILLING-main/vendor/laravel/framework/src/Illuminate/Routing/Router.php(800): Illuminate\\Routing\\Router->runRouteWithinStack()
#44 /home/skytech/ISP-BILLING-main/vendor/laravel/framework/src/Illuminate/Routing/Router.php(764): Illuminate\\Routing\\Router->runRoute()
#45 /home/skytech/ISP-BILLING-main/vendor/laravel/framework/src/Illuminate/Routing/Router.php(753): Illuminate\\Routing\\Router->dispatchToRoute()
#46 /home/skytech/ISP-BILLING-main/vendor/laravel/framework/src/Illuminate/Foundation/Http/Kernel.php(200): Illuminate\\Routing\\Router->dispatch()
#47 /home/skytech/ISP-BILLING-main/vendor/laravel/framework/src/Illuminate/Pipeline/Pipeline.php(180): Illuminate\\Foundation\\Http\\Kernel->Illuminate\\Foundation\\Http\\{closure}()
#48 /home/skytech/ISP-BILLING-main/vendor/livewire/livewire/src/Features/SupportDisablingBackButtonCache/DisableBackButtonCacheMiddleware.php(19): Illuminate\\Pipeline\\Pipeline->Illuminate\\Pipeline\\{closure}()
#49 /home/skytech/ISP-BILLING-main/vendor/laravel/framework/src/Illuminate/Pipeline/Pipeline.php(219): Livewire\\Features\\SupportDisablingBackButtonCache\\DisableBackButtonCacheMiddleware->handle()
#50 /home/skytech/ISP-BILLING-main/app/Http/Middleware/CheckSiteStatus.php(55): Illuminate\\Pipeline\\Pipeline->Illuminate\\Pipeline\\{closure}()
#51 /home/skytech/ISP-BILLING-main/vendor/laravel/framework/src/Illuminate/Pipeline/Pipeline.php(219): App\\Http\\Middleware\\CheckSiteStatus->handle()
#52 /home/skytech/ISP-BILLING-main/vendor/laravel/framework/src/Illuminate/Foundation/Http/Middleware/TransformsRequest.php(21): Illuminate\\Pipeline\\Pipeline->Illuminate\\Pipeline\\{closure}()
#53 /home/skytech/ISP-BILLING-main/vendor/laravel/framework/src/Illuminate/Foundation/Http/Middleware/ConvertEmptyStringsToNull.php(31): Illuminate\\Foundation\\Http\\Middleware\\TransformsRequest->handle()
#54 /home/skytech/ISP-BILLING-main/vendor/laravel/framework/src/Illuminate/Pipeline/Pipeline.php(219): Illuminate\\Foundation\\Http\\Middleware\\ConvertEmptyStringsToNull->handle()
#55 /home/skytech/ISP-BILLING-main/vendor/laravel/framework/src/Illuminate/Foundation/Http/Middleware/TransformsRequest.php(21): Illuminate\\Pipeline\\Pipeline->Illuminate\\Pipeline\\{closure}()
#56 /home/skytech/ISP-BILLING-main/vendor/laravel/framework/src/Illuminate/Foundation/Http/Middleware/TrimStrings.php(51): Illuminate\\Foundation\\Http\\Middleware\\TransformsRequest->handle()
#57 /home/skytech/ISP-BILLING-main/vendor/laravel/framework/src/Illuminate/Pipeline/Pipeline.php(219): Illuminate\\Foundation\\Http\\Middleware\\TrimStrings->handle()
#58 /home/skytech/ISP-BILLING-main/vendor/laravel/framework/src/Illuminate/Http/Middleware/ValidatePostSize.php(27): Illuminate\\Pipeline\\Pipeline->Illuminate\\Pipeline\\{closure}()
#59 /home/skytech/ISP-BILLING-main/vendor/laravel/framework/src/Illuminate/Pipeline/Pipeline.php(219): Illuminate\\Http\\Middleware\\ValidatePostSize->handle()
#60 /home/skytech/ISP-BILLING-main/vendor/laravel/framework/src/Illuminate/Foundation/Http/Middleware/PreventRequestsDuringMaintenance.php(109): Illuminate\\Pipeline\\Pipeline->Illuminate\\Pipeline\\{closure}()
#61 /home/skytech/ISP-BILLING-main/vendor/laravel/framework/src/Illuminate/Pipeline/Pipeline.php(219): Illuminate\\Foundation\\Http\\Middleware\\PreventRequestsDuringMaintenance->handle()
#62 /home/skytech/ISP-BILLING-main/vendor/laravel/framework/src/Illuminate/Http/Middleware/HandleCors.php(61): Illuminate\\Pipeline\\Pipeline->Illuminate\\Pipeline\\{closure}()
#63 /home/skytech/ISP-BILLING-main/vendor/laravel/framework/src/Illuminate/Pipeline/Pipeline.php(219): Illuminate\\Http\\Middleware\\HandleCors->handle()
#64 /home/skytech/ISP-BILLING-main/vendor/laravel/framework/src/Illuminate/Http/Middleware/TrustProxies.php(58): Illuminate\\Pipeline\\Pipeline->Illuminate\\Pipeline\\{closure}()
#65 /home/skytech/ISP-BILLING-main/vendor/laravel/framework/src/Illuminate/Pipeline/Pipeline.php(219): Illuminate\\Http\\Middleware\\TrustProxies->handle()
#66 /home/skytech/ISP-BILLING-main/vendor/laravel/framework/src/Illuminate/Foundation/Http/Middleware/InvokeDeferredCallbacks.php(22): Illuminate\\Pipeline\\Pipeline->Illuminate\\Pipeline\\{closure}()
#67 /home/skytech/ISP-BILLING-main/vendor/laravel/framework/src/Illuminate/Pipeline/Pipeline.php(219): Illuminate\\Foundation\\Http\\Middleware\\InvokeDeferredCallbacks->handle()
#68 /home/skytech/ISP-BILLING-main/vendor/laravel/framework/src/Illuminate/Http/Middleware/ValidatePathEncoding.php(26): Illuminate\\Pipeline\\Pipeline->Illuminate\\Pipeline\\{closure}()
#69 /home/skytech/ISP-BILLING-main/vendor/laravel/framework/src/Illuminate/Pipeline/Pipeline.php(219): Illuminate\\Http\\Middleware\\ValidatePathEncoding->handle()
#70 /home/skytech/ISP-BILLING-main/vendor/laravel/framework/src/Illuminate/Pipeline/Pipeline.php(137): Illuminate\\Pipeline\\Pipeline->Illuminate\\Pipeline\\{closure}()
#71 /home/skytech/ISP-BILLING-main/vendor/laravel/framework/src/Illuminate/Foundation/Http/Kernel.php(175): Illuminate\\Pipeline\\Pipeline->then()
#72 /home/skytech/ISP-BILLING-main/vendor/laravel/framework/src/Illuminate/Foundation/Http/Kernel.php(144): Illuminate\\Foundation\\Http\\Kernel->sendRequestThroughRouter()
#73 /home/skytech/ISP-BILLING-main/vendor/laravel/framework/src/Illuminate/Foundation/Application.php(1220): Illuminate\\Foundation\\Http\\Kernel->handle()
#74 /home/skytech/ISP-BILLING-main/public/index.php(20): Illuminate\\Foundation\\Application->handleRequest()
#75 {main}

[previous exception] [object] (Error(code: 0): Typed property Filament\\Schemas\\Components\\Component::$container must not be accessed before initialization at /home/skytech/ISP-BILLING-main/vendor/filament/schemas/src/Components/Concerns/BelongsToContainer.php:24)
[stacktrace]
#0 /home/skytech/ISP-BILLING-main/vendor/filament/schemas/src/Components/Concerns/HasState.php(732): Filament\\Schemas\\Components\\Component->getContainer()
#1 /home/skytech/ISP-BILLING-main/vendor/filament/forms/src/Components/Checkbox.php(32): Filament\\Schemas\\Components\\Component->getStatePath()
#2 /home/skytech/ISP-BILLING-main/vendor/filament/support/src/Components/ViewComponent.php(144): Filament\\Forms\\Components\\Checkbox->toEmbeddedHtml()
#3 /home/skytech/ISP-BILLING-main/vendor/laravel/framework/src/Illuminate/Support/helpers.php(131): Filament\\Support\\Components\\ViewComponent->toHtml()
#4 /home/skytech/ISP-BILLING-main/storage/framework/views/79100ef7cc22238200a8fb58c2a65fd9.php(107): e()
#5 /home/skytech/ISP-BILLING-main/vendor/livewire/livewire/src/Mechanisms/ExtendBlade/ExtendedCompilerEngine.php(37): include('...')
#6 /home/skytech/ISP-BILLING-main/vendor/livewire/livewire/src/Mechanisms/ExtendBlade/ExtendedCompilerEngine.php(38): App\\Filament\\Pages\\Auth\\SuperAdminLogin->Livewire\\Mechanisms\\ExtendBlade\\{closure}()
#7 /home/skytech/ISP-BILLING-main/vendor/laravel/framework/src/Illuminate/View/Engines/CompilerEngine.php(76): Livewire\\Mechanisms\\ExtendBlade\\ExtendedCompilerEngine->evaluatePath()
#8 /home/skytech/ISP-BILLING-main/vendor/livewire/livewire/src/Mechanisms/ExtendBlade/ExtendedCompilerEngine.php(16): Illuminate\\View\\Engines\\CompilerEngine->get()
#9 /home/skytech/ISP-BILLING-main/vendor/laravel/framework/src/Illuminate/View/View.php(208): Livewire\\Mechanisms\\ExtendBlade\\ExtendedCompilerEngine->get()
#10 /home/skytech/ISP-BILLING-main/vendor/laravel/framework/src/Illuminate/View/View.php(191): Illuminate\\View\\View->getContents()
#11 /home/skytech/ISP-BILLING-main/vendor/laravel/framework/src/Illuminate/View/View.php(160): Illuminate\\View\\View->renderContents()
#12 /home/skytech/ISP-BILLING-main/vendor/livewire/livewire/src/Mechanisms/HandleComponents/HandleComponents.php(331): Illuminate\\View\\View->render()
#13 /home/skytech/ISP-BILLING-main/vendor/livewire/livewire/src/Mechanisms/HandleComponents/HandleComponents.php(382): Livewire\\Mechanisms\\HandleComponents\\HandleComponents->Livewire\\Mechanisms\\HandleComponents\\{closure}()
#14 /home/skytech/ISP-BILLING-main/vendor/livewire/livewire/src/Mechanisms/HandleComponents/HandleComponents.php(323): Livewire\\Mechanisms\\HandleComponents\\HandleComponents->trackInRenderStack()
#15 /home/skytech/ISP-BILLING-main/vendor/livewire/livewire/src/Mechanisms/HandleComponents/HandleComponents.php(63): Livewire\\Mechanisms\\HandleComponents\\HandleComponents->render()
#16 /home/skytech/ISP-BILLING-main/vendor/livewire/livewire/src/LivewireManager.php(103): Livewire\\Mechanisms\\HandleComponents\\HandleComponents->mount()
#17 /home/skytech/ISP-BILLING-main/vendor/livewire/livewire/src/Features/SupportPageComponents/HandlesPageComponents.php(19): Livewire\\LivewireManager->mount()
#18 /home/skytech/ISP-BILLING-main/vendor/livewire/livewire/src/Features/SupportPageComponents/SupportPageComponents.php(118): Livewire\\Component->Livewire\\Features\\SupportPageComponents\\{closure}()
#19 /home/skytech/ISP-BILLING-main/vendor/livewire/livewire/src/Features/SupportPageComponents/HandlesPageComponents.php(14): Livewire\\Features\\SupportPageComponents\\SupportPageComponents::interceptTheRenderOfTheComponentAndRetreiveTheLayoutConfiguration()
#20 /home/skytech/ISP-BILLING-main/vendor/laravel/framework/src/Illuminate/Routing/ControllerDispatcher.php(46): Livewire\\Component->__invoke()
#21 /home/skytech/ISP-BILLING-main/vendor/laravel/framework/src/Illuminate/Routing/Route.php(265): Illuminate\\Routing\\ControllerDispatcher->dispatch()
#22 /home/skytech/ISP-BILLING-main/vendor/laravel/framework/src/Illuminate/Routing/Route.php(211): Illuminate\\Routing\\Route->runController()
#23 /home/skytech/ISP-BILLING-main/vendor/laravel/framework/src/Illuminate/Routing/Router.php(822): Illuminate\\Routing\\Route->run()
#24 /home/skytech/ISP-BILLING-main/vendor/laravel/framework/src/Illuminate/Pipeline/Pipeline.php(180): Illuminate\\Routing\\Router->Illuminate\\Routing\\{closure}()
#25 /home/skytech/ISP-BILLING-main/vendor/filament/filament/src/Http/Middleware/DispatchServingFilamentEvent.php(15): Illuminate\\Pipeline\\Pipeline->Illuminate\\Pipeline\\{closure}()
#26 /home/skytech/ISP-BILLING-main/vendor/laravel/framework/src/Illuminate/Pipeline/Pipeline.php(219): Filament\\Http\\Middleware\\DispatchServingFilamentEvent->handle()
#27 /home/skytech/ISP-BILLING-main/vendor/filament/filament/src/Http/Middleware/DisableBladeIconComponents.php(14): Illuminate\\Pipeline\\Pipeline->Illuminate\\Pipeline\\{closure}()
#28 /home/skytech/ISP-BILLING-main/vendor/laravel/framework/src/Illuminate/Pipeline/Pipeline.php(219): Filament\\Http\\Middleware\\DisableBladeIconComponents->handle()
#29 /home/skytech/ISP-BILLING-main/vendor/laravel/framework/src/Illuminate/Routing/Middleware/SubstituteBindings.php(50): Illuminate\\Pipeline\\Pipeline->Illuminate\\Pipeline\\{closure}()
#30 /home/skytech/ISP-BILLING-main/vendor/laravel/framework/src/Illuminate/Pipeline/Pipeline.php(219): Illuminate\\Routing\\Middleware\\SubstituteBindings->handle()
#31 /home/skytech/ISP-BILLING-main/vendor/laravel/framework/src/Illuminate/Foundation/Http/Middleware/VerifyCsrfToken.php(87): Illuminate\\Pipeline\\Pipeline->Illuminate\\Pipeline\\{closure}()
#32 /home/skytech/ISP-BILLING-main/vendor/laravel/framework/src/Illuminate/Pipeline/Pipeline.php(219): Illuminate\\Foundation\\Http\\Middleware\\VerifyCsrfToken->handle()
#33 /home/skytech/ISP-BILLING-main/vendor/laravel/framework/src/Illuminate/Session/Middleware/AuthenticateSession.php(48): Illuminate\\Pipeline\\Pipeline->Illuminate\\Pipeline\\{closure}()
#34 /home/skytech/ISP-BILLING-main/vendor/laravel/framework/src/Illuminate/Pipeline/Pipeline.php(219): Illuminate\\Session\\Middleware\\AuthenticateSession->handle()
#35 /home/skytech/ISP-BILLING-main/vendor/laravel/framework/src/Illuminate/View/Middleware/ShareErrorsFromSession.php(48): Illuminate\\Pipeline\\Pipeline->Illuminate\\Pipeline\\{closure}()
#36 /home/skytech/ISP-BILLING-main/vendor/laravel/framework/src/Illuminate/Pipeline/Pipeline.php(219): Illuminate\\View\\Middleware\\ShareErrorsFromSession->handle()
#37 /home/skytech/ISP-BILLING-main/vendor/laravel/framework/src/Illuminate/Session/Middleware/StartSession.php(120): Illuminate\\Pipeline\\Pipeline->Illuminate\\Pipeline\\{closure}()
#38 /home/skytech/ISP-BILLING-main/vendor/laravel/framework/src/Illuminate/Session/Middleware/StartSession.php(63): Illuminate\\Session\\Middleware\\StartSession->handleStatefulRequest()
#39 /home/skytech/ISP-BILLING-main/vendor/laravel/framework/src/Illuminate/Pipeline/Pipeline.php(219): Illuminate\\Session\\Middleware\\StartSession->handle()
#40 /home/skytech/ISP-BILLING-main/vendor/laravel/framework/src/Illuminate/Cookie/Middleware/AddQueuedCookiesToResponse.php(36): Illuminate\\Pipeline\\Pipeline->Illuminate\\Pipeline\\{closure}()
#41 /home/skytech/ISP-BILLING-main/vendor/laravel/framework/src/Illuminate/Pipeline/Pipeline.php(219): Illuminate\\Cookie\\Middleware\\AddQueuedCookiesToResponse->handle()
#42 /home/skytech/ISP-BILLING-main/vendor/laravel/framework/src/Illuminate/Cookie/Middleware/EncryptCookies.php(74): Illuminate\\Pipeline\\Pipeline->Illuminate\\Pipeline\\{closure}()
#43 /home/skytech/ISP-BILLING-main/vendor/laravel/framework/src/Illuminate/Pipeline/Pipeline.php(219): Illuminate\\Cookie\\Middleware\\EncryptCookies->handle()
#44 /home/skytech/ISP-BILLING-main/vendor/filament/filament/src/Http/Middleware/SetUpPanel.php(19): Illuminate\\Pipeline\\Pipeline->Illuminate\\Pipeline\\{closure}()
#45 /home/skytech/ISP-BILLING-main/vendor/laravel/framework/src/Illuminate/Pipeline/Pipeline.php(219): Filament\\Http\\Middleware\\SetUpPanel->handle()
#46 /home/skytech/ISP-BILLING-main/vendor/laravel/framework/src/Illuminate/Pipeline/Pipeline.php(137): Illuminate\\Pipeline\\Pipeline->Illuminate\\Pipeline\\{closure}()
#47 /home/skytech/ISP-BILLING-main/vendor/laravel/framework/src/Illuminate/Routing/Router.php(821): Illuminate\\Pipeline\\Pipeline->then()
#48 /home/skytech/ISP-BILLING-main/vendor/laravel/framework/src/Illuminate/Routing/Router.php(800): Illuminate\\Routing\\Router->runRouteWithinStack()
#49 /home/skytech/ISP-BILLING-main/vendor/laravel/framework/src/Illuminate/Routing/Router.php(764): Illuminate\\Routing\\Router->runRoute()
#50 /home/skytech/ISP-BILLING-main/vendor/laravel/framework/src/Illuminate/Routing/Router.php(753): Illuminate\\Routing\\Router->dispatchToRoute()
#51 /home/skytech/ISP-BILLING-main/vendor/laravel/framework/src/Illuminate/Foundation/Http/Kernel.php(200): Illuminate\\Routing\\Router->dispatch()
#52 /home/skytech/ISP-BILLING-main/vendor/laravel/framework/src/Illuminate/Pipeline/Pipeline.php(180): Illuminate\\Foundation\\Http\\Kernel->Illuminate\\Foundation\\Http\\{closure}()
#53 /home/skytech/ISP-BILLING-main/vendor/livewire/livewire/src/Features/SupportDisablingBackButtonCache/DisableBackButtonCacheMiddleware.php(19): Illuminate\\Pipeline\\Pipeline->Illuminate\\Pipeline\\{closure}()
#54 /home/skytech/ISP-BILLING-main/vendor/laravel/framework/src/Illuminate/Pipeline/Pipeline.php(219): Livewire\\Features\\SupportDisablingBackButtonCache\\DisableBackButtonCacheMiddleware->handle()
#55 /home/skytech/ISP-BILLING-main/app/Http/Middleware/CheckSiteStatus.php(55): Illuminate\\Pipeline\\Pipeline->Illuminate\\Pipeline\\{closure}()
#56 /home/skytech/ISP-BILLING-main/vendor/laravel/framework/src/Illuminate/Pipeline/Pipeline.php(219): App\\Http\\Middleware\\CheckSiteStatus->handle()
#57 /home/skytech/ISP-BILLING-main/vendor/laravel/framework/src/Illuminate/Foundation/Http/Middleware/TransformsRequest.php(21): Illuminate\\Pipeline\\Pipeline->Illuminate\\Pipeline\\{closure}()
#58 /home/skytech/ISP-BILLING-main/vendor/laravel/framework/src/Illuminate/Foundation/Http/Middleware/ConvertEmptyStringsToNull.php(31): Illuminate\\Foundation\\Http\\Middleware\\TransformsRequest->handle()
#59 /home/skytech/ISP-BILLING-main/vendor/laravel/framework/src/Illuminate/Pipeline/Pipeline.php(219): Illuminate\\Foundation\\Http\\Middleware\\ConvertEmptyStringsToNull->handle()
#60 /home/skytech/ISP-BILLING-main/vendor/laravel/framework/src/Illuminate/Foundation/Http/Middleware/TransformsRequest.php(21): Illuminate\\Pipeline\\Pipeline->Illuminate\\Pipeline\\{closure}()
#61 /home/skytech/ISP-BILLING-main/vendor/laravel/framework/src/Illuminate/Foundation/Http/Middleware/TrimStrings.php(51): Illuminate\\Foundation\\Http\\Middleware\\TransformsRequest->handle()
#62 /home/skytech/ISP-BILLING-main/vendor/laravel/framework/src/Illuminate/Pipeline/Pipeline.php(219): Illuminate\\Foundation\\Http\\Middleware\\TrimStrings->handle()
#63 /home/skytech/ISP-BILLING-main/vendor/laravel/framework/src/Illuminate/Http/Middleware/ValidatePostSize.php(27): Illuminate\\Pipeline\\Pipeline->Illuminate\\Pipeline\\{closure}()
#64 /home/skytech/ISP-BILLING-main/vendor/laravel/framework/src/Illuminate/Pipeline/Pipeline.php(219): Illuminate\\Http\\Middleware\\ValidatePostSize->handle()
#65 /home/skytech/ISP-BILLING-main/vendor/laravel/framework/src/Illuminate/Foundation/Http/Middleware/PreventRequestsDuringMaintenance.php(109): Illuminate\\Pipeline\\Pipeline->Illuminate\\Pipeline\\{closure}()
#66 /home/skytech/ISP-BILLING-main/vendor/laravel/framework/src/Illuminate/Pipeline/Pipeline.php(219): Illuminate\\Foundation\\Http\\Middleware\\PreventRequestsDuringMaintenance->handle()
#67 /home/skytech/ISP-BILLING-main/vendor/laravel/framework/src/Illuminate/Http/Middleware/HandleCors.php(61): Illuminate\\Pipeline\\Pipeline->Illuminate\\Pipeline\\{closure}()
#68 /home/skytech/ISP-BILLING-main/vendor/laravel/framework/src/Illuminate/Pipeline/Pipeline.php(219): Illuminate\\Http\\Middleware\\HandleCors->handle()
#69 /home/skytech/ISP-BILLING-main/vendor/laravel/framework/src/Illuminate/Http/Middleware/TrustProxies.php(58): Illuminate\\Pipeline\\Pipeline->Illuminate\\Pipeline\\{closure}()
#70 /home/skytech/ISP-BILLING-main/vendor/laravel/framework/src/Illuminate/Pipeline/Pipeline.php(219): Illuminate\\Http\\Middleware\\TrustProxies->handle()
#71 /home/skytech/ISP-BILLING-main/vendor/laravel/framework/src/Illuminate/Foundation/Http/Middleware/InvokeDeferredCallbacks.php(22): Illuminate\\Pipeline\\Pipeline->Illuminate\\Pipeline\\{closure}()
#72 /home/skytech/ISP-BILLING-main/vendor/laravel/framework/src/Illuminate/Pipeline/Pipeline.php(219): Illuminate\\Foundation\\Http\\Middleware\\InvokeDeferredCallbacks->handle()
#73 /home/skytech/ISP-BILLING-main/vendor/laravel/framework/src/Illuminate/Http/Middleware/ValidatePathEncoding.php(26): Illuminate\\Pipeline\\Pipeline->Illuminate\\Pipeline\\{closure}()
#74 /home/skytech/ISP-BILLING-main/vendor/laravel/framework/src/Illuminate/Pipeline/Pipeline.php(219): Illuminate\\Http\\Middleware\\ValidatePathEncoding->handle()
#75 /home/skytech/ISP-BILLING-main/vendor/laravel/framework/src/Illuminate/Pipeline/Pipeline.php(137): Illuminate\\Pipeline\\Pipeline->Illuminate\\Pipeline\\{closure}()
#76 /home/skytech/ISP-BILLING-main/vendor/laravel/framework/src/Illuminate/Foundation/Http/Kernel.php(175): Illuminate\\Pipeline\\Pipeline->then()
#77 /home/skytech/ISP-BILLING-main/vendor/laravel/framework/src/Illuminate/Foundation/Http/Kernel.php(144): Illuminate\\Foundation\\Http\\Kernel->sendRequestThroughRouter()
#78 /home/skytech/ISP-BILLING-main/vendor/laravel/framework/src/Illuminate/Foundation/Application.php(1220): Illuminate\\Foundation\\Http\\Kernel->handle()
#79 /home/skytech/ISP-BILLING-main/public/index.php(20): Illuminate\\Foundation\\Application->handleRequest()
#80 {main}
"} 
[2026-09-25 12:06:33] production.ERROR: Typed property Filament\Schemas\Components\Component::$container must not be accessed before initialization (View: /home/skytech/ISP-BILLING-main/resources/views/filament/pages/auth/super-admin-login.blade.php) {"exception":"[object] (Illuminate\\View\\ViewException(code: 0): Typed property Filament\\Schemas\\Components\\Component::$container must not be accessed before initialization (View: /home/skytech/ISP-BILLING-main/resources/views/filament/pages/auth/super-admin-login.blade.php) at /home/skytech/ISP-BILLING-main/vendor/filament/schemas/src/Components/Concerns/BelongsToContainer.php:24)
[stacktrace]
#0 /home/skytech/ISP-BILLING-main/vendor/livewire/livewire/src/Mechanisms/ExtendBlade/ExtendedCompilerEngine.php(58): Illuminate\\View\\Engines\\CompilerEngine->handleViewException()
#1 /home/skytech/ISP-BILLING-main/vendor/livewire/livewire/src/Mechanisms/ExtendBlade/ExtendedCompilerEngine.php(40): Livewire\\Mechanisms\\ExtendBlade\\ExtendedCompilerEngine->handleViewException()
#2 /home/skytech/ISP-BILLING-main/vendor/laravel/framework/src/Illuminate/View/Engines/CompilerEngine.php(76): Livewire\\Mechanisms\\ExtendBlade\\ExtendedCompilerEngine->evaluatePath()
#3 /home/skytech/ISP-BILLING-main/vendor/livewire/livewire/src/Mechanisms/ExtendBlade/ExtendedCompilerEngine.php(16): Illuminate\\View\\Engines\\CompilerEngine->get()
#4 /home/skytech/ISP-BILLING-main/vendor/laravel/framework/src/Illuminate/View/View.php(208): Livewire\\Mechanisms\\ExtendBlade\\ExtendedCompilerEngine->get()
#5 /home/skytech/ISP-BILLING-main/vendor/laravel/framework/src/Illuminate/View/View.php(191): Illuminate\\View\\View->getContents()
#6 /home/skytech/ISP-BILLING-main/vendor/laravel/framework/src/Illuminate/View/View.php(160): Illuminate\\View\\View->renderContents()
#7 /home/skytech/ISP-BILLING-main/vendor/livewire/livewire/src/Mechanisms/HandleComponents/HandleComponents.php(331): Illuminate\\View\\View->render()
#8 /home/skytech/ISP-BILLING-main/vendor/livewire/livewire/src/Mechanisms/HandleComponents/HandleComponents.php(382): Livewire\\Mechanisms\\HandleComponents\\HandleComponents->Livewire\\Mechanisms\\HandleComponents\\{closure}()
#9 /home/skytech/ISP-BILLING-main/vendor/livewire/livewire/src/Mechanisms/HandleComponents/HandleComponents.php(323): Livewire\\Mechanisms\\HandleComponents\\HandleComponents->trackInRenderStack()
#10 /home/skytech/ISP-BILLING-main/vendor/livewire/livewire/src/Mechanisms/HandleComponents/HandleComponents.php(63): Livewire\\Mechanisms\\HandleComponents\\HandleComponents->render()
#11 /home/skytech/ISP-BILLING-main/vendor/livewire/livewire/src/LivewireManager.php(103): Livewire\\Mechanisms\\HandleComponents\\HandleComponents->mount()
#12 /home/skytech/ISP-BILLING-main/vendor/livewire/livewire/src/Features/SupportPageComponents/HandlesPageComponents.php(19): Livewire\\LivewireManager->mount()
#13 /home/skytech/ISP-BILLING-main/vendor/livewire/livewire/src/Features/SupportPageComponents/SupportPageComponents.php(118): Livewire\\Component->Livewire\\Features\\SupportPageComponents\\{closure}()
#14 /home/skytech/ISP-BILLING-main/vendor/livewire/livewire/src/Features/SupportPageComponents/HandlesPageComponents.php(14): Livewire\\Features\\SupportPageComponents\\SupportPageComponents::interceptTheRenderOfTheComponentAndRetreiveTheLayoutConfiguration()
#15 /home/skytech/ISP-BILLING-main/vendor/laravel/framework/src/Illuminate/Routing/ControllerDispatcher.php(46): Livewire\\Component->__invoke()
#16 /home/skytech/ISP-BILLING-main/vendor/laravel/framework/src/Illuminate/Routing/Route.php(265): Illuminate\\Routing\\ControllerDispatcher->dispatch()
#17 /home/skytech/ISP-BILLING-main/vendor/laravel/framework/src/Illuminate/Routing/Route.php(211): Illuminate\\Routing\\Route->runController()
#18 /home/skytech/ISP-BILLING-main/vendor/laravel/framework/src/Illuminate/Routing/Router.php(822): Illuminate\\Routing\\Route->run()
#19 /home/skytech/ISP-BILLING-main/vendor/laravel/framework/src/Illuminate/Pipeline/Pipeline.php(180): Illuminate\\Routing\\Router->Illuminate\\Routing\\{closure}()
#20 /home/skytech/ISP-BILLING-main/vendor/filament/filament/src/Http/Middleware/DispatchServingFilamentEvent.php(15): Illuminate\\Pipeline\\Pipeline->Illuminate\\Pipeline\\{closure}()
#21 /home/skytech/ISP-BILLING-main/vendor/laravel/framework/src/Illuminate/Pipeline/Pipeline.php(219): Filament\\Http\\Middleware\\DispatchServingFilamentEvent->handle()
#22 /home/skytech/ISP-BILLING-main/vendor/filament/filament/src/Http/Middleware/DisableBladeIconComponents.php(14): Illuminate\\Pipeline\\Pipeline->Illuminate\\Pipeline\\{closure}()
#23 /home/skytech/ISP-BILLING-main/vendor/laravel/framework/src/Illuminate/Pipeline/Pipeline.php(219): Filament\\Http\\Middleware\\DisableBladeIconComponents->handle()
#24 /home/skytech/ISP-BILLING-main/vendor/laravel/framework/src/Illuminate/Routing/Middleware/SubstituteBindings.php(50): Illuminate\\Pipeline\\Pipeline->Illuminate\\Pipeline\\{closure}()
#25 /home/skytech/ISP-BILLING-main/vendor/laravel/framework/src/Illuminate/Pipeline/Pipeline.php(219): Illuminate\\Routing\\Middleware\\SubstituteBindings->handle()
#26 /home/skytech/ISP-BILLING-main/vendor/laravel/framework/src/Illuminate/Foundation/Http/Middleware/VerifyCsrfToken.php(87): Illuminate\\Pipeline\\Pipeline->Illuminate\\Pipeline\\{closure}()
#27 /home/skytech/ISP-BILLING-main/vendor/laravel/framework/src/Illuminate/Pipeline/Pipeline.php(219): Illuminate\\Foundation\\Http\\Middleware\\VerifyCsrfToken->handle()
#28 /home/skytech/ISP-BILLING-main/vendor/laravel/framework/src/Illuminate/Session/Middleware/AuthenticateSession.php(48): Illuminate\\Pipeline\\Pipeline->Illuminate\\Pipeline\\{closure}()
#29 /home/skytech/ISP-BILLING-main/vendor/laravel/framework/src/Illuminate/Pipeline/Pipeline.php(219): Illuminate\\Session\\Middleware\\AuthenticateSession->handle()
#30 /home/skytech/ISP-BILLING-main/vendor/laravel/framework/src/Illuminate/View/Middleware/ShareErrorsFromSession.php(48): Illuminate\\Pipeline\\Pipeline->Illuminate\\Pipeline\\{closure}()
#31 /home/skytech/ISP-BILLING-main/vendor/laravel/framework/src/Illuminate/Pipeline/Pipeline.php(219): Illuminate\\View\\Middleware\\ShareErrorsFromSession->handle()
#32 /home/skytech/ISP-BILLING-main/vendor/laravel/framework/src/Illuminate/Session/Middleware/StartSession.php(120): Illuminate\\Pipeline\\Pipeline->Illuminate\\Pipeline\\{closure}()
#33 /home/skytech/ISP-BILLING-main/vendor/laravel/framework/src/Illuminate/Session/Middleware/StartSession.php(63): Illuminate\\Session\\Middleware\\StartSession->handleStatefulRequest()
#34 /home/skytech/ISP-BILLING-main/vendor/laravel/framework/src/Illuminate/Pipeline/Pipeline.php(219): Illuminate\\Session\\Middleware\\StartSession->handle()
#35 /home/skytech/ISP-BILLING-main/vendor/laravel/framework/src/Illuminate/Cookie/Middleware/AddQueuedCookiesToResponse.php(36): Illuminate\\Pipeline\\Pipeline->Illuminate\\Pipeline\\{closure}()
#36 /home/skytech/ISP-BILLING-main/vendor/laravel/framework/src/Illuminate/Pipeline/Pipeline.php(219): Illuminate\\Cookie\\Middleware\\AddQueuedCookiesToResponse->handle()
#37 /home/skytech/ISP-BILLING-main/vendor/laravel/framework/src/Illuminate/Cookie/Middleware/EncryptCookies.php(74): Illuminate\\Pipeline\\Pipeline->Illuminate\\Pipeline\\{closure}()
#38 /home/skytech/ISP-BILLING-main/vendor/laravel/framework/src/Illuminate/Pipeline/Pipeline.php(219): Illuminate\\Cookie\\Middleware\\EncryptCookies->handle()
#39 /home/skytech/ISP-BILLING-main/vendor/filament/filament/src/Http/Middleware/SetUpPanel.php(19): Illuminate\\Pipeline\\Pipeline->Illuminate\\Pipeline\\{closure}()
#40 /home/skytech/ISP-BILLING-main/vendor/laravel/framework/src/Illuminate/Pipeline/Pipeline.php(219): Filament\\Http\\Middleware\\SetUpPanel->handle()
#41 /home/skytech/ISP-BILLING-main/vendor/laravel/framework/src/Illuminate/Pipeline/Pipeline.php(137): Illuminate\\Pipeline\\Pipeline->Illuminate\\Pipeline\\{closure}()
#42 /home/skytech/ISP-BILLING-main/vendor/laravel/framework/src/Illuminate/Routing/Router.php(821): Illuminate\\Pipeline\\Pipeline->then()
#43 /home/skytech/ISP-BILLING-main/vendor/laravel/framework/src/Illuminate/Routing/Router.php(800): Illuminate\\Routing\\Router->runRouteWithinStack()
#44 /home/skytech/ISP-BILLING-main/vendor/laravel/framework/src/Illuminate/Routing/Router.php(764): Illuminate\\Routing\\Router->runRoute()
#45 /home/skytech/ISP-BILLING-main/vendor/laravel/framework/src/Illuminate/Routing/Router.php(753): Illuminate\\Routing\\Router->dispatchToRoute()
#46 /home/skytech/ISP-BILLING-main/vendor/laravel/framework/src/Illuminate/Foundation/Http/Kernel.php(200): Illuminate\\Routing\\Router->dispatch()
#47 /home/skytech/ISP-BILLING-main/vendor/laravel/framework/src/Illuminate/Pipeline/Pipeline.php(180): Illuminate\\Foundation\\Http\\Kernel->Illuminate\\Foundation\\Http\\{closure}()
#48 /home/skytech/ISP-BILLING-main/vendor/livewire/livewire/src/Features/SupportDisablingBackButtonCache/DisableBackButtonCacheMiddleware.php(19): Illuminate\\Pipeline\\Pipeline->Illuminate\\Pipeline\\{closure}()
#49 /home/skytech/ISP-BILLING-main/vendor/laravel/framework/src/Illuminate/Pipeline/Pipeline.php(219): Livewire\\Features\\SupportDisablingBackButtonCache\\DisableBackButtonCacheMiddleware->handle()
#50 /home/skytech/ISP-BILLING-main/app/Http/Middleware/CheckSiteStatus.php(55): Illuminate\\Pipeline\\Pipeline->Illuminate\\Pipeline\\{closure}()
#51 /home/skytech/ISP-BILLING-main/vendor/laravel/framework/src/Illuminate/Pipeline/Pipeline.php(219): App\\Http\\Middleware\\CheckSiteStatus->handle()
#52 /home/skytech/ISP-BILLING-main/vendor/laravel/framework/src/Illuminate/Foundation/Http/Middleware/TransformsRequest.php(21): Illuminate\\Pipeline\\Pipeline->Illuminate\\Pipeline\\{closure}()
#53 /home/skytech/ISP-BILLING-main/vendor/laravel/framework/src/Illuminate/Foundation/Http/Middleware/ConvertEmptyStringsToNull.php(31): Illuminate\\Foundation\\Http\\Middleware\\TransformsRequest->handle()
#54 /home/skytech/ISP-BILLING-main/vendor/laravel/framework/src/Illuminate/Pipeline/Pipeline.php(219): Illuminate\\Foundation\\Http\\Middleware\\ConvertEmptyStringsToNull->handle()
#55 /home/skytech/ISP-BILLING-main/vendor/laravel/framework/src/Illuminate/Foundation/Http/Middleware/TransformsRequest.php(21): Illuminate\\Pipeline\\Pipeline->Illuminate\\Pipeline\\{closure}()
#56 /home/skytech/ISP-BILLING-main/vendor/laravel/framework/src/Illuminate/Foundation/Http/Middleware/TrimStrings.php(51): Illuminate\\Foundation\\Http\\Middleware\\TransformsRequest->handle()
#57 /home/skytech/ISP-BILLING-main/vendor/laravel/framework/src/Illuminate/Pipeline/Pipeline.php(219): Illuminate\\Foundation\\Http\\Middleware\\TrimStrings->handle()
#58 /home/skytech/ISP-BILLING-main/vendor/laravel/framework/src/Illuminate/Http/Middleware/ValidatePostSize.php(27): Illuminate\\Pipeline\\Pipeline->Illuminate\\Pipeline\\{closure}()
#59 /home/skytech/ISP-BILLING-main/vendor/laravel/framework/src/Illuminate/Pipeline/Pipeline.php(219): Illuminate\\Http\\Middleware\\ValidatePostSize->handle()
#60 /home/skytech/ISP-BILLING-main/vendor/laravel/framework/src/Illuminate/Foundation/Http/Middleware/PreventRequestsDuringMaintenance.php(109): Illuminate\\Pipeline\\Pipeline->Illuminate\\Pipeline\\{closure}()
#61 /home/skytech/ISP-BILLING-main/vendor/laravel/framework/src/Illuminate/Pipeline/Pipeline.php(219): Illuminate\\Foundation\\Http\\Middleware\\PreventRequestsDuringMaintenance->handle()
#62 /home/skytech/ISP-BILLING-main/vendor/laravel/framework/src/Illuminate/Http/Middleware/HandleCors.php(61): Illuminate\\Pipeline\\Pipeline->Illuminate\\Pipeline\\{closure}()
#63 /home/skytech/ISP-BILLING-main/vendor/laravel/framework/src/Illuminate/Pipeline/Pipeline.php(219): Illuminate\\Http\\Middleware\\HandleCors->handle()
#64 /home/skytech/ISP-BILLING-main/vendor/laravel/framework/src/Illuminate/Http/Middleware/TrustProxies.php(58): Illuminate\\Pipeline\\Pipeline->Illuminate\\Pipeline\\{closure}()
#65 /home/skytech/ISP-BILLING-main/vendor/laravel/framework/src/Illuminate/Pipeline/Pipeline.php(219): Illuminate\\Http\\Middleware\\TrustProxies->handle()
#66 /home/skytech/ISP-BILLING-main/vendor/laravel/framework/src/Illuminate/Foundation/Http/Middleware/InvokeDeferredCallbacks.php(22): Illuminate\\Pipeline\\Pipeline->Illuminate\\Pipeline\\{closure}()
#67 /home/skytech/ISP-BILLING-main/vendor/laravel/framework/src/Illuminate/Pipeline/Pipeline.php(219): Illuminate\\Foundation\\Http\\Middleware\\InvokeDeferredCallbacks->handle()
#68 /home/skytech/ISP-BILLING-main/vendor/laravel/framework/src/Illuminate/Http/Middleware/ValidatePathEncoding.php(26): Illuminate\\Pipeline\\Pipeline->Illuminate\\Pipeline\\{closure}()
#69 /home/skytech/ISP-BILLING-main/vendor/laravel/framework/src/Illuminate/Pipeline/Pipeline.php(219): Illuminate\\Http\\Middleware\\ValidatePathEncoding->handle()
#70 /home/skytech/ISP-BILLING-main/vendor/laravel/framework/src/Illuminate/Pipeline/Pipeline.php(137): Illuminate\\Pipeline\\Pipeline->Illuminate\\Pipeline\\{closure}()
#71 /home/skytech/ISP-BILLING-main/vendor/laravel/framework/src/Illuminate/Foundation/Http/Kernel.php(175): Illuminate\\Pipeline\\Pipeline->then()
#72 /home/skytech/ISP-BILLING-main/vendor/laravel/framework/src/Illuminate/Foundation/Http/Kernel.php(144): Illuminate\\Foundation\\Http\\Kernel->sendRequestThroughRouter()
#73 /home/skytech/ISP-BILLING-main/vendor/laravel/framework/src/Illuminate/Foundation/Application.php(1220): Illuminate\\Foundation\\Http\\Kernel->handle()
#74 /home/skytech/ISP-BILLING-main/public/index.php(20): Illuminate\\Foundation\\Application->handleRequest()
#75 {main}

[previous exception] [object] (Error(code: 0): Typed property Filament\\Schemas\\Components\\Component::$container must not be accessed before initialization at /home/skytech/ISP-BILLING-main/vendor/filament/schemas/src/Components/Concerns/BelongsToContainer.php:24)
[stacktrace]
#0 /home/skytech/ISP-BILLING-main/vendor/filament/schemas/src/Components/Concerns/HasState.php(732): Filament\\Schemas\\Components\\Component->getContainer()
#1 /home/skytech/ISP-BILLING-main/vendor/filament/forms/src/Components/Checkbox.php(32): Filament\\Schemas\\Components\\Component->getStatePath()
#2 /home/skytech/ISP-BILLING-main/vendor/filament/support/src/Components/ViewComponent.php(144): Filament\\Forms\\Components\\Checkbox->toEmbeddedHtml()
#3 /home/skytech/ISP-BILLING-main/vendor/laravel/framework/src/Illuminate/Support/helpers.php(131): Filament\\Support\\Components\\ViewComponent->toHtml()
#4 /home/skytech/ISP-BILLING-main/storage/framework/views/79100ef7cc22238200a8fb58c2a65fd9.php(107): e()
#5 /home/skytech/ISP-BILLING-main/vendor/livewire/livewire/src/Mechanisms/ExtendBlade/ExtendedCompilerEngine.php(37): include('...')
#6 /home/skytech/ISP-BILLING-main/vendor/livewire/livewire/src/Mechanisms/ExtendBlade/ExtendedCompilerEngine.php(38): App\\Filament\\Pages\\Auth\\SuperAdminLogin->Livewire\\Mechanisms\\ExtendBlade\\{closure}()
#7 /home/skytech/ISP-BILLING-main/vendor/laravel/framework/src/Illuminate/View/Engines/CompilerEngine.php(76): Livewire\\Mechanisms\\ExtendBlade\\ExtendedCompilerEngine->evaluatePath()
#8 /home/skytech/ISP-BILLING-main/vendor/livewire/livewire/src/Mechanisms/ExtendBlade/ExtendedCompilerEngine.php(16): Illuminate\\View\\Engines\\CompilerEngine->get()
#9 /home/skytech/ISP-BILLING-main/vendor/laravel/framework/src/Illuminate/View/View.php(208): Livewire\\Mechanisms\\ExtendBlade\\ExtendedCompilerEngine->get()
#10 /home/skytech/ISP-BILLING-main/vendor/laravel/framework/src/Illuminate/View/View.php(191): Illuminate\\View\\View->getContents()
#11 /home/skytech/ISP-BILLING-main/vendor/laravel/framework/src/Illuminate/View/View.php(160): Illuminate\\View\\View->renderContents()
#12 /home/skytech/ISP-BILLING-main/vendor/livewire/livewire/src/Mechanisms/HandleComponents/HandleComponents.php(331): Illuminate\\View\\View->render()
#13 /home/skytech/ISP-BILLING-main/vendor/livewire/livewire/src/Mechanisms/HandleComponents/HandleComponents.php(382): Livewire\\Mechanisms\\HandleComponents\\HandleComponents->Livewire\\Mechanisms\\HandleComponents\\{closure}()
#14 /home/skytech/ISP-BILLING-main/vendor/livewire/livewire/src/Mechanisms/HandleComponents/HandleComponents.php(323): Livewire\\Mechanisms\\HandleComponents\\HandleComponents->trackInRenderStack()
#15 /home/skytech/ISP-BILLING-main/vendor/livewire/livewire/src/Mechanisms/HandleComponents/HandleComponents.php(63): Livewire\\Mechanisms\\HandleComponents\\HandleComponents->render()
#16 /home/skytech/ISP-BILLING-main/vendor/livewire/livewire/src/LivewireManager.php(103): Livewire\\Mechanisms\\HandleComponents\\HandleComponents->mount()
#17 /home/skytech/ISP-BILLING-main/vendor/livewire/livewire/src/Features/SupportPageComponents/HandlesPageComponents.php(19): Livewire\\LivewireManager->mount()
#18 /home/skytech/ISP-BILLING-main/vendor/livewire/livewire/src/Features/SupportPageComponents/SupportPageComponents.php(118): Livewire\\Component->Livewire\\Features\\SupportPageComponents\\{closure}()
#19 /home/skytech/ISP-BILLING-main/vendor/livewire/livewire/src/Features/SupportPageComponents/HandlesPageComponents.php(14): Livewire\\Features\\SupportPageComponents\\SupportPageComponents::interceptTheRenderOfTheComponentAndRetreiveTheLayoutConfiguration()
#20 /home/skytech/ISP-BILLING-main/vendor/laravel/framework/src/Illuminate/Routing/ControllerDispatcher.php(46): Livewire\\Component->__invoke()
#21 /home/skytech/ISP-BILLING-main/vendor/laravel/framework/src/Illuminate/Routing/Route.php(265): Illuminate\\Routing\\ControllerDispatcher->dispatch()
#22 /home/skytech/ISP-BILLING-main/vendor/laravel/framework/src/Illuminate/Routing/Route.php(211): Illuminate\\Routing\\Route->runController()
#23 /home/skytech/ISP-BILLING-main/vendor/laravel/framework/src/Illuminate/Routing/Router.php(822): Illuminate\\Routing\\Route->run()
#24 /home/skytech/ISP-BILLING-main/vendor/laravel/framework/src/Illuminate/Pipeline/Pipeline.php(180): Illuminate\\Routing\\Router->Illuminate\\Routing\\{closure}()
#25 /home/skytech/ISP-BILLING-main/vendor/filament/filament/src/Http/Middleware/DispatchServingFilamentEvent.php(15): Illuminate\\Pipeline\\Pipeline->Illuminate\\Pipeline\\{closure}()
#26 /home/skytech/ISP-BILLING-main/vendor/laravel/framework/src/Illuminate/Pipeline/Pipeline.php(219): Filament\\Http\\Middleware\\DispatchServingFilamentEvent->handle()
#27 /home/skytech/ISP-BILLING-main/vendor/filament/filament/src/Http/Middleware/DisableBladeIconComponents.php(14): Illuminate\\Pipeline\\Pipeline->Illuminate\\Pipeline\\{closure}()
#28 /home/skytech/ISP-BILLING-main/vendor/laravel/framework/src/Illuminate/Pipeline/Pipeline.php(219): Filament\\Http\\Middleware\\DisableBladeIconComponents->handle()
#29 /home/skytech/ISP-BILLING-main/vendor/laravel/framework/src/Illuminate/Routing/Middleware/SubstituteBindings.php(50): Illuminate\\Pipeline\\Pipeline->Illuminate\\Pipeline\\{closure}()
#30 /home/skytech/ISP-BILLING-main/vendor/laravel/framework/src/Illuminate/Pipeline/Pipeline.php(219): Illuminate\\Routing\\Middleware\\SubstituteBindings->handle()
#31 /home/skytech/ISP-BILLING-main/vendor/laravel/framework/src/Illuminate/Foundation/Http/Middleware/VerifyCsrfToken.php(87): Illuminate\\Pipeline\\Pipeline->Illuminate\\Pipeline\\{closure}()
#32 /home/skytech/ISP-BILLING-main/vendor/laravel/framework/src/Illuminate/Pipeline/Pipeline.php(219): Illuminate\\Foundation\\Http\\Middleware\\VerifyCsrfToken->handle()
#33 /home/skytech/ISP-BILLING-main/vendor/laravel/framework/src/Illuminate/Session/Middleware/AuthenticateSession.php(48): Illuminate\\Pipeline\\Pipeline->Illuminate\\Pipeline\\{closure}()
#34 /home/skytech/ISP-BILLING-main/vendor/laravel/framework/src/Illuminate/Pipeline/Pipeline.php(219): Illuminate\\Session\\Middleware\\AuthenticateSession->handle()
#35 /home/skytech/ISP-BILLING-main/vendor/laravel/framework/src/Illuminate/View/Middleware/ShareErrorsFromSession.php(48): Illuminate\\Pipeline\\Pipeline->Illuminate\\Pipeline\\{closure}()
#36 /home/skytech/ISP-BILLING-main/vendor/laravel/framework/src/Illuminate/Pipeline/Pipeline.php(219): Illuminate\\View\\Middleware\\ShareErrorsFromSession->handle()
#37 /home/skytech/ISP-BILLING-main/vendor/laravel/framework/src/Illuminate/Session/Middleware/StartSession.php(120): Illuminate\\Pipeline\\Pipeline->Illuminate\\Pipeline\\{closure}()
#38 /home/skytech/ISP-BILLING-main/vendor/laravel/framework/src/Illuminate/Session/Middleware/StartSession.php(63): Illuminate\\Session\\Middleware\\StartSession->handleStatefulRequest()
#39 /home/skytech/ISP-BILLING-main/vendor/laravel/framework/src/Illuminate/Pipeline/Pipeline.php(219): Illuminate\\Session\\Middleware\\StartSession->handle()
#40 /home/skytech/ISP-BILLING-main/vendor/laravel/framework/src/Illuminate/Cookie/Middleware/AddQueuedCookiesToResponse.php(36): Illuminate\\Pipeline\\Pipeline->Illuminate\\Pipeline\\{closure}()
#41 /home/skytech/ISP-BILLING-main/vendor/laravel/framework/src/Illuminate/Pipeline/Pipeline.php(219): Illuminate\\Cookie\\Middleware\\AddQueuedCookiesToResponse->handle()
#42 /home/skytech/ISP-BILLING-main/vendor/laravel/framework/src/Illuminate/Cookie/Middleware/EncryptCookies.php(74): Illuminate\\Pipeline\\Pipeline->Illuminate\\Pipeline\\{closure}()
#43 /home/skytech/ISP-BILLING-main/vendor/laravel/framework/src/Illuminate/Pipeline/Pipeline.php(219): Illuminate\\Cookie\\Middleware\\EncryptCookies->handle()
#44 /home/skytech/ISP-BILLING-main/vendor/filament/filament/src/Http/Middleware/SetUpPanel.php(19): Illuminate\\Pipeline\\Pipeline->Illuminate\\Pipeline\\{closure}()
#45 /home/skytech/ISP-BILLING-main/vendor/laravel/framework/src/Illuminate/Pipeline/Pipeline.php(219): Filament\\Http\\Middleware\\SetUpPanel->handle()
#46 /home/skytech/ISP-BILLING-main/vendor/laravel/framework/src/Illuminate/Pipeline/Pipeline.php(137): Illuminate\\Pipeline\\Pipeline->Illuminate\\Pipeline\\{closure}()
#47 /home/skytech/ISP-BILLING-main/vendor/laravel/framework/src/Illuminate/Routing/Router.php(821): Illuminate\\Pipeline\\Pipeline->then()
#48 /home/skytech/ISP-BILLING-main/vendor/laravel/framework/src/Illuminate/Routing/Router.php(800): Illuminate\\Routing\\Router->runRouteWithinStack()
#49 /home/skytech/ISP-BILLING-main/vendor/laravel/framework/src/Illuminate/Routing/Router.php(764): Illuminate\\Routing\\Router->runRoute()
#50 /home/skytech/ISP-BILLING-main/vendor/laravel/framework/src/Illuminate/Routing/Router.php(753): Illuminate\\Routing\\Router->dispatchToRoute()
#51 /home/skytech/ISP-BILLING-main/vendor/laravel/framework/src/Illuminate/Foundation/Http/Kernel.php(200): Illuminate\\Routing\\Router->dispatch()
#52 /home/skytech/ISP-BILLING-main/vendor/laravel/framework/src/Illuminate/Pipeline/Pipeline.php(180): Illuminate\\Foundation\\Http\\Kernel->Illuminate\\Foundation\\Http\\{closure}()
#53 /home/skytech/ISP-BILLING-main/vendor/livewire/livewire/src/Features/SupportDisablingBackButtonCache/DisableBackButtonCacheMiddleware.php(19): Illuminate\\Pipeline\\Pipeline->Illuminate\\Pipeline\\{closure}()
#54 /home/skytech/ISP-BILLING-main/vendor/laravel/framework/src/Illuminate/Pipeline/Pipeline.php(219): Livewire\\Features\\SupportDisablingBackButtonCache\\DisableBackButtonCacheMiddleware->handle()
#55 /home/skytech/ISP-BILLING-main/app/Http/Middleware/CheckSiteStatus.php(55): Illuminate\\Pipeline\\Pipeline->Illuminate\\Pipeline\\{closure}()
#56 /home/skytech/ISP-BILLING-main/vendor/laravel/framework/src/Illuminate/Pipeline/Pipeline.php(219): App\\Http\\Middleware\\CheckSiteStatus->handle()
#57 /home/skytech/ISP-BILLING-main/vendor/laravel/framework/src/Illuminate/Foundation/Http/Middleware/TransformsRequest.php(21): Illuminate\\Pipeline\\Pipeline->Illuminate\\Pipeline\\{closure}()
#58 /home/skytech/ISP-BILLING-main/vendor/laravel/framework/src/Illuminate/Foundation/Http/Middleware/ConvertEmptyStringsToNull.php(31): Illuminate\\Foundation\\Http\\Middleware\\TransformsRequest->handle()
#59 /home/skytech/ISP-BILLING-main/vendor/laravel/framework/src/Illuminate/Pipeline/Pipeline.php(219): Illuminate\\Foundation\\Http\\Middleware\\ConvertEmptyStringsToNull->handle()
#60 /home/skytech/ISP-BILLING-main/vendor/laravel/framework/src/Illuminate/Foundation/Http/Middleware/TransformsRequest.php(21): Illuminate\\Pipeline\\Pipeline->Illuminate\\Pipeline\\{closure}()
#61 /home/skytech/ISP-BILLING-main/vendor/laravel/framework/src/Illuminate/Foundation/Http/Middleware/TrimStrings.php(51): Illuminate\\Foundation\\Http\\Middleware\\TransformsRequest->handle()
#62 /home/skytech/ISP-BILLING-main/vendor/laravel/framework/src/Illuminate/Pipeline/Pipeline.php(219): Illuminate\\Foundation\\Http\\Middleware\\TrimStrings->handle()
#63 /home/skytech/ISP-BILLING-main/vendor/laravel/framework/src/Illuminate/Http/Middleware/ValidatePostSize.php(27): Illuminate\\Pipeline\\Pipeline->Illuminate\\Pipeline\\{closure}()
#64 /home/skytech/ISP-BILLING-main/vendor/laravel/framework/src/Illuminate/Pipeline/Pipeline.php(219): Illuminate\\Http\\Middleware\\ValidatePostSize->handle()
#65 /home/skytech/ISP-BILLING-main/vendor/laravel/framework/src/Illuminate/Foundation/Http/Middleware/PreventRequestsDuringMaintenance.php(109): Illuminate\\Pipeline\\Pipeline->Illuminate\\Pipeline\\{closure}()
#66 /home/skytech/ISP-BILLING-main/vendor/laravel/framework/src/Illuminate/Pipeline/Pipeline.php(219): Illuminate\\Foundation\\Http\\Middleware\\PreventRequestsDuringMaintenance->handle()
#67 /home/skytech/ISP-BILLING-main/vendor/laravel/framework/src/Illuminate/Http/Middleware/HandleCors.php(61): Illuminate\\Pipeline\\Pipeline->Illuminate\\Pipeline\\{closure}()
#68 /home/skytech/ISP-BILLING-main/vendor/laravel/framework/src/Illuminate/Pipeline/Pipeline.php(219): Illuminate\\Http\\Middleware\\HandleCors->handle()
#69 /home/skytech/ISP-BILLING-main/vendor/laravel/framework/src/Illuminate/Http/Middleware/TrustProxies.php(58): Illuminate\\Pipeline\\Pipeline->Illuminate\\Pipeline\\{closure}()
#70 /home/skytech/ISP-BILLING-main/vendor/laravel/framework/src/Illuminate/Pipeline/Pipeline.php(219): Illuminate\\Http\\Middleware\\TrustProxies->handle()
#71 /home/skytech/ISP-BILLING-main/vendor/laravel/framework/src/Illuminate/Foundation/Http/Middleware/InvokeDeferredCallbacks.php(22): Illuminate\\Pipeline\\Pipeline->Illuminate\\Pipeline\\{closure}()
#72 /home/skytech/ISP-BILLING-main/vendor/laravel/framework/src/Illuminate/Pipeline/Pipeline.php(219): Illuminate\\Foundation\\Http\\Middleware\\InvokeDeferredCallbacks->handle()
#73 /home/skytech/ISP-BILLING-main/vendor/laravel/framework/src/Illuminate/Http/Middleware/ValidatePathEncoding.php(26): Illuminate\\Pipeline\\Pipeline->Illuminate\\Pipeline\\{closure}()
#74 /home/skytech/ISP-BILLING-main/vendor/laravel/framework/src/Illuminate/Pipeline/Pipeline.php(219): Illuminate\\Http\\Middleware\\ValidatePathEncoding->handle()
#75 /home/skytech/ISP-BILLING-main/vendor/laravel/framework/src/Illuminate/Pipeline/Pipeline.php(137): Illuminate\\Pipeline\\Pipeline->Illuminate\\Pipeline\\{closure}()
#76 /home/skytech/ISP-BILLING-main/vendor/laravel/framework/src/Illuminate/Foundation/Http/Kernel.php(175): Illuminate\\Pipeline\\Pipeline->then()
#77 /home/skytech/ISP-BILLING-main/vendor/laravel/framework/src/Illuminate/Foundation/Http/Kernel.php(144): Illuminate\\Foundation\\Http\\Kernel->sendRequestThroughRouter()
#78 /home/skytech/ISP-BILLING-main/vendor/laravel/framework/src/Illuminate/Foundation/Application.php(1220): Illuminate\\Foundation\\Http\\Kernel->handle()
#79 /home/skytech/ISP-BILLING-main/public/index.php(20): Illuminate\\Foundation\\Application->handleRequest()
#80 {main}
"} 
[2026-09-25 12:10:09] production.ERROR: Route [filament.portal.pages.dashboard] not defined. {"userId":1,"exception":"[object] (Symfony\\Component\\Routing\\Exception\\RouteNotFoundException(code: 0): Route [filament.portal.pages.dashboard] not defined. at /home/skytech/ISP-BILLING-main/vendor/laravel/framework/src/Illuminate/Routing/UrlGenerator.php:534)
[stacktrace]
#0 /home/skytech/ISP-BILLING-main/vendor/laravel/framework/src/Illuminate/Foundation/helpers.php(870): Illuminate\\Routing\\UrlGenerator->route()
#1 /home/skytech/ISP-BILLING-main/vendor/filament/filament/src/Pages/Page.php(108): route()
#2 /home/skytech/ISP-BILLING-main/vendor/filament/filament/src/Pages/Page.php(272): Filament\\Pages\\Page::getUrl()
#3 /home/skytech/ISP-BILLING-main/vendor/filament/filament/src/Pages/Page.php(160): Filament\\Pages\\Page::getNavigationUrl()
#4 /home/skytech/ISP-BILLING-main/vendor/filament/filament/src/Pages/Page.php(139): Filament\\Pages\\Page::getNavigationItems()
#5 /home/skytech/ISP-BILLING-main/vendor/filament/filament/src/Navigation/NavigationManager.php(194): Filament\\Pages\\Page::registerNavigationItems()
#6 /home/skytech/ISP-BILLING-main/vendor/filament/filament/src/Navigation/NavigationManager.php(54): Filament\\Navigation\\NavigationManager->mountNavigation()
#7 /home/skytech/ISP-BILLING-main/vendor/filament/filament/src/Panel/Concerns/HasRoutes.php(225): Filament\\Navigation\\NavigationManager->get()
#8 /home/skytech/ISP-BILLING-main/vendor/filament/filament/src/Http/Controllers/RedirectToHomeController.php(14): Filament\\Panel->getRedirectUrl()
#9 /home/skytech/ISP-BILLING-main/vendor/laravel/framework/src/Illuminate/Routing/ControllerDispatcher.php(46): Filament\\Http\\Controllers\\RedirectToHomeController->__invoke()
#10 /home/skytech/ISP-BILLING-main/vendor/laravel/framework/src/Illuminate/Routing/Route.php(265): Illuminate\\Routing\\ControllerDispatcher->dispatch()
#11 /home/skytech/ISP-BILLING-main/vendor/laravel/framework/src/Illuminate/Routing/Route.php(211): Illuminate\\Routing\\Route->runController()
#12 /home/skytech/ISP-BILLING-main/vendor/laravel/framework/src/Illuminate/Routing/Router.php(822): Illuminate\\Routing\\Route->run()
#13 /home/skytech/ISP-BILLING-main/vendor/laravel/framework/src/Illuminate/Pipeline/Pipeline.php(180): Illuminate\\Routing\\Router->Illuminate\\Routing\\{closure}()
#14 /home/skytech/ISP-BILLING-main/vendor/filament/filament/src/Http/Middleware/DispatchServingFilamentEvent.php(15): Illuminate\\Pipeline\\Pipeline->Illuminate\\Pipeline\\{closure}()
#15 /home/skytech/ISP-BILLING-main/vendor/laravel/framework/src/Illuminate/Pipeline/Pipeline.php(219): Filament\\Http\\Middleware\\DispatchServingFilamentEvent->handle()
#16 /home/skytech/ISP-BILLING-main/vendor/filament/filament/src/Http/Middleware/DisableBladeIconComponents.php(14): Illuminate\\Pipeline\\Pipeline->Illuminate\\Pipeline\\{closure}()
#17 /home/skytech/ISP-BILLING-main/vendor/laravel/framework/src/Illuminate/Pipeline/Pipeline.php(219): Filament\\Http\\Middleware\\DisableBladeIconComponents->handle()
#18 /home/skytech/ISP-BILLING-main/vendor/laravel/framework/src/Illuminate/Routing/Middleware/SubstituteBindings.php(50): Illuminate\\Pipeline\\Pipeline->Illuminate\\Pipeline\\{closure}()
#19 /home/skytech/ISP-BILLING-main/vendor/laravel/framework/src/Illuminate/Pipeline/Pipeline.php(219): Illuminate\\Routing\\Middleware\\SubstituteBindings->handle()
#20 /home/skytech/ISP-BILLING-main/vendor/laravel/framework/src/Illuminate/Foundation/Http/Middleware/VerifyCsrfToken.php(87): Illuminate\\Pipeline\\Pipeline->Illuminate\\Pipeline\\{closure}()
#21 /home/skytech/ISP-BILLING-main/vendor/laravel/framework/src/Illuminate/Pipeline/Pipeline.php(219): Illuminate\\Foundation\\Http\\Middleware\\VerifyCsrfToken->handle()
#22 /home/skytech/ISP-BILLING-main/vendor/laravel/framework/src/Illuminate/Session/Middleware/AuthenticateSession.php(70): Illuminate\\Pipeline\\Pipeline->Illuminate\\Pipeline\\{closure}()
#23 /home/skytech/ISP-BILLING-main/vendor/laravel/framework/src/Illuminate/Pipeline/Pipeline.php(219): Illuminate\\Session\\Middleware\\AuthenticateSession->handle()
#24 /home/skytech/ISP-BILLING-main/vendor/laravel/framework/src/Illuminate/Auth/Middleware/Authenticate.php(63): Illuminate\\Pipeline\\Pipeline->Illuminate\\Pipeline\\{closure}()
#25 /home/skytech/ISP-BILLING-main/vendor/laravel/framework/src/Illuminate/Pipeline/Pipeline.php(219): Illuminate\\Auth\\Middleware\\Authenticate->handle()
#26 /home/skytech/ISP-BILLING-main/vendor/laravel/framework/src/Illuminate/View/Middleware/ShareErrorsFromSession.php(48): Illuminate\\Pipeline\\Pipeline->Illuminate\\Pipeline\\{closure}()
#27 /home/skytech/ISP-BILLING-main/vendor/laravel/framework/src/Illuminate/Pipeline/Pipeline.php(219): Illuminate\\View\\Middleware\\ShareErrorsFromSession->handle()
#28 /home/skytech/ISP-BILLING-main/vendor/laravel/framework/src/Illuminate/Session/Middleware/StartSession.php(120): Illuminate\\Pipeline\\Pipeline->Illuminate\\Pipeline\\{closure}()
#29 /home/skytech/ISP-BILLING-main/vendor/laravel/framework/src/Illuminate/Session/Middleware/StartSession.php(63): Illuminate\\Session\\Middleware\\StartSession->handleStatefulRequest()
#30 /home/skytech/ISP-BILLING-main/vendor/laravel/framework/src/Illuminate/Pipeline/Pipeline.php(219): Illuminate\\Session\\Middleware\\StartSession->handle()
#31 /home/skytech/ISP-BILLING-main/vendor/laravel/framework/src/Illuminate/Cookie/Middleware/AddQueuedCookiesToResponse.php(36): Illuminate\\Pipeline\\Pipeline->Illuminate\\Pipeline\\{closure}()
#32 /home/skytech/ISP-BILLING-main/vendor/laravel/framework/src/Illuminate/Pipeline/Pipeline.php(219): Illuminate\\Cookie\\Middleware\\AddQueuedCookiesToResponse->handle()
#33 /home/skytech/ISP-BILLING-main/vendor/laravel/framework/src/Illuminate/Cookie/Middleware/EncryptCookies.php(74): Illuminate\\Pipeline\\Pipeline->Illuminate\\Pipeline\\{closure}()
#34 /home/skytech/ISP-BILLING-main/vendor/laravel/framework/src/Illuminate/Pipeline/Pipeline.php(219): Illuminate\\Cookie\\Middleware\\EncryptCookies->handle()
#35 /home/skytech/ISP-BILLING-main/vendor/filament/filament/src/Http/Middleware/SetUpPanel.php(19): Illuminate\\Pipeline\\Pipeline->Illuminate\\Pipeline\\{closure}()
#36 /home/skytech/ISP-BILLING-main/vendor/laravel/framework/src/Illuminate/Pipeline/Pipeline.php(219): Filament\\Http\\Middleware\\SetUpPanel->handle()
#37 /home/skytech/ISP-BILLING-main/vendor/laravel/framework/src/Illuminate/Pipeline/Pipeline.php(137): Illuminate\\Pipeline\\Pipeline->Illuminate\\Pipeline\\{closure}()
#38 /home/skytech/ISP-BILLING-main/vendor/laravel/framework/src/Illuminate/Routing/Router.php(821): Illuminate\\Pipeline\\Pipeline->then()
#39 /home/skytech/ISP-BILLING-main/vendor/laravel/framework/src/Illuminate/Routing/Router.php(800): Illuminate\\Routing\\Router->runRouteWithinStack()
#40 /home/skytech/ISP-BILLING-main/vendor/laravel/framework/src/Illuminate/Routing/Router.php(764): Illuminate\\Routing\\Router->runRoute()
#41 /home/skytech/ISP-BILLING-main/vendor/laravel/framework/src/Illuminate/Routing/Router.php(753): Illuminate\\Routing\\Router->dispatchToRoute()
#42 /home/skytech/ISP-BILLING-main/vendor/laravel/framework/src/Illuminate/Foundation/Http/Kernel.php(200): Illuminate\\Routing\\Router->dispatch()
#43 /home/skytech/ISP-BILLING-main/vendor/laravel/framework/src/Illuminate/Pipeline/Pipeline.php(180): Illuminate\\Foundation\\Http\\Kernel->Illuminate\\Foundation\\Http\\{closure}()
#44 /home/skytech/ISP-BILLING-main/vendor/livewire/livewire/src/Features/SupportDisablingBackButtonCache/DisableBackButtonCacheMiddleware.php(19): Illuminate\\Pipeline\\Pipeline->Illuminate\\Pipeline\\{closure}()
#45 /home/skytech/ISP-BILLING-main/vendor/laravel/framework/src/Illuminate/Pipeline/Pipeline.php(219): Livewire\\Features\\SupportDisablingBackButtonCache\\DisableBackButtonCacheMiddleware->handle()
#46 /home/skytech/ISP-BILLING-main/app/Http/Middleware/CheckSiteStatus.php(55): Illuminate\\Pipeline\\Pipeline->Illuminate\\Pipeline\\{closure}()
#47 /home/skytech/ISP-BILLING-main/vendor/laravel/framework/src/Illuminate/Pipeline/Pipeline.php(219): App\\Http\\Middleware\\CheckSiteStatus->handle()
#48 /home/skytech/ISP-BILLING-main/vendor/laravel/framework/src/Illuminate/Foundation/Http/Middleware/TransformsRequest.php(21): Illuminate\\Pipeline\\Pipeline->Illuminate\\Pipeline\\{closure}()
#49 /home/skytech/ISP-BILLING-main/vendor/laravel/framework/src/Illuminate/Foundation/Http/Middleware/ConvertEmptyStringsToNull.php(31): Illuminate\\Foundation\\Http\\Middleware\\TransformsRequest->handle()
#50 /home/skytech/ISP-BILLING-main/vendor/laravel/framework/src/Illuminate/Pipeline/Pipeline.php(219): Illuminate\\Foundation\\Http\\Middleware\\ConvertEmptyStringsToNull->handle()
#51 /home/skytech/ISP-BILLING-main/vendor/laravel/framework/src/Illuminate/Foundation/Http/Middleware/TransformsRequest.php(21): Illuminate\\Pipeline\\Pipeline->Illuminate\\Pipeline\\{closure}()
#52 /home/skytech/ISP-BILLING-main/vendor/laravel/framework/src/Illuminate/Foundation/Http/Middleware/TrimStrings.php(51): Illuminate\\Foundation\\Http\\Middleware\\TransformsRequest->handle()
#53 /home/skytech/ISP-BILLING-main/vendor/laravel/framework/src/Illuminate/Pipeline/Pipeline.php(219): Illuminate\\Foundation\\Http\\Middleware\\TrimStrings->handle()
#54 /home/skytech/ISP-BILLING-main/vendor/laravel/framework/src/Illuminate/Http/Middleware/ValidatePostSize.php(27): Illuminate\\Pipeline\\Pipeline->Illuminate\\Pipeline\\{closure}()
#55 /home/skytech/ISP-BILLING-main/vendor/laravel/framework/src/Illuminate/Pipeline/Pipeline.php(219): Illuminate\\Http\\Middleware\\ValidatePostSize->handle()
#56 /home/skytech/ISP-BILLING-main/vendor/laravel/framework/src/Illuminate/Foundation/Http/Middleware/PreventRequestsDuringMaintenance.php(109): Illuminate\\Pipeline\\Pipeline->Illuminate\\Pipeline\\{closure}()
#57 /home/skytech/ISP-BILLING-main/vendor/laravel/framework/src/Illuminate/Pipeline/Pipeline.php(219): Illuminate\\Foundation\\Http\\Middleware\\PreventRequestsDuringMaintenance->handle()
#58 /home/skytech/ISP-BILLING-main/vendor/laravel/framework/src/Illuminate/Http/Middleware/HandleCors.php(61): Illuminate\\Pipeline\\Pipeline->Illuminate\\Pipeline\\{closure}()
#59 /home/skytech/ISP-BILLING-main/vendor/laravel/framework/src/Illuminate/Pipeline/Pipeline.php(219): Illuminate\\Http\\Middleware\\HandleCors->handle()
#60 /home/skytech/ISP-BILLING-main/vendor/laravel/framework/src/Illuminate/Http/Middleware/TrustProxies.php(58): Illuminate\\Pipeline\\Pipeline->Illuminate\\Pipeline\\{closure}()
#61 /home/skytech/ISP-BILLING-main/vendor/laravel/framework/src/Illuminate/Pipeline/Pipeline.php(219): Illuminate\\Http\\Middleware\\TrustProxies->handle()
#62 /home/skytech/ISP-BILLING-main/vendor/laravel/framework/src/Illuminate/Foundation/Http/Middleware/InvokeDeferredCallbacks.php(22): Illuminate\\Pipeline\\Pipeline->Illuminate\\Pipeline\\{closure}()
#63 /home/skytech/ISP-BILLING-main/vendor/laravel/framework/src/Illuminate/Pipeline/Pipeline.php(219): Illuminate\\Foundation\\Http\\Middleware\\InvokeDeferredCallbacks->handle()
#64 /home/skytech/ISP-BILLING-main/vendor/laravel/framework/src/Illuminate/Http/Middleware/ValidatePathEncoding.php(26): Illuminate\\Pipeline\\Pipeline->Illuminate\\Pipeline\\{closure}()
#65 /home/skytech/ISP-BILLING-main/vendor/laravel/framework/src/Illuminate/Pipeline/Pipeline.php(219): Illuminate\\Http\\Middleware\\ValidatePathEncoding->handle()
#66 /home/skytech/ISP-BILLING-main/vendor/laravel/framework/src/Illuminate/Pipeline/Pipeline.php(137): Illuminate\\Pipeline\\Pipeline->Illuminate\\Pipeline\\{closure}()
#67 /home/skytech/ISP-BILLING-main/vendor/laravel/framework/src/Illuminate/Foundation/Http/Kernel.php(175): Illuminate\\Pipeline\\Pipeline->then()
#68 /home/skytech/ISP-BILLING-main/vendor/laravel/framework/src/Illuminate/Foundation/Http/Kernel.php(144): Illuminate\\Foundation\\Http\\Kernel->sendRequestThroughRouter()
#69 /home/skytech/ISP-BILLING-main/vendor/laravel/framework/src/Illuminate/Foundation/Application.php(1220): Illuminate\\Foundation\\Http\\Kernel->handle()
#70 /home/skytech/ISP-BILLING-main/public/index.php(20): Illuminate\\Foundation\\Application->handleRequest()
#71 {main}
"} 
[2026-09-25 12:10:12] production.ERROR: Route [filament.portal.pages.dashboard] not defined. {"userId":1,"exception":"[object] (Symfony\\Component\\Routing\\Exception\\RouteNotFoundException(code: 0): Route [filament.portal.pages.dashboard] not defined. at /home/skytech/ISP-BILLING-main/vendor/laravel/framework/src/Illuminate/Routing/UrlGenerator.php:534)
[stacktrace]
#0 /home/skytech/ISP-BILLING-main/vendor/laravel/framework/src/Illuminate/Foundation/helpers.php(870): Illuminate\\Routing\\UrlGenerator->route()
#1 /home/skytech/ISP-BILLING-main/vendor/filament/filament/src/Pages/Page.php(108): route()
#2 /home/skytech/ISP-BILLING-main/vendor/filament/filament/src/Pages/Page.php(272): Filament\\Pages\\Page::getUrl()
#3 /home/skytech/ISP-BILLING-main/vendor/filament/filament/src/Pages/Page.php(160): Filament\\Pages\\Page::getNavigationUrl()
#4 /home/skytech/ISP-BILLING-main/vendor/filament/filament/src/Pages/Page.php(139): Filament\\Pages\\Page::getNavigationItems()
#5 /home/skytech/ISP-BILLING-main/vendor/filament/filament/src/Navigation/NavigationManager.php(194): Filament\\Pages\\Page::registerNavigationItems()
#6 /home/skytech/ISP-BILLING-main/vendor/filament/filament/src/Navigation/NavigationManager.php(54): Filament\\Navigation\\NavigationManager->mountNavigation()
#7 /home/skytech/ISP-BILLING-main/vendor/filament/filament/src/Panel/Concerns/HasRoutes.php(225): Filament\\Navigation\\NavigationManager->get()
#8 /home/skytech/ISP-BILLING-main/vendor/filament/filament/src/Http/Controllers/RedirectToHomeController.php(14): Filament\\Panel->getRedirectUrl()
#9 /home/skytech/ISP-BILLING-main/vendor/laravel/framework/src/Illuminate/Routing/ControllerDispatcher.php(46): Filament\\Http\\Controllers\\RedirectToHomeController->__invoke()
#10 /home/skytech/ISP-BILLING-main/vendor/laravel/framework/src/Illuminate/Routing/Route.php(265): Illuminate\\Routing\\ControllerDispatcher->dispatch()
#11 /home/skytech/ISP-BILLING-main/vendor/laravel/framework/src/Illuminate/Routing/Route.php(211): Illuminate\\Routing\\Route->runController()
#12 /home/skytech/ISP-BILLING-main/vendor/laravel/framework/src/Illuminate/Routing/Router.php(822): Illuminate\\Routing\\Route->run()
#13 /home/skytech/ISP-BILLING-main/vendor/laravel/framework/src/Illuminate/Pipeline/Pipeline.php(180): Illuminate\\Routing\\Router->Illuminate\\Routing\\{closure}()
#14 /home/skytech/ISP-BILLING-main/vendor/filament/filament/src/Http/Middleware/DispatchServingFilamentEvent.php(15): Illuminate\\Pipeline\\Pipeline->Illuminate\\Pipeline\\{closure}()
#15 /home/skytech/ISP-BILLING-main/vendor/laravel/framework/src/Illuminate/Pipeline/Pipeline.php(219): Filament\\Http\\Middleware\\DispatchServingFilamentEvent->handle()
#16 /home/skytech/ISP-BILLING-main/vendor/filament/filament/src/Http/Middleware/DisableBladeIconComponents.php(14): Illuminate\\Pipeline\\Pipeline->Illuminate\\Pipeline\\{closure}()
#17 /home/skytech/ISP-BILLING-main/vendor/laravel/framework/src/Illuminate/Pipeline/Pipeline.php(219): Filament\\Http\\Middleware\\DisableBladeIconComponents->handle()
#18 /home/skytech/ISP-BILLING-main/vendor/laravel/framework/src/Illuminate/Routing/Middleware/SubstituteBindings.php(50): Illuminate\\Pipeline\\Pipeline->Illuminate\\Pipeline\\{closure}()
#19 /home/skytech/ISP-BILLING-main/vendor/laravel/framework/src/Illuminate/Pipeline/Pipeline.php(219): Illuminate\\Routing\\Middleware\\SubstituteBindings->handle()
#20 /home/skytech/ISP-BILLING-main/vendor/laravel/framework/src/Illuminate/Foundation/Http/Middleware/VerifyCsrfToken.php(87): Illuminate\\Pipeline\\Pipeline->Illuminate\\Pipeline\\{closure}()
#21 /home/skytech/ISP-BILLING-main/vendor/laravel/framework/src/Illuminate/Pipeline/Pipeline.php(219): Illuminate\\Foundation\\Http\\Middleware\\VerifyCsrfToken->handle()
#22 /home/skytech/ISP-BILLING-main/vendor/laravel/framework/src/Illuminate/Session/Middleware/AuthenticateSession.php(70): Illuminate\\Pipeline\\Pipeline->Illuminate\\Pipeline\\{closure}()
#23 /home/skytech/ISP-BILLING-main/vendor/laravel/framework/src/Illuminate/Pipeline/Pipeline.php(219): Illuminate\\Session\\Middleware\\AuthenticateSession->handle()
#24 /home/skytech/ISP-BILLING-main/vendor/laravel/framework/src/Illuminate/Auth/Middleware/Authenticate.php(63): Illuminate\\Pipeline\\Pipeline->Illuminate\\Pipeline\\{closure}()
#25 /home/skytech/ISP-BILLING-main/vendor/laravel/framework/src/Illuminate/Pipeline/Pipeline.php(219): Illuminate\\Auth\\Middleware\\Authenticate->handle()
#26 /home/skytech/ISP-BILLING-main/vendor/laravel/framework/src/Illuminate/View/Middleware/ShareErrorsFromSession.php(48): Illuminate\\Pipeline\\Pipeline->Illuminate\\Pipeline\\{closure}()
#27 /home/skytech/ISP-BILLING-main/vendor/laravel/framework/src/Illuminate/Pipeline/Pipeline.php(219): Illuminate\\View\\Middleware\\ShareErrorsFromSession->handle()
#28 /home/skytech/ISP-BILLING-main/vendor/laravel/framework/src/Illuminate/Session/Middleware/StartSession.php(120): Illuminate\\Pipeline\\Pipeline->Illuminate\\Pipeline\\{closure}()
#29 /home/skytech/ISP-BILLING-main/vendor/laravel/framework/src/Illuminate/Session/Middleware/StartSession.php(63): Illuminate\\Session\\Middleware\\StartSession->handleStatefulRequest()
#30 /home/skytech/ISP-BILLING-main/vendor/laravel/framework/src/Illuminate/Pipeline/Pipeline.php(219): Illuminate\\Session\\Middleware\\StartSession->handle()
#31 /home/skytech/ISP-BILLING-main/vendor/laravel/framework/src/Illuminate/Cookie/Middleware/AddQueuedCookiesToResponse.php(36): Illuminate\\Pipeline\\Pipeline->Illuminate\\Pipeline\\{closure}()
#32 /home/skytech/ISP-BILLING-main/vendor/laravel/framework/src/Illuminate/Pipeline/Pipeline.php(219): Illuminate\\Cookie\\Middleware\\AddQueuedCookiesToResponse->handle()
#33 /home/skytech/ISP-BILLING-main/vendor/laravel/framework/src/Illuminate/Cookie/Middleware/EncryptCookies.php(74): Illuminate\\Pipeline\\Pipeline->Illuminate\\Pipeline\\{closure}()
#34 /home/skytech/ISP-BILLING-main/vendor/laravel/framework/src/Illuminate/Pipeline/Pipeline.php(219): Illuminate\\Cookie\\Middleware\\EncryptCookies->handle()
#35 /home/skytech/ISP-BILLING-main/vendor/filament/filament/src/Http/Middleware/SetUpPanel.php(19): Illuminate\\Pipeline\\Pipeline->Illuminate\\Pipeline\\{closure}()
#36 /home/skytech/ISP-BILLING-main/vendor/laravel/framework/src/Illuminate/Pipeline/Pipeline.php(219): Filament\\Http\\Middleware\\SetUpPanel->handle()
#37 /home/skytech/ISP-BILLING-main/vendor/laravel/framework/src/Illuminate/Pipeline/Pipeline.php(137): Illuminate\\Pipeline\\Pipeline->Illuminate\\Pipeline\\{closure}()
#38 /home/skytech/ISP-BILLING-main/vendor/laravel/framework/src/Illuminate/Routing/Router.php(821): Illuminate\\Pipeline\\Pipeline->then()
#39 /home/skytech/ISP-BILLING-main/vendor/laravel/framework/src/Illuminate/Routing/Router.php(800): Illuminate\\Routing\\Router->runRouteWithinStack()
#40 /home/skytech/ISP-BILLING-main/vendor/laravel/framework/src/Illuminate/Routing/Router.php(764): Illuminate\\Routing\\Router->runRoute()
#41 /home/skytech/ISP-BILLING-main/vendor/laravel/framework/src/Illuminate/Routing/Router.php(753): Illuminate\\Routing\\Router->dispatchToRoute()
#42 /home/skytech/ISP-BILLING-main/vendor/laravel/framework/src/Illuminate/Foundation/Http/Kernel.php(200): Illuminate\\Routing\\Router->dispatch()
#43 /home/skytech/ISP-BILLING-main/vendor/laravel/framework/src/Illuminate/Pipeline/Pipeline.php(180): Illuminate\\Foundation\\Http\\Kernel->Illuminate\\Foundation\\Http\\{closure}()
#44 /home/skytech/ISP-BILLING-main/vendor/livewire/livewire/src/Features/SupportDisablingBackButtonCache/DisableBackButtonCacheMiddleware.php(19): Illuminate\\Pipeline\\Pipeline->Illuminate\\Pipeline\\{closure}()
#45 /home/skytech/ISP-BILLING-main/vendor/laravel/framework/src/Illuminate/Pipeline/Pipeline.php(219): Livewire\\Features\\SupportDisablingBackButtonCache\\DisableBackButtonCacheMiddleware->handle()
#46 /home/skytech/ISP-BILLING-main/app/Http/Middleware/CheckSiteStatus.php(55): Illuminate\\Pipeline\\Pipeline->Illuminate\\Pipeline\\{closure}()
#47 /home/skytech/ISP-BILLING-main/vendor/laravel/framework/src/Illuminate/Pipeline/Pipeline.php(219): App\\Http\\Middleware\\CheckSiteStatus->handle()
#48 /home/skytech/ISP-BILLING-main/vendor/laravel/framework/src/Illuminate/Foundation/Http/Middleware/TransformsRequest.php(21): Illuminate\\Pipeline\\Pipeline->Illuminate\\Pipeline\\{closure}()
#49 /home/skytech/ISP-BILLING-main/vendor/laravel/framework/src/Illuminate/Foundation/Http/Middleware/ConvertEmptyStringsToNull.php(31): Illuminate\\Foundation\\Http\\Middleware\\TransformsRequest->handle()
#50 /home/skytech/ISP-BILLING-main/vendor/laravel/framework/src/Illuminate/Pipeline/Pipeline.php(219): Illuminate\\Foundation\\Http\\Middleware\\ConvertEmptyStringsToNull->handle()
#51 /home/skytech/ISP-BILLING-main/vendor/laravel/framework/src/Illuminate/Foundation/Http/Middleware/TransformsRequest.php(21): Illuminate\\Pipeline\\Pipeline->Illuminate\\Pipeline\\{closure}()
#52 /home/skytech/ISP-BILLING-main/vendor/laravel/framework/src/Illuminate/Foundation/Http/Middleware/TrimStrings.php(51): Illuminate\\Foundation\\Http\\Middleware\\TransformsRequest->handle()
#53 /home/skytech/ISP-BILLING-main/vendor/laravel/framework/src/Illuminate/Pipeline/Pipeline.php(219): Illuminate\\Foundation\\Http\\Middleware\\TrimStrings->handle()
#54 /home/skytech/ISP-BILLING-main/vendor/laravel/framework/src/Illuminate/Http/Middleware/ValidatePostSize.php(27): Illuminate\\Pipeline\\Pipeline->Illuminate\\Pipeline\\{closure}()
#55 /home/skytech/ISP-BILLING-main/vendor/laravel/framework/src/Illuminate/Pipeline/Pipeline.php(219): Illuminate\\Http\\Middleware\\ValidatePostSize->handle()
#56 /home/skytech/ISP-BILLING-main/vendor/laravel/framework/src/Illuminate/Foundation/Http/Middleware/PreventRequestsDuringMaintenance.php(109): Illuminate\\Pipeline\\Pipeline->Illuminate\\Pipeline\\{closure}()
#57 /home/skytech/ISP-BILLING-main/vendor/laravel/framework/src/Illuminate/Pipeline/Pipeline.php(219): Illuminate\\Foundation\\Http\\Middleware\\PreventRequestsDuringMaintenance->handle()
#58 /home/skytech/ISP-BILLING-main/vendor/laravel/framework/src/Illuminate/Http/Middleware/HandleCors.php(61): Illuminate\\Pipeline\\Pipeline->Illuminate\\Pipeline\\{closure}()
#59 /home/skytech/ISP-BILLING-main/vendor/laravel/framework/src/Illuminate/Pipeline/Pipeline.php(219): Illuminate\\Http\\Middleware\\HandleCors->handle()
#60 /home/skytech/ISP-BILLING-main/vendor/laravel/framework/src/Illuminate/Http/Middleware/TrustProxies.php(58): Illuminate\\Pipeline\\Pipeline->Illuminate\\Pipeline\\{closure}()
#61 /home/skytech/ISP-BILLING-main/vendor/laravel/framework/src/Illuminate/Pipeline/Pipeline.php(219): Illuminate\\Http\\Middleware\\TrustProxies->handle()
#62 /home/skytech/ISP-BILLING-main/vendor/laravel/framework/src/Illuminate/Foundation/Http/Middleware/InvokeDeferredCallbacks.php(22): Illuminate\\Pipeline\\Pipeline->Illuminate\\Pipeline\\{closure}()
#63 /home/skytech/ISP-BILLING-main/vendor/laravel/framework/src/Illuminate/Pipeline/Pipeline.php(219): Illuminate\\Foundation\\Http\\Middleware\\InvokeDeferredCallbacks->handle()
#64 /home/skytech/ISP-BILLING-main/vendor/laravel/framework/src/Illuminate/Http/Middleware/ValidatePathEncoding.php(26): Illuminate\\Pipeline\\Pipeline->Illuminate\\Pipeline\\{closure}()
#65 /home/skytech/ISP-BILLING-main/vendor/laravel/framework/src/Illuminate/Pipeline/Pipeline.php(219): Illuminate\\Http\\Middleware\\ValidatePathEncoding->handle()
#66 /home/skytech/ISP-BILLING-main/vendor/laravel/framework/src/Illuminate/Pipeline/Pipeline.php(137): Illuminate\\Pipeline\\Pipeline->Illuminate\\Pipeline\\{closure}()
#67 /home/skytech/ISP-BILLING-main/vendor/laravel/framework/src/Illuminate/Foundation/Http/Kernel.php(175): Illuminate\\Pipeline\\Pipeline->then()
#68 /home/skytech/ISP-BILLING-main/vendor/laravel/framework/src/Illuminate/Foundation/Http/Kernel.php(144): Illuminate\\Foundation\\Http\\Kernel->sendRequestThroughRouter()
#69 /home/skytech/ISP-BILLING-main/vendor/laravel/framework/src/Illuminate/Foundation/Application.php(1220): Illuminate\\Foundation\\Http\\Kernel->handle()
#70 /home/skytech/ISP-BILLING-main/public/index.php(20): Illuminate\\Foundation\\Application->handleRequest()
#71 {main}
"} 
[2026-09-25 12:10:50] production.ERROR: fopen(/home/skytech/ISP-BILLING-main/storage/framework/cache/data/1f/20/1f20e41204a52c7acfe237d1768d1e9d6212e60d): Failed to open stream: No such file or directory {"exception":"[object] (ErrorException(code: 0): fopen(/home/skytech/ISP-BILLING-main/storage/framework/cache/data/1f/20/1f20e41204a52c7acfe237d1768d1e9d6212e60d): Failed to open stream: No such file or directory at /home/skytech/ISP-BILLING-main/vendor/laravel/framework/src/Illuminate/Filesystem/LockableFile.php:68)
[stacktrace]
#0 /home/skytech/ISP-BILLING-main/vendor/laravel/framework/src/Illuminate/Foundation/Bootstrap/HandleExceptions.php(262): Illuminate\\Foundation\\Bootstrap\\HandleExceptions->handleError()
#1 [internal function]: Illuminate\\Foundation\\Bootstrap\\HandleExceptions->Illuminate\\Foundation\\Bootstrap\\{closure}()
#2 /home/skytech/ISP-BILLING-main/vendor/laravel/framework/src/Illuminate/Filesystem/LockableFile.php(68): fopen()
#3 /home/skytech/ISP-BILLING-main/vendor/laravel/framework/src/Illuminate/Filesystem/LockableFile.php(41): Illuminate\\Filesystem\\LockableFile->createResource()
#4 /home/skytech/ISP-BILLING-main/vendor/laravel/framework/src/Illuminate/Cache/FileStore.php(116): Illuminate\\Filesystem\\LockableFile->__construct()
#5 /home/skytech/ISP-BILLING-main/vendor/laravel/framework/src/Illuminate/Cache/Repository.php(479): Illuminate\\Cache\\FileStore->add()
#6 /home/skytech/ISP-BILLING-main/vendor/laravel/framework/src/Illuminate/Cache/RateLimiter.php(164): Illuminate\\Cache\\Repository->add()
#7 /home/skytech/ISP-BILLING-main/vendor/laravel/framework/src/Illuminate/Cache/RateLimiter.php(149): Illuminate\\Cache\\RateLimiter->increment()
#8 /home/skytech/ISP-BILLING-main/vendor/laravel/framework/src/Illuminate/Support/Facades/Facade.php(363): Illuminate\\Cache\\RateLimiter->hit()
#9 /home/skytech/ISP-BILLING-main/vendor/danharrin/livewire-rate-limiting/src/WithRateLimiting.php(38): Illuminate\\Support\\Facades\\Facade::__callStatic()
#10 /home/skytech/ISP-BILLING-main/vendor/danharrin/livewire-rate-limiting/src/WithRateLimiting.php(56): Filament\\Auth\\Pages\\Login->hitRateLimiter()
#11 /home/skytech/ISP-BILLING-main/vendor/filament/filament/src/Auth/Pages/Login.php(76): Filament\\Auth\\Pages\\Login->rateLimit()
#12 /home/skytech/ISP-BILLING-main/vendor/laravel/framework/src/Illuminate/Container/BoundMethod.php(36): Filament\\Auth\\Pages\\Login->authenticate()
#13 /home/skytech/ISP-BILLING-main/vendor/laravel/framework/src/Illuminate/Container/Util.php(43): Illuminate\\Container\\BoundMethod::Illuminate\\Container\\{closure}()
#14 /home/skytech/ISP-BILLING-main/vendor/laravel/framework/src/Illuminate/Container/BoundMethod.php(96): Illuminate\\Container\\Util::unwrapIfClosure()
#15 /home/skytech/ISP-BILLING-main/vendor/laravel/framework/src/Illuminate/Container/BoundMethod.php(35): Illuminate\\Container\\BoundMethod::callBoundMethod()
#16 /home/skytech/ISP-BILLING-main/vendor/livewire/livewire/src/Wrapped.php(23): Illuminate\\Container\\BoundMethod::call()
#17 /home/skytech/ISP-BILLING-main/vendor/livewire/livewire/src/Mechanisms/HandleComponents/HandleComponents.php(581): Livewire\\Wrapped->__call()
#18 /home/skytech/ISP-BILLING-main/vendor/livewire/livewire/src/Mechanisms/HandleComponents/HandleComponents.php(222): Livewire\\Mechanisms\\HandleComponents\\HandleComponents->callMethods()
#19 /home/skytech/ISP-BILLING-main/vendor/livewire/livewire/src/LivewireManager.php(132): Livewire\\Mechanisms\\HandleComponents\\HandleComponents->update()
#20 /home/skytech/ISP-BILLING-main/vendor/livewire/livewire/src/Mechanisms/HandleRequests/HandleRequests.php(205): Livewire\\LivewireManager->update()
#21 /home/skytech/ISP-BILLING-main/vendor/laravel/framework/src/Illuminate/Routing/ControllerDispatcher.php(46): Livewire\\Mechanisms\\HandleRequests\\HandleRequests->handleUpdate()
#22 /home/skytech/ISP-BILLING-main/vendor/laravel/framework/src/Illuminate/Routing/Route.php(265): Illuminate\\Routing\\ControllerDispatcher->dispatch()
#23 /home/skytech/ISP-BILLING-main/vendor/laravel/framework/src/Illuminate/Routing/Route.php(211): Illuminate\\Routing\\Route->runController()
#24 /home/skytech/ISP-BILLING-main/vendor/laravel/framework/src/Illuminate/Routing/Router.php(822): Illuminate\\Routing\\Route->run()
#25 /home/skytech/ISP-BILLING-main/vendor/laravel/framework/src/Illuminate/Pipeline/Pipeline.php(180): Illuminate\\Routing\\Router->Illuminate\\Routing\\{closure}()
#26 /home/skytech/ISP-BILLING-main/vendor/livewire/livewire/src/Mechanisms/HandleRequests/RequireLivewireHeaders.php(19): Illuminate\\Pipeline\\Pipeline->Illuminate\\Pipeline\\{closure}()
#27 /home/skytech/ISP-BILLING-main/vendor/laravel/framework/src/Illuminate/Pipeline/Pipeline.php(219): Livewire\\Mechanisms\\HandleRequests\\RequireLivewireHeaders->handle()
#28 /home/skytech/ISP-BILLING-main/vendor/php-flasher/flasher-laravel/Middleware/FlasherMiddleware.php(21): Illuminate\\Pipeline\\Pipeline->Illuminate\\Pipeline\\{closure}()
#29 /home/skytech/ISP-BILLING-main/vendor/laravel/framework/src/Illuminate/Pipeline/Pipeline.php(219): Flasher\\Laravel\\Middleware\\FlasherMiddleware->handle()
#30 /home/skytech/ISP-BILLING-main/vendor/php-flasher/flasher-laravel/Middleware/SessionMiddleware.php(21): Illuminate\\Pipeline\\Pipeline->Illuminate\\Pipeline\\{closure}()
#31 /home/skytech/ISP-BILLING-main/vendor/laravel/framework/src/Illuminate/Pipeline/Pipeline.php(219): Flasher\\Laravel\\Middleware\\SessionMiddleware->handle()
#32 /home/skytech/ISP-BILLING-main/app/Http/Middleware/SetLocaleFromSession.php(42): Illuminate\\Pipeline\\Pipeline->Illuminate\\Pipeline\\{closure}()
#33 /home/skytech/ISP-BILLING-main/vendor/laravel/framework/src/Illuminate/Pipeline/Pipeline.php(219): App\\Http\\Middleware\\SetLocaleFromSession->handle()
#34 /home/skytech/ISP-BILLING-main/vendor/laravel/framework/src/Illuminate/Routing/Middleware/SubstituteBindings.php(50): Illuminate\\Pipeline\\Pipeline->Illuminate\\Pipeline\\{closure}()
#35 /home/skytech/ISP-BILLING-main/vendor/laravel/framework/src/Illuminate/Pipeline/Pipeline.php(219): Illuminate\\Routing\\Middleware\\SubstituteBindings->handle()
#36 /home/skytech/ISP-BILLING-main/vendor/laravel/framework/src/Illuminate/Foundation/Http/Middleware/VerifyCsrfToken.php(87): Illuminate\\Pipeline\\Pipeline->Illuminate\\Pipeline\\{closure}()
#37 /home/skytech/ISP-BILLING-main/vendor/laravel/framework/src/Illuminate/Pipeline/Pipeline.php(219): Illuminate\\Foundation\\Http\\Middleware\\VerifyCsrfToken->handle()
#38 /home/skytech/ISP-BILLING-main/vendor/laravel/framework/src/Illuminate/View/Middleware/ShareErrorsFromSession.php(48): Illuminate\\Pipeline\\Pipeline->Illuminate\\Pipeline\\{closure}()
#39 /home/skytech/ISP-BILLING-main/vendor/laravel/framework/src/Illuminate/Pipeline/Pipeline.php(219): Illuminate\\View\\Middleware\\ShareErrorsFromSession->handle()
#40 /home/skytech/ISP-BILLING-main/vendor/laravel/framework/src/Illuminate/Session/Middleware/StartSession.php(120): Illuminate\\Pipeline\\Pipeline->Illuminate\\Pipeline\\{closure}()
#41 /home/skytech/ISP-BILLING-main/vendor/laravel/framework/src/Illuminate/Session/Middleware/StartSession.php(63): Illuminate\\Session\\Middleware\\StartSession->handleStatefulRequest()
#42 /home/skytech/ISP-BILLING-main/vendor/laravel/framework/src/Illuminate/Pipeline/Pipeline.php(219): Illuminate\\Session\\Middleware\\StartSession->handle()
#43 /home/skytech/ISP-BILLING-main/vendor/laravel/framework/src/Illuminate/Cookie/Middleware/AddQueuedCookiesToResponse.php(36): Illuminate\\Pipeline\\Pipeline->Illuminate\\Pipeline\\{closure}()
#44 /home/skytech/ISP-BILLING-main/vendor/laravel/framework/src/Illuminate/Pipeline/Pipeline.php(219): Illuminate\\Cookie\\Middleware\\AddQueuedCookiesToResponse->handle()
#45 /home/skytech/ISP-BILLING-main/vendor/laravel/framework/src/Illuminate/Cookie/Middleware/EncryptCookies.php(74): Illuminate\\Pipeline\\Pipeline->Illuminate\\Pipeline\\{closure}()
#46 /home/skytech/ISP-BILLING-main/vendor/laravel/framework/src/Illuminate/Pipeline/Pipeline.php(219): Illuminate\\Cookie\\Middleware\\EncryptCookies->handle()
#47 /home/skytech/ISP-BILLING-main/vendor/laravel/framework/src/Illuminate/Pipeline/Pipeline.php(137): Illuminate\\Pipeline\\Pipeline->Illuminate\\Pipeline\\{closure}()
#48 /home/skytech/ISP-BILLING-main/vendor/laravel/framework/src/Illuminate/Routing/Router.php(821): Illuminate\\Pipeline\\Pipeline->then()
#49 /home/skytech/ISP-BILLING-main/vendor/laravel/framework/src/Illuminate/Routing/Router.php(800): Illuminate\\Routing\\Router->runRouteWithinStack()
#50 /home/skytech/ISP-BILLING-main/vendor/laravel/framework/src/Illuminate/Routing/Router.php(764): Illuminate\\Routing\\Router->runRoute()
#51 /home/skytech/ISP-BILLING-main/vendor/laravel/framework/src/Illuminate/Routing/Router.php(753): Illuminate\\Routing\\Router->dispatchToRoute()
#52 /home/skytech/ISP-BILLING-main/vendor/laravel/framework/src/Illuminate/Foundation/Http/Kernel.php(200): Illuminate\\Routing\\Router->dispatch()
#53 /home/skytech/ISP-BILLING-main/vendor/laravel/framework/src/Illuminate/Pipeline/Pipeline.php(180): Illuminate\\Foundation\\Http\\Kernel->Illuminate\\Foundation\\Http\\{closure}()
#54 /home/skytech/ISP-BILLING-main/vendor/livewire/livewire/src/Features/SupportDisablingBackButtonCache/DisableBackButtonCacheMiddleware.php(19): Illuminate\\Pipeline\\Pipeline->Illuminate\\Pipeline\\{closure}()
#55 /home/skytech/ISP-BILLING-main/vendor/laravel/framework/src/Illuminate/Pipeline/Pipeline.php(219): Livewire\\Features\\SupportDisablingBackButtonCache\\DisableBackButtonCacheMiddleware->handle()
#56 /home/skytech/ISP-BILLING-main/app/Http/Middleware/CheckSiteStatus.php(55): Illuminate\\Pipeline\\Pipeline->Illuminate\\Pipeline\\{closure}()
#57 /home/skytech/ISP-BILLING-main/vendor/laravel/framework/src/Illuminate/Pipeline/Pipeline.php(219): App\\Http\\Middleware\\CheckSiteStatus->handle()
#58 /home/skytech/ISP-BILLING-main/vendor/laravel/framework/src/Illuminate/Foundation/Http/Middleware/ConvertEmptyStringsToNull.php(27): Illuminate\\Pipeline\\Pipeline->Illuminate\\Pipeline\\{closure}()
#59 /home/skytech/ISP-BILLING-main/vendor/laravel/framework/src/Illuminate/Pipeline/Pipeline.php(219): Illuminate\\Foundation\\Http\\Middleware\\ConvertEmptyStringsToNull->handle()
#60 /home/skytech/ISP-BILLING-main/vendor/laravel/framework/src/Illuminate/Foundation/Http/Middleware/TrimStrings.php(47): Illuminate\\Pipeline\\Pipeline->Illuminate\\Pipeline\\{closure}()
#61 /home/skytech/ISP-BILLING-main/vendor/laravel/framework/src/Illuminate/Pipeline/Pipeline.php(219): Illuminate\\Foundation\\Http\\Middleware\\TrimStrings->handle()
#62 /home/skytech/ISP-BILLING-main/vendor/laravel/framework/src/Illuminate/Http/Middleware/ValidatePostSize.php(27): Illuminate\\Pipeline\\Pipeline->Illuminate\\Pipeline\\{closure}()
#63 /home/skytech/ISP-BILLING-main/vendor/laravel/framework/src/Illuminate/Pipeline/Pipeline.php(219): Illuminate\\Http\\Middleware\\ValidatePostSize->handle()
#64 /home/skytech/ISP-BILLING-main/vendor/laravel/framework/src/Illuminate/Foundation/Http/Middleware/PreventRequestsDuringMaintenance.php(109): Illuminate\\Pipeline\\Pipeline->Illuminate\\Pipeline\\{closure}()
#65 /home/skytech/ISP-BILLING-main/vendor/laravel/framework/src/Illuminate/Pipeline/Pipeline.php(219): Illuminate\\Foundation\\Http\\Middleware\\PreventRequestsDuringMaintenance->handle()
#66 /home/skytech/ISP-BILLING-main/vendor/laravel/framework/src/Illuminate/Http/Middleware/HandleCors.php(61): Illuminate\\Pipeline\\Pipeline->Illuminate\\Pipeline\\{closure}()
#67 /home/skytech/ISP-BILLING-main/vendor/laravel/framework/src/Illuminate/Pipeline/Pipeline.php(219): Illuminate\\Http\\Middleware\\HandleCors->handle()
#68 /home/skytech/ISP-BILLING-main/vendor/laravel/framework/src/Illuminate/Http/Middleware/TrustProxies.php(58): Illuminate\\Pipeline\\Pipeline->Illuminate\\Pipeline\\{closure}()
#69 /home/skytech/ISP-BILLING-main/vendor/laravel/framework/src/Illuminate/Pipeline/Pipeline.php(219): Illuminate\\Http\\Middleware\\TrustProxies->handle()
#70 /home/skytech/ISP-BILLING-main/vendor/laravel/framework/src/Illuminate/Foundation/Http/Middleware/InvokeDeferredCallbacks.php(22): Illuminate\\Pipeline\\Pipeline->Illuminate\\Pipeline\\{closure}()
#71 /home/skytech/ISP-BILLING-main/vendor/laravel/framework/src/Illuminate/Pipeline/Pipeline.php(219): Illuminate\\Foundation\\Http\\Middleware\\InvokeDeferredCallbacks->handle()
#72 /home/skytech/ISP-BILLING-main/vendor/laravel/framework/src/Illuminate/Http/Middleware/ValidatePathEncoding.php(26): Illuminate\\Pipeline\\Pipeline->Illuminate\\Pipeline\\{closure}()
#73 /home/skytech/ISP-BILLING-main/vendor/laravel/framework/src/Illuminate/Pipeline/Pipeline.php(219): Illuminate\\Http\\Middleware\\ValidatePathEncoding->handle()
#74 /home/skytech/ISP-BILLING-main/vendor/laravel/framework/src/Illuminate/Pipeline/Pipeline.php(137): Illuminate\\Pipeline\\Pipeline->Illuminate\\Pipeline\\{closure}()
#75 /home/skytech/ISP-BILLING-main/vendor/laravel/framework/src/Illuminate/Foundation/Http/Kernel.php(175): Illuminate\\Pipeline\\Pipeline->then()
#76 /home/skytech/ISP-BILLING-main/vendor/laravel/framework/src/Illuminate/Foundation/Http/Kernel.php(144): Illuminate\\Foundation\\Http\\Kernel->sendRequestThroughRouter()
#77 /home/skytech/ISP-BILLING-main/vendor/laravel/framework/src/Illuminate/Foundation/Application.php(1220): Illuminate\\Foundation\\Http\\Kernel->handle()
#78 /home/skytech/ISP-BILLING-main/public/index.php(20): Illuminate\\Foundation\\Application->handleRequest()
#79 {main}
"} 
[2026-09-25 12:19:25] production.ERROR: Route [filament.portal.pages.dashboard] not defined. {"userId":1,"exception":"[object] (Symfony\\Component\\Routing\\Exception\\RouteNotFoundException(code: 0): Route [filament.portal.pages.dashboard] not defined. at /home/skytech/ISP-BILLING-main/vendor/laravel/framework/src/Illuminate/Routing/UrlGenerator.php:534)
[stacktrace]
#0 /home/skytech/ISP-BILLING-main/vendor/laravel/framework/src/Illuminate/Foundation/helpers.php(870): Illuminate\\Routing\\UrlGenerator->route()
#1 /home/skytech/ISP-BILLING-main/vendor/filament/filament/src/Pages/Page.php(108): route()
#2 /home/skytech/ISP-BILLING-main/vendor/filament/filament/src/Pages/Page.php(272): Filament\\Pages\\Page::getUrl()
#3 /home/skytech/ISP-BILLING-main/vendor/filament/filament/src/Pages/Page.php(160): Filament\\Pages\\Page::getNavigationUrl()
#4 /home/skytech/ISP-BILLING-main/vendor/filament/filament/src/Pages/Page.php(139): Filament\\Pages\\Page::getNavigationItems()
#5 /home/skytech/ISP-BILLING-main/vendor/filament/filament/src/Navigation/NavigationManager.php(194): Filament\\Pages\\Page::registerNavigationItems()
#6 /home/skytech/ISP-BILLING-main/vendor/filament/filament/src/Navigation/NavigationManager.php(54): Filament\\Navigation\\NavigationManager->mountNavigation()
#7 /home/skytech/ISP-BILLING-main/vendor/filament/filament/src/Panel/Concerns/HasRoutes.php(225): Filament\\Navigation\\NavigationManager->get()
#8 /home/skytech/ISP-BILLING-main/vendor/filament/filament/src/Http/Controllers/RedirectToHomeController.php(14): Filament\\Panel->getRedirectUrl()
#9 /home/skytech/ISP-BILLING-main/vendor/laravel/framework/src/Illuminate/Routing/ControllerDispatcher.php(46): Filament\\Http\\Controllers\\RedirectToHomeController->__invoke()
#10 /home/skytech/ISP-BILLING-main/vendor/laravel/framework/src/Illuminate/Routing/Route.php(265): Illuminate\\Routing\\ControllerDispatcher->dispatch()
#11 /home/skytech/ISP-BILLING-main/vendor/laravel/framework/src/Illuminate/Routing/Route.php(211): Illuminate\\Routing\\Route->runController()
#12 /home/skytech/ISP-BILLING-main/vendor/laravel/framework/src/Illuminate/Routing/Router.php(822): Illuminate\\Routing\\Route->run()
#13 /home/skytech/ISP-BILLING-main/vendor/laravel/framework/src/Illuminate/Pipeline/Pipeline.php(180): Illuminate\\Routing\\Router->Illuminate\\Routing\\{closure}()
#14 /home/skytech/ISP-BILLING-main/vendor/filament/filament/src/Http/Middleware/DispatchServingFilamentEvent.php(15): Illuminate\\Pipeline\\Pipeline->Illuminate\\Pipeline\\{closure}()
#15 /home/skytech/ISP-BILLING-main/vendor/laravel/framework/src/Illuminate/Pipeline/Pipeline.php(219): Filament\\Http\\Middleware\\DispatchServingFilamentEvent->handle()
#16 /home/skytech/ISP-BILLING-main/vendor/filament/filament/src/Http/Middleware/DisableBladeIconComponents.php(14): Illuminate\\Pipeline\\Pipeline->Illuminate\\Pipeline\\{closure}()
#17 /home/skytech/ISP-BILLING-main/vendor/laravel/framework/src/Illuminate/Pipeline/Pipeline.php(219): Filament\\Http\\Middleware\\DisableBladeIconComponents->handle()
#18 /home/skytech/ISP-BILLING-main/vendor/laravel/framework/src/Illuminate/Routing/Middleware/SubstituteBindings.php(50): Illuminate\\Pipeline\\Pipeline->Illuminate\\Pipeline\\{closure}()
#19 /home/skytech/ISP-BILLING-main/vendor/laravel/framework/src/Illuminate/Pipeline/Pipeline.php(219): Illuminate\\Routing\\Middleware\\SubstituteBindings->handle()
#20 /home/skytech/ISP-BILLING-main/vendor/laravel/framework/src/Illuminate/Foundation/Http/Middleware/VerifyCsrfToken.php(87): Illuminate\\Pipeline\\Pipeline->Illuminate\\Pipeline\\{closure}()
#21 /home/skytech/ISP-BILLING-main/vendor/laravel/framework/src/Illuminate/Pipeline/Pipeline.php(219): Illuminate\\Foundation\\Http\\Middleware\\VerifyCsrfToken->handle()
#22 /home/skytech/ISP-BILLING-main/vendor/laravel/framework/src/Illuminate/Session/Middleware/AuthenticateSession.php(70): Illuminate\\Pipeline\\Pipeline->Illuminate\\Pipeline\\{closure}()
#23 /home/skytech/ISP-BILLING-main/vendor/laravel/framework/src/Illuminate/Pipeline/Pipeline.php(219): Illuminate\\Session\\Middleware\\AuthenticateSession->handle()
#24 /home/skytech/ISP-BILLING-main/vendor/laravel/framework/src/Illuminate/Auth/Middleware/Authenticate.php(63): Illuminate\\Pipeline\\Pipeline->Illuminate\\Pipeline\\{closure}()
#25 /home/skytech/ISP-BILLING-main/vendor/laravel/framework/src/Illuminate/Pipeline/Pipeline.php(219): Illuminate\\Auth\\Middleware\\Authenticate->handle()
#26 /home/skytech/ISP-BILLING-main/vendor/laravel/framework/src/Illuminate/View/Middleware/ShareErrorsFromSession.php(48): Illuminate\\Pipeline\\Pipeline->Illuminate\\Pipeline\\{closure}()
#27 /home/skytech/ISP-BILLING-main/vendor/laravel/framework/src/Illuminate/Pipeline/Pipeline.php(219): Illuminate\\View\\Middleware\\ShareErrorsFromSession->handle()
#28 /home/skytech/ISP-BILLING-main/vendor/laravel/framework/src/Illuminate/Session/Middleware/StartSession.php(120): Illuminate\\Pipeline\\Pipeline->Illuminate\\Pipeline\\{closure}()
#29 /home/skytech/ISP-BILLING-main/vendor/laravel/framework/src/Illuminate/Session/Middleware/StartSession.php(63): Illuminate\\Session\\Middleware\\StartSession->handleStatefulRequest()
#30 /home/skytech/ISP-BILLING-main/vendor/laravel/framework/src/Illuminate/Pipeline/Pipeline.php(219): Illuminate\\Session\\Middleware\\StartSession->handle()
#31 /home/skytech/ISP-BILLING-main/vendor/laravel/framework/src/Illuminate/Cookie/Middleware/AddQueuedCookiesToResponse.php(36): Illuminate\\Pipeline\\Pipeline->Illuminate\\Pipeline\\{closure}()
#32 /home/skytech/ISP-BILLING-main/vendor/laravel/framework/src/Illuminate/Pipeline/Pipeline.php(219): Illuminate\\Cookie\\Middleware\\AddQueuedCookiesToResponse->handle()
#33 /home/skytech/ISP-BILLING-main/vendor/laravel/framework/src/Illuminate/Cookie/Middleware/EncryptCookies.php(74): Illuminate\\Pipeline\\Pipeline->Illuminate\\Pipeline\\{closure}()
#34 /home/skytech/ISP-BILLING-main/vendor/laravel/framework/src/Illuminate/Pipeline/Pipeline.php(219): Illuminate\\Cookie\\Middleware\\EncryptCookies->handle()
#35 /home/skytech/ISP-BILLING-main/vendor/filament/filament/src/Http/Middleware/SetUpPanel.php(19): Illuminate\\Pipeline\\Pipeline->Illuminate\\Pipeline\\{closure}()
#36 /home/skytech/ISP-BILLING-main/vendor/laravel/framework/src/Illuminate/Pipeline/Pipeline.php(219): Filament\\Http\\Middleware\\SetUpPanel->handle()
#37 /home/skytech/ISP-BILLING-main/vendor/laravel/framework/src/Illuminate/Pipeline/Pipeline.php(137): Illuminate\\Pipeline\\Pipeline->Illuminate\\Pipeline\\{closure}()
#38 /home/skytech/ISP-BILLING-main/vendor/laravel/framework/src/Illuminate/Routing/Router.php(821): Illuminate\\Pipeline\\Pipeline->then()
#39 /home/skytech/ISP-BILLING-main/vendor/laravel/framework/src/Illuminate/Routing/Router.php(800): Illuminate\\Routing\\Router->runRouteWithinStack()
#40 /home/skytech/ISP-BILLING-main/vendor/laravel/framework/src/Illuminate/Routing/Router.php(764): Illuminate\\Routing\\Router->runRoute()
#41 /home/skytech/ISP-BILLING-main/vendor/laravel/framework/src/Illuminate/Routing/Router.php(753): Illuminate\\Routing\\Router->dispatchToRoute()
#42 /home/skytech/ISP-BILLING-main/vendor/laravel/framework/src/Illuminate/Foundation/Http/Kernel.php(200): Illuminate\\Routing\\Router->dispatch()
#43 /home/skytech/ISP-BILLING-main/vendor/laravel/framework/src/Illuminate/Pipeline/Pipeline.php(180): Illuminate\\Foundation\\Http\\Kernel->Illuminate\\Foundation\\Http\\{closure}()
#44 /home/skytech/ISP-BILLING-main/vendor/livewire/livewire/src/Features/SupportDisablingBackButtonCache/DisableBackButtonCacheMiddleware.php(19): Illuminate\\Pipeline\\Pipeline->Illuminate\\Pipeline\\{closure}()
#45 /home/skytech/ISP-BILLING-main/vendor/laravel/framework/src/Illuminate/Pipeline/Pipeline.php(219): Livewire\\Features\\SupportDisablingBackButtonCache\\DisableBackButtonCacheMiddleware->handle()
#46 /home/skytech/ISP-BILLING-main/app/Http/Middleware/CheckSiteStatus.php(55): Illuminate\\Pipeline\\Pipeline->Illuminate\\Pipeline\\{closure}()
#47 /home/skytech/ISP-BILLING-main/vendor/laravel/framework/src/Illuminate/Pipeline/Pipeline.php(219): App\\Http\\Middleware\\CheckSiteStatus->handle()
#48 /home/skytech/ISP-BILLING-main/vendor/laravel/framework/src/Illuminate/Foundation/Http/Middleware/TransformsRequest.php(21): Illuminate\\Pipeline\\Pipeline->Illuminate\\Pipeline\\{closure}()
#49 /home/skytech/ISP-BILLING-main/vendor/laravel/framework/src/Illuminate/Foundation/Http/Middleware/ConvertEmptyStringsToNull.php(31): Illuminate\\Foundation\\Http\\Middleware\\TransformsRequest->handle()
#50 /home/skytech/ISP-BILLING-main/vendor/laravel/framework/src/Illuminate/Pipeline/Pipeline.php(219): Illuminate\\Foundation\\Http\\Middleware\\ConvertEmptyStringsToNull->handle()
#51 /home/skytech/ISP-BILLING-main/vendor/laravel/framework/src/Illuminate/Foundation/Http/Middleware/TransformsRequest.php(21): Illuminate\\Pipeline\\Pipeline->Illuminate\\Pipeline\\{closure}()
#52 /home/skytech/ISP-BILLING-main/vendor/laravel/framework/src/Illuminate/Foundation/Http/Middleware/TrimStrings.php(51): Illuminate\\Foundation\\Http\\Middleware\\TransformsRequest->handle()
#53 /home/skytech/ISP-BILLING-main/vendor/laravel/framework/src/Illuminate/Pipeline/Pipeline.php(219): Illuminate\\Foundation\\Http\\Middleware\\TrimStrings->handle()
#54 /home/skytech/ISP-BILLING-main/vendor/laravel/framework/src/Illuminate/Http/Middleware/ValidatePostSize.php(27): Illuminate\\Pipeline\\Pipeline->Illuminate\\Pipeline\\{closure}()
#55 /home/skytech/ISP-BILLING-main/vendor/laravel/framework/src/Illuminate/Pipeline/Pipeline.php(219): Illuminate\\Http\\Middleware\\ValidatePostSize->handle()
#56 /home/skytech/ISP-BILLING-main/vendor/laravel/framework/src/Illuminate/Foundation/Http/Middleware/PreventRequestsDuringMaintenance.php(109): Illuminate\\Pipeline\\Pipeline->Illuminate\\Pipeline\\{closure}()
#57 /home/skytech/ISP-BILLING-main/vendor/laravel/framework/src/Illuminate/Pipeline/Pipeline.php(219): Illuminate\\Foundation\\Http\\Middleware\\PreventRequestsDuringMaintenance->handle()
#58 /home/skytech/ISP-BILLING-main/vendor/laravel/framework/src/Illuminate/Http/Middleware/HandleCors.php(61): Illuminate\\Pipeline\\Pipeline->Illuminate\\Pipeline\\{closure}()
#59 /home/skytech/ISP-BILLING-main/vendor/laravel/framework/src/Illuminate/Pipeline/Pipeline.php(219): Illuminate\\Http\\Middleware\\HandleCors->handle()
#60 /home/skytech/ISP-BILLING-main/vendor/laravel/framework/src/Illuminate/Http/Middleware/TrustProxies.php(58): Illuminate\\Pipeline\\Pipeline->Illuminate\\Pipeline\\{closure}()
#61 /home/skytech/ISP-BILLING-main/vendor/laravel/framework/src/Illuminate/Pipeline/Pipeline.php(219): Illuminate\\Http\\Middleware\\TrustProxies->handle()
#62 /home/skytech/ISP-BILLING-main/vendor/laravel/framework/src/Illuminate/Foundation/Http/Middleware/InvokeDeferredCallbacks.php(22): Illuminate\\Pipeline\\Pipeline->Illuminate\\Pipeline\\{closure}()
#63 /home/skytech/ISP-BILLING-main/vendor/laravel/framework/src/Illuminate/Pipeline/Pipeline.php(219): Illuminate\\Foundation\\Http\\Middleware\\InvokeDeferredCallbacks->handle()
#64 /home/skytech/ISP-BILLING-main/vendor/laravel/framework/src/Illuminate/Http/Middleware/ValidatePathEncoding.php(26): Illuminate\\Pipeline\\Pipeline->Illuminate\\Pipeline\\{closure}()
#65 /home/skytech/ISP-BILLING-main/vendor/laravel/framework/src/Illuminate/Pipeline/Pipeline.php(219): Illuminate\\Http\\Middleware\\ValidatePathEncoding->handle()
#66 /home/skytech/ISP-BILLING-main/vendor/laravel/framework/src/Illuminate/Pipeline/Pipeline.php(137): Illuminate\\Pipeline\\Pipeline->Illuminate\\Pipeline\\{closure}()
#67 /home/skytech/ISP-BILLING-main/vendor/laravel/framework/src/Illuminate/Foundation/Http/Kernel.php(175): Illuminate\\Pipeline\\Pipeline->then()
#68 /home/skytech/ISP-BILLING-main/vendor/laravel/framework/src/Illuminate/Foundation/Http/Kernel.php(144): Illuminate\\Foundation\\Http\\Kernel->sendRequestThroughRouter()
#69 /home/skytech/ISP-BILLING-main/vendor/laravel/framework/src/Illuminate/Foundation/Application.php(1220): Illuminate\\Foundation\\Http\\Kernel->handle()
#70 /home/skytech/ISP-BILLING-main/public/index.php(20): Illuminate\\Foundation\\Application->handleRequest()
#71 {main}
"} 
[2026-09-25 12:27:23] production.ERROR: Route [filament.portal.pages.dashboard] not defined. {"userId":1,"exception":"[object] (Symfony\\Component\\Routing\\Exception\\RouteNotFoundException(code: 0): Route [filament.portal.pages.dashboard] not defined. at /home/skytech/ISP-BILLING-main/vendor/laravel/framework/src/Illuminate/Routing/UrlGenerator.php:534)
[stacktrace]
#0 /home/skytech/ISP-BILLING-main/vendor/laravel/framework/src/Illuminate/Foundation/helpers.php(870): Illuminate\\Routing\\UrlGenerator->route()
#1 /home/skytech/ISP-BILLING-main/vendor/filament/filament/src/Pages/Page.php(108): route()
#2 /home/skytech/ISP-BILLING-main/vendor/filament/filament/src/Pages/Page.php(272): Filament\\Pages\\Page::getUrl()
#3 /home/skytech/ISP-BILLING-main/vendor/filament/filament/src/Pages/Page.php(160): Filament\\Pages\\Page::getNavigationUrl()
#4 /home/skytech/ISP-BILLING-main/vendor/filament/filament/src/Pages/Page.php(139): Filament\\Pages\\Page::getNavigationItems()
#5 /home/skytech/ISP-BILLING-main/vendor/filament/filament/src/Navigation/NavigationManager.php(194): Filament\\Pages\\Page::registerNavigationItems()
#6 /home/skytech/ISP-BILLING-main/vendor/filament/filament/src/Navigation/NavigationManager.php(54): Filament\\Navigation\\NavigationManager->mountNavigation()
#7 /home/skytech/ISP-BILLING-main/vendor/filament/filament/src/Panel/Concerns/HasRoutes.php(225): Filament\\Navigation\\NavigationManager->get()
#8 /home/skytech/ISP-BILLING-main/vendor/filament/filament/src/Http/Controllers/RedirectToHomeController.php(14): Filament\\Panel->getRedirectUrl()
#9 /home/skytech/ISP-BILLING-main/vendor/laravel/framework/src/Illuminate/Routing/ControllerDispatcher.php(46): Filament\\Http\\Controllers\\RedirectToHomeController->__invoke()
#10 /home/skytech/ISP-BILLING-main/vendor/laravel/framework/src/Illuminate/Routing/Route.php(265): Illuminate\\Routing\\ControllerDispatcher->dispatch()
#11 /home/skytech/ISP-BILLING-main/vendor/laravel/framework/src/Illuminate/Routing/Route.php(211): Illuminate\\Routing\\Route->runController()
#12 /home/skytech/ISP-BILLING-main/vendor/laravel/framework/src/Illuminate/Routing/Router.php(822): Illuminate\\Routing\\Route->run()
#13 /home/skytech/ISP-BILLING-main/vendor/laravel/framework/src/Illuminate/Pipeline/Pipeline.php(180): Illuminate\\Routing\\Router->Illuminate\\Routing\\{closure}()
#14 /home/skytech/ISP-BILLING-main/vendor/filament/filament/src/Http/Middleware/DispatchServingFilamentEvent.php(15): Illuminate\\Pipeline\\Pipeline->Illuminate\\Pipeline\\{closure}()
#15 /home/skytech/ISP-BILLING-main/vendor/laravel/framework/src/Illuminate/Pipeline/Pipeline.php(219): Filament\\Http\\Middleware\\DispatchServingFilamentEvent->handle()
#16 /home/skytech/ISP-BILLING-main/vendor/filament/filament/src/Http/Middleware/DisableBladeIconComponents.php(14): Illuminate\\Pipeline\\Pipeline->Illuminate\\Pipeline\\{closure}()
#17 /home/skytech/ISP-BILLING-main/vendor/laravel/framework/src/Illuminate/Pipeline/Pipeline.php(219): Filament\\Http\\Middleware\\DisableBladeIconComponents->handle()
#18 /home/skytech/ISP-BILLING-main/vendor/laravel/framework/src/Illuminate/Routing/Middleware/SubstituteBindings.php(50): Illuminate\\Pipeline\\Pipeline->Illuminate\\Pipeline\\{closure}()
#19 /home/skytech/ISP-BILLING-main/vendor/laravel/framework/src/Illuminate/Pipeline/Pipeline.php(219): Illuminate\\Routing\\Middleware\\SubstituteBindings->handle()
#20 /home/skytech/ISP-BILLING-main/vendor/laravel/framework/src/Illuminate/Foundation/Http/Middleware/VerifyCsrfToken.php(87): Illuminate\\Pipeline\\Pipeline->Illuminate\\Pipeline\\{closure}()
#21 /home/skytech/ISP-BILLING-main/vendor/laravel/framework/src/Illuminate/Pipeline/Pipeline.php(219): Illuminate\\Foundation\\Http\\Middleware\\VerifyCsrfToken->handle()
#22 /home/skytech/ISP-BILLING-main/vendor/laravel/framework/src/Illuminate/Session/Middleware/AuthenticateSession.php(70): Illuminate\\Pipeline\\Pipeline->Illuminate\\Pipeline\\{closure}()
#23 /home/skytech/ISP-BILLING-main/vendor/laravel/framework/src/Illuminate/Pipeline/Pipeline.php(219): Illuminate\\Session\\Middleware\\AuthenticateSession->handle()
#24 /home/skytech/ISP-BILLING-main/vendor/laravel/framework/src/Illuminate/Auth/Middleware/Authenticate.php(63): Illuminate\\Pipeline\\Pipeline->Illuminate\\Pipeline\\{closure}()
#25 /home/skytech/ISP-BILLING-main/vendor/laravel/framework/src/Illuminate/Pipeline/Pipeline.php(219): Illuminate\\Auth\\Middleware\\Authenticate->handle()
#26 /home/skytech/ISP-BILLING-main/vendor/laravel/framework/src/Illuminate/View/Middleware/ShareErrorsFromSession.php(48): Illuminate\\Pipeline\\Pipeline->Illuminate\\Pipeline\\{closure}()
#27 /home/skytech/ISP-BILLING-main/vendor/laravel/framework/src/Illuminate/Pipeline/Pipeline.php(219): Illuminate\\View\\Middleware\\ShareErrorsFromSession->handle()
#28 /home/skytech/ISP-BILLING-main/vendor/laravel/framework/src/Illuminate/Session/Middleware/StartSession.php(120): Illuminate\\Pipeline\\Pipeline->Illuminate\\Pipeline\\{closure}()
#29 /home/skytech/ISP-BILLING-main/vendor/laravel/framework/src/Illuminate/Session/Middleware/StartSession.php(63): Illuminate\\Session\\Middleware\\StartSession->handleStatefulRequest()
#30 /home/skytech/ISP-BILLING-main/vendor/laravel/framework/src/Illuminate/Pipeline/Pipeline.php(219): Illuminate\\Session\\Middleware\\StartSession->handle()
#31 /home/skytech/ISP-BILLING-main/vendor/laravel/framework/src/Illuminate/Cookie/Middleware/AddQueuedCookiesToResponse.php(36): Illuminate\\Pipeline\\Pipeline->Illuminate\\Pipeline\\{closure}()
#32 /home/skytech/ISP-BILLING-main/vendor/laravel/framework/src/Illuminate/Pipeline/Pipeline.php(219): Illuminate\\Cookie\\Middleware\\AddQueuedCookiesToResponse->handle()
#33 /home/skytech/ISP-BILLING-main/vendor/laravel/framework/src/Illuminate/Cookie/Middleware/EncryptCookies.php(74): Illuminate\\Pipeline\\Pipeline->Illuminate\\Pipeline\\{closure}()
#34 /home/skytech/ISP-BILLING-main/vendor/laravel/framework/src/Illuminate/Pipeline/Pipeline.php(219): Illuminate\\Cookie\\Middleware\\EncryptCookies->handle()
#35 /home/skytech/ISP-BILLING-main/vendor/filament/filament/src/Http/Middleware/SetUpPanel.php(19): Illuminate\\Pipeline\\Pipeline->Illuminate\\Pipeline\\{closure}()
#36 /home/skytech/ISP-BILLING-main/vendor/laravel/framework/src/Illuminate/Pipeline/Pipeline.php(219): Filament\\Http\\Middleware\\SetUpPanel->handle()
#37 /home/skytech/ISP-BILLING-main/vendor/laravel/framework/src/Illuminate/Pipeline/Pipeline.php(137): Illuminate\\Pipeline\\Pipeline->Illuminate\\Pipeline\\{closure}()
#38 /home/skytech/ISP-BILLING-main/vendor/laravel/framework/src/Illuminate/Routing/Router.php(821): Illuminate\\Pipeline\\Pipeline->then()
#39 /home/skytech/ISP-BILLING-main/vendor/laravel/framework/src/Illuminate/Routing/Router.php(800): Illuminate\\Routing\\Router->runRouteWithinStack()
#40 /home/skytech/ISP-BILLING-main/vendor/laravel/framework/src/Illuminate/Routing/Router.php(764): Illuminate\\Routing\\Router->runRoute()
#41 /home/skytech/ISP-BILLING-main/vendor/laravel/framework/src/Illuminate/Routing/Router.php(753): Illuminate\\Routing\\Router->dispatchToRoute()
#42 /home/skytech/ISP-BILLING-main/vendor/laravel/framework/src/Illuminate/Foundation/Http/Kernel.php(200): Illuminate\\Routing\\Router->dispatch()
#43 /home/skytech/ISP-BILLING-main/vendor/laravel/framework/src/Illuminate/Pipeline/Pipeline.php(180): Illuminate\\Foundation\\Http\\Kernel->Illuminate\\Foundation\\Http\\{closure}()
#44 /home/skytech/ISP-BILLING-main/vendor/livewire/livewire/src/Features/SupportDisablingBackButtonCache/DisableBackButtonCacheMiddleware.php(19): Illuminate\\Pipeline\\Pipeline->Illuminate\\Pipeline\\{closure}()
#45 /home/skytech/ISP-BILLING-main/vendor/laravel/framework/src/Illuminate/Pipeline/Pipeline.php(219): Livewire\\Features\\SupportDisablingBackButtonCache\\DisableBackButtonCacheMiddleware->handle()
#46 /home/skytech/ISP-BILLING-main/app/Http/Middleware/CheckSiteStatus.php(55): Illuminate\\Pipeline\\Pipeline->Illuminate\\Pipeline\\{closure}()
#47 /home/skytech/ISP-BILLING-main/vendor/laravel/framework/src/Illuminate/Pipeline/Pipeline.php(219): App\\Http\\Middleware\\CheckSiteStatus->handle()
#48 /home/skytech/ISP-BILLING-main/vendor/laravel/framework/src/Illuminate/Foundation/Http/Middleware/TransformsRequest.php(21): Illuminate\\Pipeline\\Pipeline->Illuminate\\Pipeline\\{closure}()
#49 /home/skytech/ISP-BILLING-main/vendor/laravel/framework/src/Illuminate/Foundation/Http/Middleware/ConvertEmptyStringsToNull.php(31): Illuminate\\Foundation\\Http\\Middleware\\TransformsRequest->handle()
#50 /home/skytech/ISP-BILLING-main/vendor/laravel/framework/src/Illuminate/Pipeline/Pipeline.php(219): Illuminate\\Foundation\\Http\\Middleware\\ConvertEmptyStringsToNull->handle()
#51 /home/skytech/ISP-BILLING-main/vendor/laravel/framework/src/Illuminate/Foundation/Http/Middleware/TransformsRequest.php(21): Illuminate\\Pipeline\\Pipeline->Illuminate\\Pipeline\\{closure}()
#52 /home/skytech/ISP-BILLING-main/vendor/laravel/framework/src/Illuminate/Foundation/Http/Middleware/TrimStrings.php(51): Illuminate\\Foundation\\Http\\Middleware\\TransformsRequest->handle()
#53 /home/skytech/ISP-BILLING-main/vendor/laravel/framework/src/Illuminate/Pipeline/Pipeline.php(219): Illuminate\\Foundation\\Http\\Middleware\\TrimStrings->handle()
#54 /home/skytech/ISP-BILLING-main/vendor/laravel/framework/src/Illuminate/Http/Middleware/ValidatePostSize.php(27): Illuminate\\Pipeline\\Pipeline->Illuminate\\Pipeline\\{closure}()
#55 /home/skytech/ISP-BILLING-main/vendor/laravel/framework/src/Illuminate/Pipeline/Pipeline.php(219): Illuminate\\Http\\Middleware\\ValidatePostSize->handle()
#56 /home/skytech/ISP-BILLING-main/vendor/laravel/framework/src/Illuminate/Foundation/Http/Middleware/PreventRequestsDuringMaintenance.php(109): Illuminate\\Pipeline\\Pipeline->Illuminate\\Pipeline\\{closure}()
#57 /home/skytech/ISP-BILLING-main/vendor/laravel/framework/src/Illuminate/Pipeline/Pipeline.php(219): Illuminate\\Foundation\\Http\\Middleware\\PreventRequestsDuringMaintenance->handle()
#58 /home/skytech/ISP-BILLING-main/vendor/laravel/framework/src/Illuminate/Http/Middleware/HandleCors.php(61): Illuminate\\Pipeline\\Pipeline->Illuminate\\Pipeline\\{closure}()
#59 /home/skytech/ISP-BILLING-main/vendor/laravel/framework/src/Illuminate/Pipeline/Pipeline.php(219): Illuminate\\Http\\Middleware\\HandleCors->handle()
#60 /home/skytech/ISP-BILLING-main/vendor/laravel/framework/src/Illuminate/Http/Middleware/TrustProxies.php(58): Illuminate\\Pipeline\\Pipeline->Illuminate\\Pipeline\\{closure}()
#61 /home/skytech/ISP-BILLING-main/vendor/laravel/framework/src/Illuminate/Pipeline/Pipeline.php(219): Illuminate\\Http\\Middleware\\TrustProxies->handle()
#62 /home/skytech/ISP-BILLING-main/vendor/laravel/framework/src/Illuminate/Foundation/Http/Middleware/InvokeDeferredCallbacks.php(22): Illuminate\\Pipeline\\Pipeline->Illuminate\\Pipeline\\{closure}()
#63 /home/skytech/ISP-BILLING-main/vendor/laravel/framework/src/Illuminate/Pipeline/Pipeline.php(219): Illuminate\\Foundation\\Http\\Middleware\\InvokeDeferredCallbacks->handle()
#64 /home/skytech/ISP-BILLING-main/vendor/laravel/framework/src/Illuminate/Http/Middleware/ValidatePathEncoding.php(26): Illuminate\\Pipeline\\Pipeline->Illuminate\\Pipeline\\{closure}()
#65 /home/skytech/ISP-BILLING-main/vendor/laravel/framework/src/Illuminate/Pipeline/Pipeline.php(219): Illuminate\\Http\\Middleware\\ValidatePathEncoding->handle()
#66 /home/skytech/ISP-BILLING-main/vendor/laravel/framework/src/Illuminate/Pipeline/Pipeline.php(137): Illuminate\\Pipeline\\Pipeline->Illuminate\\Pipeline\\{closure}()
#67 /home/skytech/ISP-BILLING-main/vendor/laravel/framework/src/Illuminate/Foundation/Http/Kernel.php(175): Illuminate\\Pipeline\\Pipeline->then()
#68 /home/skytech/ISP-BILLING-main/vendor/laravel/framework/src/Illuminate/Foundation/Http/Kernel.php(144): Illuminate\\Foundation\\Http\\Kernel->sendRequestThroughRouter()
#69 /home/skytech/ISP-BILLING-main/vendor/laravel/framework/src/Illuminate/Foundation/Application.php(1220): Illuminate\\Foundation\\Http\\Kernel->handle()
#70 /home/skytech/ISP-BILLING-main/public/index.php(20): Illuminate\\Foundation\\Application->handleRequest()
#71 {main}
"} 
[2026-09-25 12:28:03] production.ERROR: fopen(/home/skytech/ISP-BILLING-main/storage/framework/cache/data/1f/20/1f20e41204a52c7acfe237d1768d1e9d6212e60d): Failed to open stream: No such file or directory {"exception":"[object] (ErrorException(code: 0): fopen(/home/skytech/ISP-BILLING-main/storage/framework/cache/data/1f/20/1f20e41204a52c7acfe237d1768d1e9d6212e60d): Failed to open stream: No such file or directory at /home/skytech/ISP-BILLING-main/vendor/laravel/framework/src/Illuminate/Filesystem/LockableFile.php:68)
[stacktrace]
#0 /home/skytech/ISP-BILLING-main/vendor/laravel/framework/src/Illuminate/Foundation/Bootstrap/HandleExceptions.php(262): Illuminate\\Foundation\\Bootstrap\\HandleExceptions->handleError()
#1 [internal function]: Illuminate\\Foundation\\Bootstrap\\HandleExceptions->Illuminate\\Foundation\\Bootstrap\\{closure}()
#2 /home/skytech/ISP-BILLING-main/vendor/laravel/framework/src/Illuminate/Filesystem/LockableFile.php(68): fopen()
#3 /home/skytech/ISP-BILLING-main/vendor/laravel/framework/src/Illuminate/Filesystem/LockableFile.php(41): Illuminate\\Filesystem\\LockableFile->createResource()
#4 /home/skytech/ISP-BILLING-main/vendor/laravel/framework/src/Illuminate/Cache/FileStore.php(116): Illuminate\\Filesystem\\LockableFile->__construct()
#5 /home/skytech/ISP-BILLING-main/vendor/laravel/framework/src/Illuminate/Cache/Repository.php(479): Illuminate\\Cache\\FileStore->add()
#6 /home/skytech/ISP-BILLING-main/vendor/laravel/framework/src/Illuminate/Cache/RateLimiter.php(164): Illuminate\\Cache\\Repository->add()
#7 /home/skytech/ISP-BILLING-main/vendor/laravel/framework/src/Illuminate/Cache/RateLimiter.php(149): Illuminate\\Cache\\RateLimiter->increment()
#8 /home/skytech/ISP-BILLING-main/vendor/laravel/framework/src/Illuminate/Support/Facades/Facade.php(363): Illuminate\\Cache\\RateLimiter->hit()
#9 /home/skytech/ISP-BILLING-main/vendor/danharrin/livewire-rate-limiting/src/WithRateLimiting.php(38): Illuminate\\Support\\Facades\\Facade::__callStatic()
#10 /home/skytech/ISP-BILLING-main/vendor/danharrin/livewire-rate-limiting/src/WithRateLimiting.php(56): Filament\\Auth\\Pages\\Login->hitRateLimiter()
#11 /home/skytech/ISP-BILLING-main/vendor/filament/filament/src/Auth/Pages/Login.php(76): Filament\\Auth\\Pages\\Login->rateLimit()
#12 /home/skytech/ISP-BILLING-main/vendor/laravel/framework/src/Illuminate/Container/BoundMethod.php(36): Filament\\Auth\\Pages\\Login->authenticate()
#13 /home/skytech/ISP-BILLING-main/vendor/laravel/framework/src/Illuminate/Container/Util.php(43): Illuminate\\Container\\BoundMethod::Illuminate\\Container\\{closure}()
#14 /home/skytech/ISP-BILLING-main/vendor/laravel/framework/src/Illuminate/Container/BoundMethod.php(96): Illuminate\\Container\\Util::unwrapIfClosure()
#15 /home/skytech/ISP-BILLING-main/vendor/laravel/framework/src/Illuminate/Container/BoundMethod.php(35): Illuminate\\Container\\BoundMethod::callBoundMethod()
#16 /home/skytech/ISP-BILLING-main/vendor/livewire/livewire/src/Wrapped.php(23): Illuminate\\Container\\BoundMethod::call()
#17 /home/skytech/ISP-BILLING-main/vendor/livewire/livewire/src/Mechanisms/HandleComponents/HandleComponents.php(581): Livewire\\Wrapped->__call()
#18 /home/skytech/ISP-BILLING-main/vendor/livewire/livewire/src/Mechanisms/HandleComponents/HandleComponents.php(222): Livewire\\Mechanisms\\HandleComponents\\HandleComponents->callMethods()
#19 /home/skytech/ISP-BILLING-main/vendor/livewire/livewire/src/LivewireManager.php(132): Livewire\\Mechanisms\\HandleComponents\\HandleComponents->update()
#20 /home/skytech/ISP-BILLING-main/vendor/livewire/livewire/src/Mechanisms/HandleRequests/HandleRequests.php(205): Livewire\\LivewireManager->update()
#21 /home/skytech/ISP-BILLING-main/vendor/laravel/framework/src/Illuminate/Routing/ControllerDispatcher.php(46): Livewire\\Mechanisms\\HandleRequests\\HandleRequests->handleUpdate()
#22 /home/skytech/ISP-BILLING-main/vendor/laravel/framework/src/Illuminate/Routing/Route.php(265): Illuminate\\Routing\\ControllerDispatcher->dispatch()
#23 /home/skytech/ISP-BILLING-main/vendor/laravel/framework/src/Illuminate/Routing/Route.php(211): Illuminate\\Routing\\Route->runController()
#24 /home/skytech/ISP-BILLING-main/vendor/laravel/framework/src/Illuminate/Routing/Router.php(822): Illuminate\\Routing\\Route->run()
#25 /home/skytech/ISP-BILLING-main/vendor/laravel/framework/src/Illuminate/Pipeline/Pipeline.php(180): Illuminate\\Routing\\Router->Illuminate\\Routing\\{closure}()
#26 /home/skytech/ISP-BILLING-main/vendor/livewire/livewire/src/Mechanisms/HandleRequests/RequireLivewireHeaders.php(19): Illuminate\\Pipeline\\Pipeline->Illuminate\\Pipeline\\{closure}()
#27 /home/skytech/ISP-BILLING-main/vendor/laravel/framework/src/Illuminate/Pipeline/Pipeline.php(219): Livewire\\Mechanisms\\HandleRequests\\RequireLivewireHeaders->handle()
#28 /home/skytech/ISP-BILLING-main/vendor/php-flasher/flasher-laravel/Middleware/FlasherMiddleware.php(21): Illuminate\\Pipeline\\Pipeline->Illuminate\\Pipeline\\{closure}()
#29 /home/skytech/ISP-BILLING-main/vendor/laravel/framework/src/Illuminate/Pipeline/Pipeline.php(219): Flasher\\Laravel\\Middleware\\FlasherMiddleware->handle()
#30 /home/skytech/ISP-BILLING-main/vendor/php-flasher/flasher-laravel/Middleware/SessionMiddleware.php(21): Illuminate\\Pipeline\\Pipeline->Illuminate\\Pipeline\\{closure}()
#31 /home/skytech/ISP-BILLING-main/vendor/laravel/framework/src/Illuminate/Pipeline/Pipeline.php(219): Flasher\\Laravel\\Middleware\\SessionMiddleware->handle()
#32 /home/skytech/ISP-BILLING-main/app/Http/Middleware/SetLocaleFromSession.php(42): Illuminate\\Pipeline\\Pipeline->Illuminate\\Pipeline\\{closure}()
#33 /home/skytech/ISP-BILLING-main/vendor/laravel/framework/src/Illuminate/Pipeline/Pipeline.php(219): App\\Http\\Middleware\\SetLocaleFromSession->handle()
#34 /home/skytech/ISP-BILLING-main/vendor/laravel/framework/src/Illuminate/Routing/Middleware/SubstituteBindings.php(50): Illuminate\\Pipeline\\Pipeline->Illuminate\\Pipeline\\{closure}()
#35 /home/skytech/ISP-BILLING-main/vendor/laravel/framework/src/Illuminate/Pipeline/Pipeline.php(219): Illuminate\\Routing\\Middleware\\SubstituteBindings->handle()
#36 /home/skytech/ISP-BILLING-main/vendor/laravel/framework/src/Illuminate/Foundation/Http/Middleware/VerifyCsrfToken.php(87): Illuminate\\Pipeline\\Pipeline->Illuminate\\Pipeline\\{closure}()
#37 /home/skytech/ISP-BILLING-main/vendor/laravel/framework/src/Illuminate/Pipeline/Pipeline.php(219): Illuminate\\Foundation\\Http\\Middleware\\VerifyCsrfToken->handle()
#38 /home/skytech/ISP-BILLING-main/vendor/laravel/framework/src/Illuminate/View/Middleware/ShareErrorsFromSession.php(48): Illuminate\\Pipeline\\Pipeline->Illuminate\\Pipeline\\{closure}()
#39 /home/skytech/ISP-BILLING-main/vendor/laravel/framework/src/Illuminate/Pipeline/Pipeline.php(219): Illuminate\\View\\Middleware\\ShareErrorsFromSession->handle()
#40 /home/skytech/ISP-BILLING-main/vendor/laravel/framework/src/Illuminate/Session/Middleware/StartSession.php(120): Illuminate\\Pipeline\\Pipeline->Illuminate\\Pipeline\\{closure}()
#41 /home/skytech/ISP-BILLING-main/vendor/laravel/framework/src/Illuminate/Session/Middleware/StartSession.php(63): Illuminate\\Session\\Middleware\\StartSession->handleStatefulRequest()
#42 /home/skytech/ISP-BILLING-main/vendor/laravel/framework/src/Illuminate/Pipeline/Pipeline.php(219): Illuminate\\Session\\Middleware\\StartSession->handle()
#43 /home/skytech/ISP-BILLING-main/vendor/laravel/framework/src/Illuminate/Cookie/Middleware/AddQueuedCookiesToResponse.php(36): Illuminate\\Pipeline\\Pipeline->Illuminate\\Pipeline\\{closure}()
#44 /home/skytech/ISP-BILLING-main/vendor/laravel/framework/src/Illuminate/Pipeline/Pipeline.php(219): Illuminate\\Cookie\\Middleware\\AddQueuedCookiesToResponse->handle()
#45 /home/skytech/ISP-BILLING-main/vendor/laravel/framework/src/Illuminate/Cookie/Middleware/EncryptCookies.php(74): Illuminate\\Pipeline\\Pipeline->Illuminate\\Pipeline\\{closure}()
#46 /home/skytech/ISP-BILLING-main/vendor/laravel/framework/src/Illuminate/Pipeline/Pipeline.php(219): Illuminate\\Cookie\\Middleware\\EncryptCookies->handle()
#47 /home/skytech/ISP-BILLING-main/vendor/laravel/framework/src/Illuminate/Pipeline/Pipeline.php(137): Illuminate\\Pipeline\\Pipeline->Illuminate\\Pipeline\\{closure}()
#48 /home/skytech/ISP-BILLING-main/vendor/laravel/framework/src/Illuminate/Routing/Router.php(821): Illuminate\\Pipeline\\Pipeline->then()
#49 /home/skytech/ISP-BILLING-main/vendor/laravel/framework/src/Illuminate/Routing/Router.php(800): Illuminate\\Routing\\Router->runRouteWithinStack()
#50 /home/skytech/ISP-BILLING-main/vendor/laravel/framework/src/Illuminate/Routing/Router.php(764): Illuminate\\Routing\\Router->runRoute()
#51 /home/skytech/ISP-BILLING-main/vendor/laravel/framework/src/Illuminate/Routing/Router.php(753): Illuminate\\Routing\\Router->dispatchToRoute()
#52 /home/skytech/ISP-BILLING-main/vendor/laravel/framework/src/Illuminate/Foundation/Http/Kernel.php(200): Illuminate\\Routing\\Router->dispatch()
#53 /home/skytech/ISP-BILLING-main/vendor/laravel/framework/src/Illuminate/Pipeline/Pipeline.php(180): Illuminate\\Foundation\\Http\\Kernel->Illuminate\\Foundation\\Http\\{closure}()
#54 /home/skytech/ISP-BILLING-main/vendor/livewire/livewire/src/Features/SupportDisablingBackButtonCache/DisableBackButtonCacheMiddleware.php(19): Illuminate\\Pipeline\\Pipeline->Illuminate\\Pipeline\\{closure}()
#55 /home/skytech/ISP-BILLING-main/vendor/laravel/framework/src/Illuminate/Pipeline/Pipeline.php(219): Livewire\\Features\\SupportDisablingBackButtonCache\\DisableBackButtonCacheMiddleware->handle()
#56 /home/skytech/ISP-BILLING-main/app/Http/Middleware/CheckSiteStatus.php(55): Illuminate\\Pipeline\\Pipeline->Illuminate\\Pipeline\\{closure}()
#57 /home/skytech/ISP-BILLING-main/vendor/laravel/framework/src/Illuminate/Pipeline/Pipeline.php(219): App\\Http\\Middleware\\CheckSiteStatus->handle()
#58 /home/skytech/ISP-BILLING-main/vendor/laravel/framework/src/Illuminate/Foundation/Http/Middleware/ConvertEmptyStringsToNull.php(27): Illuminate\\Pipeline\\Pipeline->Illuminate\\Pipeline\\{closure}()
#59 /home/skytech/ISP-BILLING-main/vendor/laravel/framework/src/Illuminate/Pipeline/Pipeline.php(219): Illuminate\\Foundation\\Http\\Middleware\\ConvertEmptyStringsToNull->handle()
#60 /home/skytech/ISP-BILLING-main/vendor/laravel/framework/src/Illuminate/Foundation/Http/Middleware/TrimStrings.php(47): Illuminate\\Pipeline\\Pipeline->Illuminate\\Pipeline\\{closure}()
#61 /home/skytech/ISP-BILLING-main/vendor/laravel/framework/src/Illuminate/Pipeline/Pipeline.php(219): Illuminate\\Foundation\\Http\\Middleware\\TrimStrings->handle()
#62 /home/skytech/ISP-BILLING-main/vendor/laravel/framework/src/Illuminate/Http/Middleware/ValidatePostSize.php(27): Illuminate\\Pipeline\\Pipeline->Illuminate\\Pipeline\\{closure}()
#63 /home/skytech/ISP-BILLING-main/vendor/laravel/framework/src/Illuminate/Pipeline/Pipeline.php(219): Illuminate\\Http\\Middleware\\ValidatePostSize->handle()
#64 /home/skytech/ISP-BILLING-main/vendor/laravel/framework/src/Illuminate/Foundation/Http/Middleware/PreventRequestsDuringMaintenance.php(109): Illuminate\\Pipeline\\Pipeline->Illuminate\\Pipeline\\{closure}()
#65 /home/skytech/ISP-BILLING-main/vendor/laravel/framework/src/Illuminate/Pipeline/Pipeline.php(219): Illuminate\\Foundation\\Http\\Middleware\\PreventRequestsDuringMaintenance->handle()
#66 /home/skytech/ISP-BILLING-main/vendor/laravel/framework/src/Illuminate/Http/Middleware/HandleCors.php(61): Illuminate\\Pipeline\\Pipeline->Illuminate\\Pipeline\\{closure}()
#67 /home/skytech/ISP-BILLING-main/vendor/laravel/framework/src/Illuminate/Pipeline/Pipeline.php(219): Illuminate\\Http\\Middleware\\HandleCors->handle()
#68 /home/skytech/ISP-BILLING-main/vendor/laravel/framework/src/Illuminate/Http/Middleware/TrustProxies.php(58): Illuminate\\Pipeline\\Pipeline->Illuminate\\Pipeline\\{closure}()
#69 /home/skytech/ISP-BILLING-main/vendor/laravel/framework/src/Illuminate/Pipeline/Pipeline.php(219): Illuminate\\Http\\Middleware\\TrustProxies->handle()
#70 /home/skytech/ISP-BILLING-main/vendor/laravel/framework/src/Illuminate/Foundation/Http/Middleware/InvokeDeferredCallbacks.php(22): Illuminate\\Pipeline\\Pipeline->Illuminate\\Pipeline\\{closure}()
#71 /home/skytech/ISP-BILLING-main/vendor/laravel/framework/src/Illuminate/Pipeline/Pipeline.php(219): Illuminate\\Foundation\\Http\\Middleware\\InvokeDeferredCallbacks->handle()
#72 /home/skytech/ISP-BILLING-main/vendor/laravel/framework/src/Illuminate/Http/Middleware/ValidatePathEncoding.php(26): Illuminate\\Pipeline\\Pipeline->Illuminate\\Pipeline\\{closure}()
#73 /home/skytech/ISP-BILLING-main/vendor/laravel/framework/src/Illuminate/Pipeline/Pipeline.php(219): Illuminate\\Http\\Middleware\\ValidatePathEncoding->handle()
#74 /home/skytech/ISP-BILLING-main/vendor/laravel/framework/src/Illuminate/Pipeline/Pipeline.php(137): Illuminate\\Pipeline\\Pipeline->Illuminate\\Pipeline\\{closure}()
#75 /home/skytech/ISP-BILLING-main/vendor/laravel/framework/src/Illuminate/Foundation/Http/Kernel.php(175): Illuminate\\Pipeline\\Pipeline->then()
#76 /home/skytech/ISP-BILLING-main/vendor/laravel/framework/src/Illuminate/Foundation/Http/Kernel.php(144): Illuminate\\Foundation\\Http\\Kernel->sendRequestThroughRouter()
#77 /home/skytech/ISP-BILLING-main/vendor/laravel/framework/src/Illuminate/Foundation/Application.php(1220): Illuminate\\Foundation\\Http\\Kernel->handle()
#78 /home/skytech/ISP-BILLING-main/public/index.php(20): Illuminate\\Foundation\\Application->handleRequest()
#79 {main}
"} 
[2026-09-25 12:31:06] production.ERROR: Route [filament.portal.pages.dashboard] not defined. {"userId":1,"exception":"[object] (Symfony\\Component\\Routing\\Exception\\RouteNotFoundException(code: 0): Route [filament.portal.pages.dashboard] not defined. at /home/skytech/ISP-BILLING-main/vendor/laravel/framework/src/Illuminate/Routing/UrlGenerator.php:534)
[stacktrace]
#0 /home/skytech/ISP-BILLING-main/vendor/laravel/framework/src/Illuminate/Foundation/helpers.php(870): Illuminate\\Routing\\UrlGenerator->route()
#1 /home/skytech/ISP-BILLING-main/vendor/filament/filament/src/Pages/Page.php(108): route()
#2 /home/skytech/ISP-BILLING-main/vendor/filament/filament/src/Pages/Page.php(272): Filament\\Pages\\Page::getUrl()
#3 /home/skytech/ISP-BILLING-main/vendor/filament/filament/src/Pages/Page.php(160): Filament\\Pages\\Page::getNavigationUrl()
#4 /home/skytech/ISP-BILLING-main/vendor/filament/filament/src/Pages/Page.php(139): Filament\\Pages\\Page::getNavigationItems()
#5 /home/skytech/ISP-BILLING-main/vendor/filament/filament/src/Navigation/NavigationManager.php(194): Filament\\Pages\\Page::registerNavigationItems()
#6 /home/skytech/ISP-BILLING-main/vendor/filament/filament/src/Navigation/NavigationManager.php(54): Filament\\Navigation\\NavigationManager->mountNavigation()
#7 /home/skytech/ISP-BILLING-main/vendor/filament/filament/src/Panel/Concerns/HasRoutes.php(225): Filament\\Navigation\\NavigationManager->get()
#8 /home/skytech/ISP-BILLING-main/vendor/filament/filament/src/Http/Controllers/RedirectToHomeController.php(14): Filament\\Panel->getRedirectUrl()
#9 /home/skytech/ISP-BILLING-main/vendor/laravel/framework/src/Illuminate/Routing/ControllerDispatcher.php(46): Filament\\Http\\Controllers\\RedirectToHomeController->__invoke()
#10 /home/skytech/ISP-BILLING-main/vendor/laravel/framework/src/Illuminate/Routing/Route.php(265): Illuminate\\Routing\\ControllerDispatcher->dispatch()
#11 /home/skytech/ISP-BILLING-main/vendor/laravel/framework/src/Illuminate/Routing/Route.php(211): Illuminate\\Routing\\Route->runController()
#12 /home/skytech/ISP-BILLING-main/vendor/laravel/framework/src/Illuminate/Routing/Router.php(822): Illuminate\\Routing\\Route->run()
#13 /home/skytech/ISP-BILLING-main/vendor/laravel/framework/src/Illuminate/Pipeline/Pipeline.php(180): Illuminate\\Routing\\Router->Illuminate\\Routing\\{closure}()
#14 /home/skytech/ISP-BILLING-main/vendor/filament/filament/src/Http/Middleware/DispatchServingFilamentEvent.php(15): Illuminate\\Pipeline\\Pipeline->Illuminate\\Pipeline\\{closure}()
#15 /home/skytech/ISP-BILLING-main/vendor/laravel/framework/src/Illuminate/Pipeline/Pipeline.php(219): Filament\\Http\\Middleware\\DispatchServingFilamentEvent->handle()
#16 /home/skytech/ISP-BILLING-main/vendor/filament/filament/src/Http/Middleware/DisableBladeIconComponents.php(14): Illuminate\\Pipeline\\Pipeline->Illuminate\\Pipeline\\{closure}()
#17 /home/skytech/ISP-BILLING-main/vendor/laravel/framework/src/Illuminate/Pipeline/Pipeline.php(219): Filament\\Http\\Middleware\\DisableBladeIconComponents->handle()
#18 /home/skytech/ISP-BILLING-main/vendor/laravel/framework/src/Illuminate/Routing/Middleware/SubstituteBindings.php(50): Illuminate\\Pipeline\\Pipeline->Illuminate\\Pipeline\\{closure}()
#19 /home/skytech/ISP-BILLING-main/vendor/laravel/framework/src/Illuminate/Pipeline/Pipeline.php(219): Illuminate\\Routing\\Middleware\\SubstituteBindings->handle()
#20 /home/skytech/ISP-BILLING-main/vendor/laravel/framework/src/Illuminate/Foundation/Http/Middleware/VerifyCsrfToken.php(87): Illuminate\\Pipeline\\Pipeline->Illuminate\\Pipeline\\{closure}()
#21 /home/skytech/ISP-BILLING-main/vendor/laravel/framework/src/Illuminate/Pipeline/Pipeline.php(219): Illuminate\\Foundation\\Http\\Middleware\\VerifyCsrfToken->handle()
#22 /home/skytech/ISP-BILLING-main/vendor/laravel/framework/src/Illuminate/Session/Middleware/AuthenticateSession.php(70): Illuminate\\Pipeline\\Pipeline->Illuminate\\Pipeline\\{closure}()
#23 /home/skytech/ISP-BILLING-main/vendor/laravel/framework/src/Illuminate/Pipeline/Pipeline.php(219): Illuminate\\Session\\Middleware\\AuthenticateSession->handle()
#24 /home/skytech/ISP-BILLING-main/vendor/laravel/framework/src/Illuminate/Auth/Middleware/Authenticate.php(63): Illuminate\\Pipeline\\Pipeline->Illuminate\\Pipeline\\{closure}()
#25 /home/skytech/ISP-BILLING-main/vendor/laravel/framework/src/Illuminate/Pipeline/Pipeline.php(219): Illuminate\\Auth\\Middleware\\Authenticate->handle()
#26 /home/skytech/ISP-BILLING-main/vendor/laravel/framework/src/Illuminate/View/Middleware/ShareErrorsFromSession.php(48): Illuminate\\Pipeline\\Pipeline->Illuminate\\Pipeline\\{closure}()
#27 /home/skytech/ISP-BILLING-main/vendor/laravel/framework/src/Illuminate/Pipeline/Pipeline.php(219): Illuminate\\View\\Middleware\\ShareErrorsFromSession->handle()
#28 /home/skytech/ISP-BILLING-main/vendor/laravel/framework/src/Illuminate/Session/Middleware/StartSession.php(120): Illuminate\\Pipeline\\Pipeline->Illuminate\\Pipeline\\{closure}()
#29 /home/skytech/ISP-BILLING-main/vendor/laravel/framework/src/Illuminate/Session/Middleware/StartSession.php(63): Illuminate\\Session\\Middleware\\StartSession->handleStatefulRequest()
#30 /home/skytech/ISP-BILLING-main/vendor/laravel/framework/src/Illuminate/Pipeline/Pipeline.php(219): Illuminate\\Session\\Middleware\\StartSession->handle()
#31 /home/skytech/ISP-BILLING-main/vendor/laravel/framework/src/Illuminate/Cookie/Middleware/AddQueuedCookiesToResponse.php(36): Illuminate\\Pipeline\\Pipeline->Illuminate\\Pipeline\\{closure}()
#32 /home/skytech/ISP-BILLING-main/vendor/laravel/framework/src/Illuminate/Pipeline/Pipeline.php(219): Illuminate\\Cookie\\Middleware\\AddQueuedCookiesToResponse->handle()
#33 /home/skytech/ISP-BILLING-main/vendor/laravel/framework/src/Illuminate/Cookie/Middleware/EncryptCookies.php(74): Illuminate\\Pipeline\\Pipeline->Illuminate\\Pipeline\\{closure}()
#34 /home/skytech/ISP-BILLING-main/vendor/laravel/framework/src/Illuminate/Pipeline/Pipeline.php(219): Illuminate\\Cookie\\Middleware\\EncryptCookies->handle()
#35 /home/skytech/ISP-BILLING-main/vendor/filament/filament/src/Http/Middleware/SetUpPanel.php(19): Illuminate\\Pipeline\\Pipeline->Illuminate\\Pipeline\\{closure}()
#36 /home/skytech/ISP-BILLING-main/vendor/laravel/framework/src/Illuminate/Pipeline/Pipeline.php(219): Filament\\Http\\Middleware\\SetUpPanel->handle()
#37 /home/skytech/ISP-BILLING-main/vendor/laravel/framework/src/Illuminate/Pipeline/Pipeline.php(137): Illuminate\\Pipeline\\Pipeline->Illuminate\\Pipeline\\{closure}()
#38 /home/skytech/ISP-BILLING-main/vendor/laravel/framework/src/Illuminate/Routing/Router.php(821): Illuminate\\Pipeline\\Pipeline->then()
#39 /home/skytech/ISP-BILLING-main/vendor/laravel/framework/src/Illuminate/Routing/Router.php(800): Illuminate\\Routing\\Router->runRouteWithinStack()
#40 /home/skytech/ISP-BILLING-main/vendor/laravel/framework/src/Illuminate/Routing/Router.php(764): Illuminate\\Routing\\Router->runRoute()
#41 /home/skytech/ISP-BILLING-main/vendor/laravel/framework/src/Illuminate/Routing/Router.php(753): Illuminate\\Routing\\Router->dispatchToRoute()
#42 /home/skytech/ISP-BILLING-main/vendor/laravel/framework/src/Illuminate/Foundation/Http/Kernel.php(200): Illuminate\\Routing\\Router->dispatch()
#43 /home/skytech/ISP-BILLING-main/vendor/laravel/framework/src/Illuminate/Pipeline/Pipeline.php(180): Illuminate\\Foundation\\Http\\Kernel->Illuminate\\Foundation\\Http\\{closure}()
#44 /home/skytech/ISP-BILLING-main/vendor/livewire/livewire/src/Features/SupportDisablingBackButtonCache/DisableBackButtonCacheMiddleware.php(19): Illuminate\\Pipeline\\Pipeline->Illuminate\\Pipeline\\{closure}()
#45 /home/skytech/ISP-BILLING-main/vendor/laravel/framework/src/Illuminate/Pipeline/Pipeline.php(219): Livewire\\Features\\SupportDisablingBackButtonCache\\DisableBackButtonCacheMiddleware->handle()
#46 /home/skytech/ISP-BILLING-main/app/Http/Middleware/CheckSiteStatus.php(55): Illuminate\\Pipeline\\Pipeline->Illuminate\\Pipeline\\{closure}()
#47 /home/skytech/ISP-BILLING-main/vendor/laravel/framework/src/Illuminate/Pipeline/Pipeline.php(219): App\\Http\\Middleware\\CheckSiteStatus->handle()
#48 /home/skytech/ISP-BILLING-main/vendor/laravel/framework/src/Illuminate/Foundation/Http/Middleware/TransformsRequest.php(21): Illuminate\\Pipeline\\Pipeline->Illuminate\\Pipeline\\{closure}()
#49 /home/skytech/ISP-BILLING-main/vendor/laravel/framework/src/Illuminate/Foundation/Http/Middleware/ConvertEmptyStringsToNull.php(31): Illuminate\\Foundation\\Http\\Middleware\\TransformsRequest->handle()
#50 /home/skytech/ISP-BILLING-main/vendor/laravel/framework/src/Illuminate/Pipeline/Pipeline.php(219): Illuminate\\Foundation\\Http\\Middleware\\ConvertEmptyStringsToNull->handle()
#51 /home/skytech/ISP-BILLING-main/vendor/laravel/framework/src/Illuminate/Foundation/Http/Middleware/TransformsRequest.php(21): Illuminate\\Pipeline\\Pipeline->Illuminate\\Pipeline\\{closure}()
#52 /home/skytech/ISP-BILLING-main/vendor/laravel/framework/src/Illuminate/Foundation/Http/Middleware/TrimStrings.php(51): Illuminate\\Foundation\\Http\\Middleware\\TransformsRequest->handle()
#53 /home/skytech/ISP-BILLING-main/vendor/laravel/framework/src/Illuminate/Pipeline/Pipeline.php(219): Illuminate\\Foundation\\Http\\Middleware\\TrimStrings->handle()
#54 /home/skytech/ISP-BILLING-main/vendor/laravel/framework/src/Illuminate/Http/Middleware/ValidatePostSize.php(27): Illuminate\\Pipeline\\Pipeline->Illuminate\\Pipeline\\{closure}()
#55 /home/skytech/ISP-BILLING-main/vendor/laravel/framework/src/Illuminate/Pipeline/Pipeline.php(219): Illuminate\\Http\\Middleware\\ValidatePostSize->handle()
#56 /home/skytech/ISP-BILLING-main/vendor/laravel/framework/src/Illuminate/Foundation/Http/Middleware/PreventRequestsDuringMaintenance.php(109): Illuminate\\Pipeline\\Pipeline->Illuminate\\Pipeline\\{closure}()
#57 /home/skytech/ISP-BILLING-main/vendor/laravel/framework/src/Illuminate/Pipeline/Pipeline.php(219): Illuminate\\Foundation\\Http\\Middleware\\PreventRequestsDuringMaintenance->handle()
#58 /home/skytech/ISP-BILLING-main/vendor/laravel/framework/src/Illuminate/Http/Middleware/HandleCors.php(61): Illuminate\\Pipeline\\Pipeline->Illuminate\\Pipeline\\{closure}()
#59 /home/skytech/ISP-BILLING-main/vendor/laravel/framework/src/Illuminate/Pipeline/Pipeline.php(219): Illuminate\\Http\\Middleware\\HandleCors->handle()
#60 /home/skytech/ISP-BILLING-main/vendor/laravel/framework/src/Illuminate/Http/Middleware/TrustProxies.php(58): Illuminate\\Pipeline\\Pipeline->Illuminate\\Pipeline\\{closure}()
#61 /home/skytech/ISP-BILLING-main/vendor/laravel/framework/src/Illuminate/Pipeline/Pipeline.php(219): Illuminate\\Http\\Middleware\\TrustProxies->handle()
#62 /home/skytech/ISP-BILLING-main/vendor/laravel/framework/src/Illuminate/Foundation/Http/Middleware/InvokeDeferredCallbacks.php(22): Illuminate\\Pipeline\\Pipeline->Illuminate\\Pipeline\\{closure}()
#63 /home/skytech/ISP-BILLING-main/vendor/laravel/framework/src/Illuminate/Pipeline/Pipeline.php(219): Illuminate\\Foundation\\Http\\Middleware\\InvokeDeferredCallbacks->handle()
#64 /home/skytech/ISP-BILLING-main/vendor/laravel/framework/src/Illuminate/Http/Middleware/ValidatePathEncoding.php(26): Illuminate\\Pipeline\\Pipeline->Illuminate\\Pipeline\\{closure}()
#65 /home/skytech/ISP-BILLING-main/vendor/laravel/framework/src/Illuminate/Pipeline/Pipeline.php(219): Illuminate\\Http\\Middleware\\ValidatePathEncoding->handle()
#66 /home/skytech/ISP-BILLING-main/vendor/laravel/framework/src/Illuminate/Pipeline/Pipeline.php(137): Illuminate\\Pipeline\\Pipeline->Illuminate\\Pipeline\\{closure}()
#67 /home/skytech/ISP-BILLING-main/vendor/laravel/framework/src/Illuminate/Foundation/Http/Kernel.php(175): Illuminate\\Pipeline\\Pipeline->then()
#68 /home/skytech/ISP-BILLING-main/vendor/laravel/framework/src/Illuminate/Foundation/Http/Kernel.php(144): Illuminate\\Foundation\\Http\\Kernel->sendRequestThroughRouter()
#69 /home/skytech/ISP-BILLING-main/vendor/laravel/framework/src/Illuminate/Foundation/Application.php(1220): Illuminate\\Foundation\\Http\\Kernel->handle()
#70 /home/skytech/ISP-BILLING-main/public/index.php(20): Illuminate\\Foundation\\Application->handleRequest()
#71 {main}
"} 
[2026-09-25 12:31:11] production.ERROR: Route [filament.portal.pages.dashboard] not defined. {"userId":1,"exception":"[object] (Symfony\\Component\\Routing\\Exception\\RouteNotFoundException(code: 0): Route [filament.portal.pages.dashboard] not defined. at /home/skytech/ISP-BILLING-main/vendor/laravel/framework/src/Illuminate/Routing/UrlGenerator.php:534)
[stacktrace]
#0 /home/skytech/ISP-BILLING-main/vendor/laravel/framework/src/Illuminate/Foundation/helpers.php(870): Illuminate\\Routing\\UrlGenerator->route()
#1 /home/skytech/ISP-BILLING-main/vendor/filament/filament/src/Pages/Page.php(108): route()
#2 /home/skytech/ISP-BILLING-main/vendor/filament/filament/src/Pages/Page.php(272): Filament\\Pages\\Page::getUrl()
#3 /home/skytech/ISP-BILLING-main/vendor/filament/filament/src/Pages/Page.php(160): Filament\\Pages\\Page::getNavigationUrl()
#4 /home/skytech/ISP-BILLING-main/vendor/filament/filament/src/Pages/Page.php(139): Filament\\Pages\\Page::getNavigationItems()
#5 /home/skytech/ISP-BILLING-main/vendor/filament/filament/src/Navigation/NavigationManager.php(194): Filament\\Pages\\Page::registerNavigationItems()
#6 /home/skytech/ISP-BILLING-main/vendor/filament/filament/src/Navigation/NavigationManager.php(54): Filament\\Navigation\\NavigationManager->mountNavigation()
#7 /home/skytech/ISP-BILLING-main/vendor/filament/filament/src/Panel/Concerns/HasRoutes.php(225): Filament\\Navigation\\NavigationManager->get()
#8 /home/skytech/ISP-BILLING-main/vendor/filament/filament/src/Http/Controllers/RedirectToHomeController.php(14): Filament\\Panel->getRedirectUrl()
#9 /home/skytech/ISP-BILLING-main/vendor/laravel/framework/src/Illuminate/Routing/ControllerDispatcher.php(46): Filament\\Http\\Controllers\\RedirectToHomeController->__invoke()
#10 /home/skytech/ISP-BILLING-main/vendor/laravel/framework/src/Illuminate/Routing/Route.php(265): Illuminate\\Routing\\ControllerDispatcher->dispatch()
#11 /home/skytech/ISP-BILLING-main/vendor/laravel/framework/src/Illuminate/Routing/Route.php(211): Illuminate\\Routing\\Route->runController()
#12 /home/skytech/ISP-BILLING-main/vendor/laravel/framework/src/Illuminate/Routing/Router.php(822): Illuminate\\Routing\\Route->run()
#13 /home/skytech/ISP-BILLING-main/vendor/laravel/framework/src/Illuminate/Pipeline/Pipeline.php(180): Illuminate\\Routing\\Router->Illuminate\\Routing\\{closure}()
#14 /home/skytech/ISP-BILLING-main/vendor/filament/filament/src/Http/Middleware/DispatchServingFilamentEvent.php(15): Illuminate\\Pipeline\\Pipeline->Illuminate\\Pipeline\\{closure}()
#15 /home/skytech/ISP-BILLING-main/vendor/laravel/framework/src/Illuminate/Pipeline/Pipeline.php(219): Filament\\Http\\Middleware\\DispatchServingFilamentEvent->handle()
#16 /home/skytech/ISP-BILLING-main/vendor/filament/filament/src/Http/Middleware/DisableBladeIconComponents.php(14): Illuminate\\Pipeline\\Pipeline->Illuminate\\Pipeline\\{closure}()
#17 /home/skytech/ISP-BILLING-main/vendor/laravel/framework/src/Illuminate/Pipeline/Pipeline.php(219): Filament\\Http\\Middleware\\DisableBladeIconComponents->handle()
#18 /home/skytech/ISP-BILLING-main/vendor/laravel/framework/src/Illuminate/Routing/Middleware/SubstituteBindings.php(50): Illuminate\\Pipeline\\Pipeline->Illuminate\\Pipeline\\{closure}()
#19 /home/skytech/ISP-BILLING-main/vendor/laravel/framework/src/Illuminate/Pipeline/Pipeline.php(219): Illuminate\\Routing\\Middleware\\SubstituteBindings->handle()
#20 /home/skytech/ISP-BILLING-main/vendor/laravel/framework/src/Illuminate/Foundation/Http/Middleware/VerifyCsrfToken.php(87): Illuminate\\Pipeline\\Pipeline->Illuminate\\Pipeline\\{closure}()
#21 /home/skytech/ISP-BILLING-main/vendor/laravel/framework/src/Illuminate/Pipeline/Pipeline.php(219): Illuminate\\Foundation\\Http\\Middleware\\VerifyCsrfToken->handle()
#22 /home/skytech/ISP-BILLING-main/vendor/laravel/framework/src/Illuminate/Session/Middleware/AuthenticateSession.php(70): Illuminate\\Pipeline\\Pipeline->Illuminate\\Pipeline\\{closure}()
#23 /home/skytech/ISP-BILLING-main/vendor/laravel/framework/src/Illuminate/Pipeline/Pipeline.php(219): Illuminate\\Session\\Middleware\\AuthenticateSession->handle()
#24 /home/skytech/ISP-BILLING-main/vendor/laravel/framework/src/Illuminate/Auth/Middleware/Authenticate.php(63): Illuminate\\Pipeline\\Pipeline->Illuminate\\Pipeline\\{closure}()
#25 /home/skytech/ISP-BILLING-main/vendor/laravel/framework/src/Illuminate/Pipeline/Pipeline.php(219): Illuminate\\Auth\\Middleware\\Authenticate->handle()
#26 /home/skytech/ISP-BILLING-main/vendor/laravel/framework/src/Illuminate/View/Middleware/ShareErrorsFromSession.php(48): Illuminate\\Pipeline\\Pipeline->Illuminate\\Pipeline\\{closure}()
#27 /home/skytech/ISP-BILLING-main/vendor/laravel/framework/src/Illuminate/Pipeline/Pipeline.php(219): Illuminate\\View\\Middleware\\ShareErrorsFromSession->handle()
#28 /home/skytech/ISP-BILLING-main/vendor/laravel/framework/src/Illuminate/Session/Middleware/StartSession.php(120): Illuminate\\Pipeline\\Pipeline->Illuminate\\Pipeline\\{closure}()
#29 /home/skytech/ISP-BILLING-main/vendor/laravel/framework/src/Illuminate/Session/Middleware/StartSession.php(63): Illuminate\\Session\\Middleware\\StartSession->handleStatefulRequest()
#30 /home/skytech/ISP-BILLING-main/vendor/laravel/framework/src/Illuminate/Pipeline/Pipeline.php(219): Illuminate\\Session\\Middleware\\StartSession->handle()
#31 /home/skytech/ISP-BILLING-main/vendor/laravel/framework/src/Illuminate/Cookie/Middleware/AddQueuedCookiesToResponse.php(36): Illuminate\\Pipeline\\Pipeline->Illuminate\\Pipeline\\{closure}()
#32 /home/skytech/ISP-BILLING-main/vendor/laravel/framework/src/Illuminate/Pipeline/Pipeline.php(219): Illuminate\\Cookie\\Middleware\\AddQueuedCookiesToResponse->handle()
#33 /home/skytech/ISP-BILLING-main/vendor/laravel/framework/src/Illuminate/Cookie/Middleware/EncryptCookies.php(74): Illuminate\\Pipeline\\Pipeline->Illuminate\\Pipeline\\{closure}()
#34 /home/skytech/ISP-BILLING-main/vendor/laravel/framework/src/Illuminate/Pipeline/Pipeline.php(219): Illuminate\\Cookie\\Middleware\\EncryptCookies->handle()
#35 /home/skytech/ISP-BILLING-main/vendor/filament/filament/src/Http/Middleware/SetUpPanel.php(19): Illuminate\\Pipeline\\Pipeline->Illuminate\\Pipeline\\{closure}()
#36 /home/skytech/ISP-BILLING-main/vendor/laravel/framework/src/Illuminate/Pipeline/Pipeline.php(219): Filament\\Http\\Middleware\\SetUpPanel->handle()
#37 /home/skytech/ISP-BILLING-main/vendor/laravel/framework/src/Illuminate/Pipeline/Pipeline.php(137): Illuminate\\Pipeline\\Pipeline->Illuminate\\Pipeline\\{closure}()
#38 /home/skytech/ISP-BILLING-main/vendor/laravel/framework/src/Illuminate/Routing/Router.php(821): Illuminate\\Pipeline\\Pipeline->then()
#39 /home/skytech/ISP-BILLING-main/vendor/laravel/framework/src/Illuminate/Routing/Router.php(800): Illuminate\\Routing\\Router->runRouteWithinStack()
#40 /home/skytech/ISP-BILLING-main/vendor/laravel/framework/src/Illuminate/Routing/Router.php(764): Illuminate\\Routing\\Router->runRoute()
#41 /home/skytech/ISP-BILLING-main/vendor/laravel/framework/src/Illuminate/Routing/Router.php(753): Illuminate\\Routing\\Router->dispatchToRoute()
#42 /home/skytech/ISP-BILLING-main/vendor/laravel/framework/src/Illuminate/Foundation/Http/Kernel.php(200): Illuminate\\Routing\\Router->dispatch()
#43 /home/skytech/ISP-BILLING-main/vendor/laravel/framework/src/Illuminate/Pipeline/Pipeline.php(180): Illuminate\\Foundation\\Http\\Kernel->Illuminate\\Foundation\\Http\\{closure}()
#44 /home/skytech/ISP-BILLING-main/vendor/livewire/livewire/src/Features/SupportDisablingBackButtonCache/DisableBackButtonCacheMiddleware.php(19): Illuminate\\Pipeline\\Pipeline->Illuminate\\Pipeline\\{closure}()
#45 /home/skytech/ISP-BILLING-main/vendor/laravel/framework/src/Illuminate/Pipeline/Pipeline.php(219): Livewire\\Features\\SupportDisablingBackButtonCache\\DisableBackButtonCacheMiddleware->handle()
#46 /home/skytech/ISP-BILLING-main/app/Http/Middleware/CheckSiteStatus.php(55): Illuminate\\Pipeline\\Pipeline->Illuminate\\Pipeline\\{closure}()
#47 /home/skytech/ISP-BILLING-main/vendor/laravel/framework/src/Illuminate/Pipeline/Pipeline.php(219): App\\Http\\Middleware\\CheckSiteStatus->handle()
#48 /home/skytech/ISP-BILLING-main/vendor/laravel/framework/src/Illuminate/Foundation/Http/Middleware/TransformsRequest.php(21): Illuminate\\Pipeline\\Pipeline->Illuminate\\Pipeline\\{closure}()
#49 /home/skytech/ISP-BILLING-main/vendor/laravel/framework/src/Illuminate/Foundation/Http/Middleware/ConvertEmptyStringsToNull.php(31): Illuminate\\Foundation\\Http\\Middleware\\TransformsRequest->handle()
#50 /home/skytech/ISP-BILLING-main/vendor/laravel/framework/src/Illuminate/Pipeline/Pipeline.php(219): Illuminate\\Foundation\\Http\\Middleware\\ConvertEmptyStringsToNull->handle()
#51 /home/skytech/ISP-BILLING-main/vendor/laravel/framework/src/Illuminate/Foundation/Http/Middleware/TransformsRequest.php(21): Illuminate\\Pipeline\\Pipeline->Illuminate\\Pipeline\\{closure}()
#52 /home/skytech/ISP-BILLING-main/vendor/laravel/framework/src/Illuminate/Foundation/Http/Middleware/TrimStrings.php(51): Illuminate\\Foundation\\Http\\Middleware\\TransformsRequest->handle()
#53 /home/skytech/ISP-BILLING-main/vendor/laravel/framework/src/Illuminate/Pipeline/Pipeline.php(219): Illuminate\\Foundation\\Http\\Middleware\\TrimStrings->handle()
#54 /home/skytech/ISP-BILLING-main/vendor/laravel/framework/src/Illuminate/Http/Middleware/ValidatePostSize.php(27): Illuminate\\Pipeline\\Pipeline->Illuminate\\Pipeline\\{closure}()
#55 /home/skytech/ISP-BILLING-main/vendor/laravel/framework/src/Illuminate/Pipeline/Pipeline.php(219): Illuminate\\Http\\Middleware\\ValidatePostSize->handle()
#56 /home/skytech/ISP-BILLING-main/vendor/laravel/framework/src/Illuminate/Foundation/Http/Middleware/PreventRequestsDuringMaintenance.php(109): Illuminate\\Pipeline\\Pipeline->Illuminate\\Pipeline\\{closure}()
#57 /home/skytech/ISP-BILLING-main/vendor/laravel/framework/src/Illuminate/Pipeline/Pipeline.php(219): Illuminate\\Foundation\\Http\\Middleware\\PreventRequestsDuringMaintenance->handle()
#58 /home/skytech/ISP-BILLING-main/vendor/laravel/framework/src/Illuminate/Http/Middleware/HandleCors.php(61): Illuminate\\Pipeline\\Pipeline->Illuminate\\Pipeline\\{closure}()
#59 /home/skytech/ISP-BILLING-main/vendor/laravel/framework/src/Illuminate/Pipeline/Pipeline.php(219): Illuminate\\Http\\Middleware\\HandleCors->handle()
#60 /home/skytech/ISP-BILLING-main/vendor/laravel/framework/src/Illuminate/Http/Middleware/TrustProxies.php(58): Illuminate\\Pipeline\\Pipeline->Illuminate\\Pipeline\\{closure}()
#61 /home/skytech/ISP-BILLING-main/vendor/laravel/framework/src/Illuminate/Pipeline/Pipeline.php(219): Illuminate\\Http\\Middleware\\TrustProxies->handle()
#62 /home/skytech/ISP-BILLING-main/vendor/laravel/framework/src/Illuminate/Foundation/Http/Middleware/InvokeDeferredCallbacks.php(22): Illuminate\\Pipeline\\Pipeline->Illuminate\\Pipeline\\{closure}()
#63 /home/skytech/ISP-BILLING-main/vendor/laravel/framework/src/Illuminate/Pipeline/Pipeline.php(219): Illuminate\\Foundation\\Http\\Middleware\\InvokeDeferredCallbacks->handle()
#64 /home/skytech/ISP-BILLING-main/vendor/laravel/framework/src/Illuminate/Http/Middleware/ValidatePathEncoding.php(26): Illuminate\\Pipeline\\Pipeline->Illuminate\\Pipeline\\{closure}()
#65 /home/skytech/ISP-BILLING-main/vendor/laravel/framework/src/Illuminate/Pipeline/Pipeline.php(219): Illuminate\\Http\\Middleware\\ValidatePathEncoding->handle()
#66 /home/skytech/ISP-BILLING-main/vendor/laravel/framework/src/Illuminate/Pipeline/Pipeline.php(137): Illuminate\\Pipeline\\Pipeline->Illuminate\\Pipeline\\{closure}()
#67 /home/skytech/ISP-BILLING-main/vendor/laravel/framework/src/Illuminate/Foundation/Http/Kernel.php(175): Illuminate\\Pipeline\\Pipeline->then()
#68 /home/skytech/ISP-BILLING-main/vendor/laravel/framework/src/Illuminate/Foundation/Http/Kernel.php(144): Illuminate\\Foundation\\Http\\Kernel->sendRequestThroughRouter()
#69 /home/skytech/ISP-BILLING-main/vendor/laravel/framework/src/Illuminate/Foundation/Application.php(1220): Illuminate\\Foundation\\Http\\Kernel->handle()
#70 /home/skytech/ISP-BILLING-main/public/index.php(20): Illuminate\\Foundation\\Application->handleRequest()
#71 {main}
"} 
[2026-09-25 12:56:58] production.ERROR: Undefined variable $availableRoles (View: /home/skytech/ISP-BILLING-main/resources/views/admin/resellers/edit.blade.php) {"userId":1,"exception":"[object] (Illuminate\\View\\ViewException(code: 0): Undefined variable $availableRoles (View: /home/skytech/ISP-BILLING-main/resources/views/admin/resellers/edit.blade.php) at /home/skytech/ISP-BILLING-main/storage/framework/views/b717d64fd9a0d72c4743c21b519a92bb.php:155)
[stacktrace]
#0 /home/skytech/ISP-BILLING-main/vendor/livewire/livewire/src/Mechanisms/ExtendBlade/ExtendedCompilerEngine.php(58): Illuminate\\View\\Engines\\CompilerEngine->handleViewException()
#1 /home/skytech/ISP-BILLING-main/vendor/laravel/framework/src/Illuminate/View/Engines/PhpEngine.php(59): Livewire\\Mechanisms\\ExtendBlade\\ExtendedCompilerEngine->handleViewException()
#2 /home/skytech/ISP-BILLING-main/vendor/livewire/livewire/src/Mechanisms/ExtendBlade/ExtendedCompilerEngine.php(22): Illuminate\\View\\Engines\\PhpEngine->evaluatePath()
#3 /home/skytech/ISP-BILLING-main/vendor/laravel/framework/src/Illuminate/View/Engines/CompilerEngine.php(76): Livewire\\Mechanisms\\ExtendBlade\\ExtendedCompilerEngine->evaluatePath()
#4 /home/skytech/ISP-BILLING-main/vendor/livewire/livewire/src/Mechanisms/ExtendBlade/ExtendedCompilerEngine.php(10): Illuminate\\View\\Engines\\CompilerEngine->get()
#5 /home/skytech/ISP-BILLING-main/vendor/laravel/framework/src/Illuminate/View/View.php(208): Livewire\\Mechanisms\\ExtendBlade\\ExtendedCompilerEngine->get()
#6 /home/skytech/ISP-BILLING-main/vendor/laravel/framework/src/Illuminate/View/View.php(191): Illuminate\\View\\View->getContents()
#7 /home/skytech/ISP-BILLING-main/vendor/laravel/framework/src/Illuminate/View/View.php(160): Illuminate\\View\\View->renderContents()
#8 /home/skytech/ISP-BILLING-main/vendor/laravel/framework/src/Illuminate/Http/Response.php(78): Illuminate\\View\\View->render()
#9 /home/skytech/ISP-BILLING-main/vendor/laravel/framework/src/Illuminate/Http/Response.php(34): Illuminate\\Http\\Response->setContent()
#10 /home/skytech/ISP-BILLING-main/vendor/laravel/framework/src/Illuminate/Routing/Router.php(939): Illuminate\\Http\\Response->__construct()
#11 /home/skytech/ISP-BILLING-main/vendor/laravel/framework/src/Illuminate/Routing/Router.php(906): Illuminate\\Routing\\Router::toResponse()
#12 /home/skytech/ISP-BILLING-main/vendor/laravel/framework/src/Illuminate/Routing/Router.php(821): Illuminate\\Routing\\Router->prepareResponse()
#13 /home/skytech/ISP-BILLING-main/vendor/laravel/framework/src/Illuminate/Pipeline/Pipeline.php(180): Illuminate\\Routing\\Router->Illuminate\\Routing\\{closure}()
#14 /home/skytech/ISP-BILLING-main/app/Http/Middleware/RestrictHotelUserPortal.php(45): Illuminate\\Pipeline\\Pipeline->Illuminate\\Pipeline\\{closure}()
#15 /home/skytech/ISP-BILLING-main/vendor/laravel/framework/src/Illuminate/Pipeline/Pipeline.php(219): App\\Http\\Middleware\\RestrictHotelUserPortal->handle()
#16 /home/skytech/ISP-BILLING-main/app/Http/Middleware/ForcePortalPasswordChange.php(13): Illuminate\\Pipeline\\Pipeline->Illuminate\\Pipeline\\{closure}()
#17 /home/skytech/ISP-BILLING-main/vendor/laravel/framework/src/Illuminate/Pipeline/Pipeline.php(219): App\\Http\\Middleware\\ForcePortalPasswordChange->handle()
#18 /home/skytech/ISP-BILLING-main/app/Http/Middleware/RestrictToProfileIfNoPermissions.php(61): Illuminate\\Pipeline\\Pipeline->Illuminate\\Pipeline\\{closure}()
#19 /home/skytech/ISP-BILLING-main/vendor/laravel/framework/src/Illuminate/Pipeline/Pipeline.php(219): App\\Http\\Middleware\\RestrictToProfileIfNoPermissions->handle()
#20 /home/skytech/ISP-BILLING-main/vendor/laravel/framework/src/Illuminate/Auth/Middleware/EnsureEmailIsVerified.php(41): Illuminate\\Pipeline\\Pipeline->Illuminate\\Pipeline\\{closure}()
#21 /home/skytech/ISP-BILLING-main/vendor/laravel/framework/src/Illuminate/Pipeline/Pipeline.php(219): Illuminate\\Auth\\Middleware\\EnsureEmailIsVerified->handle()
#22 /home/skytech/ISP-BILLING-main/vendor/php-flasher/flasher-laravel/Middleware/FlasherMiddleware.php(21): Illuminate\\Pipeline\\Pipeline->Illuminate\\Pipeline\\{closure}()
#23 /home/skytech/ISP-BILLING-main/vendor/laravel/framework/src/Illuminate/Pipeline/Pipeline.php(219): Flasher\\Laravel\\Middleware\\FlasherMiddleware->handle()
#24 /home/skytech/ISP-BILLING-main/vendor/php-flasher/flasher-laravel/Middleware/SessionMiddleware.php(21): Illuminate\\Pipeline\\Pipeline->Illuminate\\Pipeline\\{closure}()
#25 /home/skytech/ISP-BILLING-main/vendor/laravel/framework/src/Illuminate/Pipeline/Pipeline.php(219): Flasher\\Laravel\\Middleware\\SessionMiddleware->handle()
#26 /home/skytech/ISP-BILLING-main/app/Http/Middleware/SetLocaleFromSession.php(42): Illuminate\\Pipeline\\Pipeline->Illuminate\\Pipeline\\{closure}()
#27 /home/skytech/ISP-BILLING-main/vendor/laravel/framework/src/Illuminate/Pipeline/Pipeline.php(219): App\\Http\\Middleware\\SetLocaleFromSession->handle()
#28 /home/skytech/ISP-BILLING-main/vendor/laravel/framework/src/Illuminate/Routing/Middleware/SubstituteBindings.php(50): Illuminate\\Pipeline\\Pipeline->Illuminate\\Pipeline\\{closure}()
#29 /home/skytech/ISP-BILLING-main/vendor/laravel/framework/src/Illuminate/Pipeline/Pipeline.php(219): Illuminate\\Routing\\Middleware\\SubstituteBindings->handle()
#30 /home/skytech/ISP-BILLING-main/vendor/laravel/framework/src/Illuminate/Session/Middleware/AuthenticateSession.php(70): Illuminate\\Pipeline\\Pipeline->Illuminate\\Pipeline\\{closure}()
#31 /home/skytech/ISP-BILLING-main/vendor/laravel/framework/src/Illuminate/Pipeline/Pipeline.php(219): Illuminate\\Session\\Middleware\\AuthenticateSession->handle()
#32 /home/skytech/ISP-BILLING-main/vendor/laravel/framework/src/Illuminate/Auth/Middleware/Authenticate.php(63): Illuminate\\Pipeline\\Pipeline->Illuminate\\Pipeline\\{closure}()
#33 /home/skytech/ISP-BILLING-main/vendor/laravel/framework/src/Illuminate/Pipeline/Pipeline.php(219): Illuminate\\Auth\\Middleware\\Authenticate->handle()
#34 /home/skytech/ISP-BILLING-main/vendor/laravel/framework/src/Illuminate/Foundation/Http/Middleware/VerifyCsrfToken.php(87): Illuminate\\Pipeline\\Pipeline->Illuminate\\Pipeline\\{closure}()
#35 /home/skytech/ISP-BILLING-main/vendor/laravel/framework/src/Illuminate/Pipeline/Pipeline.php(219): Illuminate\\Foundation\\Http\\Middleware\\VerifyCsrfToken->handle()
#36 /home/skytech/ISP-BILLING-main/vendor/laravel/framework/src/Illuminate/View/Middleware/ShareErrorsFromSession.php(48): Illuminate\\Pipeline\\Pipeline->Illuminate\\Pipeline\\{closure}()
#37 /home/skytech/ISP-BILLING-main/vendor/laravel/framework/src/Illuminate/Pipeline/Pipeline.php(219): Illuminate\\View\\Middleware\\ShareErrorsFromSession->handle()
#38 /home/skytech/ISP-BILLING-main/vendor/laravel/framework/src/Illuminate/Session/Middleware/StartSession.php(120): Illuminate\\Pipeline\\Pipeline->Illuminate\\Pipeline\\{closure}()
#39 /home/skytech/ISP-BILLING-main/vendor/laravel/framework/src/Illuminate/Session/Middleware/StartSession.php(63): Illuminate\\Session\\Middleware\\StartSession->handleStatefulRequest()
#40 /home/skytech/ISP-BILLING-main/vendor/laravel/framework/src/Illuminate/Pipeline/Pipeline.php(219): Illuminate\\Session\\Middleware\\StartSession->handle()
#41 /home/skytech/ISP-BILLING-main/vendor/laravel/framework/src/Illuminate/Cookie/Middleware/AddQueuedCookiesToResponse.php(36): Illuminate\\Pipeline\\Pipeline->Illuminate\\Pipeline\\{closure}()
#42 /home/skytech/ISP-BILLING-main/vendor/laravel/framework/src/Illuminate/Pipeline/Pipeline.php(219): Illuminate\\Cookie\\Middleware\\AddQueuedCookiesToResponse->handle()
#43 /home/skytech/ISP-BILLING-main/vendor/laravel/framework/src/Illuminate/Cookie/Middleware/EncryptCookies.php(74): Illuminate\\Pipeline\\Pipeline->Illuminate\\Pipeline\\{closure}()
#44 /home/skytech/ISP-BILLING-main/vendor/laravel/framework/src/Illuminate/Pipeline/Pipeline.php(219): Illuminate\\Cookie\\Middleware\\EncryptCookies->handle()
#45 /home/skytech/ISP-BILLING-main/vendor/laravel/framework/src/Illuminate/Pipeline/Pipeline.php(137): Illuminate\\Pipeline\\Pipeline->Illuminate\\Pipeline\\{closure}()
#46 /home/skytech/ISP-BILLING-main/vendor/laravel/framework/src/Illuminate/Routing/Router.php(821): Illuminate\\Pipeline\\Pipeline->then()
#47 /home/skytech/ISP-BILLING-main/vendor/laravel/framework/src/Illuminate/Routing/Router.php(800): Illuminate\\Routing\\Router->runRouteWithinStack()
#48 /home/skytech/ISP-BILLING-main/vendor/laravel/framework/src/Illuminate/Routing/Router.php(764): Illuminate\\Routing\\Router->runRoute()
#49 /home/skytech/ISP-BILLING-main/vendor/laravel/framework/src/Illuminate/Routing/Router.php(753): Illuminate\\Routing\\Router->dispatchToRoute()
#50 /home/skytech/ISP-BILLING-main/vendor/laravel/framework/src/Illuminate/Foundation/Http/Kernel.php(200): Illuminate\\Routing\\Router->dispatch()
#51 /home/skytech/ISP-BILLING-main/vendor/laravel/framework/src/Illuminate/Pipeline/Pipeline.php(180): Illuminate\\Foundation\\Http\\Kernel->Illuminate\\Foundation\\Http\\{closure}()
#52 /home/skytech/ISP-BILLING-main/vendor/livewire/livewire/src/Features/SupportDisablingBackButtonCache/DisableBackButtonCacheMiddleware.php(19): Illuminate\\Pipeline\\Pipeline->Illuminate\\Pipeline\\{closure}()
#53 /home/skytech/ISP-BILLING-main/vendor/laravel/framework/src/Illuminate/Pipeline/Pipeline.php(219): Livewire\\Features\\SupportDisablingBackButtonCache\\DisableBackButtonCacheMiddleware->handle()
#54 /home/skytech/ISP-BILLING-main/app/Http/Middleware/CheckSiteStatus.php(55): Illuminate\\Pipeline\\Pipeline->Illuminate\\Pipeline\\{closure}()
#55 /home/skytech/ISP-BILLING-main/vendor/laravel/framework/src/Illuminate/Pipeline/Pipeline.php(219): App\\Http\\Middleware\\CheckSiteStatus->handle()
#56 /home/skytech/ISP-BILLING-main/vendor/laravel/framework/src/Illuminate/Foundation/Http/Middleware/TransformsRequest.php(21): Illuminate\\Pipeline\\Pipeline->Illuminate\\Pipeline\\{closure}()
#57 /home/skytech/ISP-BILLING-main/vendor/laravel/framework/src/Illuminate/Foundation/Http/Middleware/ConvertEmptyStringsToNull.php(31): Illuminate\\Foundation\\Http\\Middleware\\TransformsRequest->handle()
#58 /home/skytech/ISP-BILLING-main/vendor/laravel/framework/src/Illuminate/Pipeline/Pipeline.php(219): Illuminate\\Foundation\\Http\\Middleware\\ConvertEmptyStringsToNull->handle()
#59 /home/skytech/ISP-BILLING-main/vendor/laravel/framework/src/Illuminate/Foundation/Http/Middleware/TransformsRequest.php(21): Illuminate\\Pipeline\\Pipeline->Illuminate\\Pipeline\\{closure}()
#60 /home/skytech/ISP-BILLING-main/vendor/laravel/framework/src/Illuminate/Foundation/Http/Middleware/TrimStrings.php(51): Illuminate\\Foundation\\Http\\Middleware\\TransformsRequest->handle()
#61 /home/skytech/ISP-BILLING-main/vendor/laravel/framework/src/Illuminate/Pipeline/Pipeline.php(219): Illuminate\\Foundation\\Http\\Middleware\\TrimStrings->handle()
#62 /home/skytech/ISP-BILLING-main/vendor/laravel/framework/src/Illuminate/Http/Middleware/ValidatePostSize.php(27): Illuminate\\Pipeline\\Pipeline->Illuminate\\Pipeline\\{closure}()
#63 /home/skytech/ISP-BILLING-main/vendor/laravel/framework/src/Illuminate/Pipeline/Pipeline.php(219): Illuminate\\Http\\Middleware\\ValidatePostSize->handle()
#64 /home/skytech/ISP-BILLING-main/vendor/laravel/framework/src/Illuminate/Foundation/Http/Middleware/PreventRequestsDuringMaintenance.php(109): Illuminate\\Pipeline\\Pipeline->Illuminate\\Pipeline\\{closure}()
#65 /home/skytech/ISP-BILLING-main/vendor/laravel/framework/src/Illuminate/Pipeline/Pipeline.php(219): Illuminate\\Foundation\\Http\\Middleware\\PreventRequestsDuringMaintenance->handle()
#66 /home/skytech/ISP-BILLING-main/vendor/laravel/framework/src/Illuminate/Http/Middleware/HandleCors.php(61): Illuminate\\Pipeline\\Pipeline->Illuminate\\Pipeline\\{closure}()
#67 /home/skytech/ISP-BILLING-main/vendor/laravel/framework/src/Illuminate/Pipeline/Pipeline.php(219): Illuminate\\Http\\Middleware\\HandleCors->handle()
#68 /home/skytech/ISP-BILLING-main/vendor/laravel/framework/src/Illuminate/Http/Middleware/TrustProxies.php(58): Illuminate\\Pipeline\\Pipeline->Illuminate\\Pipeline\\{closure}()
#69 /home/skytech/ISP-BILLING-main/vendor/laravel/framework/src/Illuminate/Pipeline/Pipeline.php(219): Illuminate\\Http\\Middleware\\TrustProxies->handle()
#70 /home/skytech/ISP-BILLING-main/vendor/laravel/framework/src/Illuminate/Foundation/Http/Middleware/InvokeDeferredCallbacks.php(22): Illuminate\\Pipeline\\Pipeline->Illuminate\\Pipeline\\{closure}()
#71 /home/skytech/ISP-BILLING-main/vendor/laravel/framework/src/Illuminate/Pipeline/Pipeline.php(219): Illuminate\\Foundation\\Http\\Middleware\\InvokeDeferredCallbacks->handle()
#72 /home/skytech/ISP-BILLING-main/vendor/laravel/framework/src/Illuminate/Http/Middleware/ValidatePathEncoding.php(26): Illuminate\\Pipeline\\Pipeline->Illuminate\\Pipeline\\{closure}()
#73 /home/skytech/ISP-BILLING-main/vendor/laravel/framework/src/Illuminate/Pipeline/Pipeline.php(219): Illuminate\\Http\\Middleware\\ValidatePathEncoding->handle()
#74 /home/skytech/ISP-BILLING-main/vendor/laravel/framework/src/Illuminate/Pipeline/Pipeline.php(137): Illuminate\\Pipeline\\Pipeline->Illuminate\\Pipeline\\{closure}()
#75 /home/skytech/ISP-BILLING-main/vendor/laravel/framework/src/Illuminate/Foundation/Http/Kernel.php(175): Illuminate\\Pipeline\\Pipeline->then()
#76 /home/skytech/ISP-BILLING-main/vendor/laravel/framework/src/Illuminate/Foundation/Http/Kernel.php(144): Illuminate\\Foundation\\Http\\Kernel->sendRequestThroughRouter()
#77 /home/skytech/ISP-BILLING-main/vendor/laravel/framework/src/Illuminate/Foundation/Application.php(1220): Illuminate\\Foundation\\Http\\Kernel->handle()
#78 /home/skytech/ISP-BILLING-main/public/index.php(20): Illuminate\\Foundation\\Application->handleRequest()
#79 {main}

[previous exception] [object] (ErrorException(code: 0): Undefined variable $availableRoles at /home/skytech/ISP-BILLING-main/storage/framework/views/b717d64fd9a0d72c4743c21b519a92bb.php:155)
[stacktrace]
#0 /home/skytech/ISP-BILLING-main/vendor/laravel/framework/src/Illuminate/Foundation/Bootstrap/HandleExceptions.php(262): Illuminate\\Foundation\\Bootstrap\\HandleExceptions->handleError()
#1 /home/skytech/ISP-BILLING-main/storage/framework/views/b717d64fd9a0d72c4743c21b519a92bb.php(155): Illuminate\\Foundation\\Bootstrap\\HandleExceptions->Illuminate\\Foundation\\Bootstrap\\{closure}()
#2 /home/skytech/ISP-BILLING-main/vendor/laravel/framework/src/Illuminate/Filesystem/Filesystem.php(123): require('...')
#3 /home/skytech/ISP-BILLING-main/vendor/laravel/framework/src/Illuminate/Filesystem/Filesystem.php(124): Illuminate\\Filesystem\\Filesystem::Illuminate\\Filesystem\\{closure}()
#4 /home/skytech/ISP-BILLING-main/vendor/laravel/framework/src/Illuminate/View/Engines/PhpEngine.php(57): Illuminate\\Filesystem\\Filesystem->getRequire()
#5 /home/skytech/ISP-BILLING-main/vendor/livewire/livewire/src/Mechanisms/ExtendBlade/ExtendedCompilerEngine.php(22): Illuminate\\View\\Engines\\PhpEngine->evaluatePath()
#6 /home/skytech/ISP-BILLING-main/vendor/laravel/framework/src/Illuminate/View/Engines/CompilerEngine.php(76): Livewire\\Mechanisms\\ExtendBlade\\ExtendedCompilerEngine->evaluatePath()
#7 /home/skytech/ISP-BILLING-main/vendor/livewire/livewire/src/Mechanisms/ExtendBlade/ExtendedCompilerEngine.php(10): Illuminate\\View\\Engines\\CompilerEngine->get()
#8 /home/skytech/ISP-BILLING-main/vendor/laravel/framework/src/Illuminate/View/View.php(208): Livewire\\Mechanisms\\ExtendBlade\\ExtendedCompilerEngine->get()
#9 /home/skytech/ISP-BILLING-main/vendor/laravel/framework/src/Illuminate/View/View.php(191): Illuminate\\View\\View->getContents()
#10 /home/skytech/ISP-BILLING-main/vendor/laravel/framework/src/Illuminate/View/View.php(160): Illuminate\\View\\View->renderContents()
#11 /home/skytech/ISP-BILLING-main/vendor/laravel/framework/src/Illuminate/Http/Response.php(78): Illuminate\\View\\View->render()
#12 /home/skytech/ISP-BILLING-main/vendor/laravel/framework/src/Illuminate/Http/Response.php(34): Illuminate\\Http\\Response->setContent()
#13 /home/skytech/ISP-BILLING-main/vendor/laravel/framework/src/Illuminate/Routing/Router.php(939): Illuminate\\Http\\Response->__construct()
#14 /home/skytech/ISP-BILLING-main/vendor/laravel/framework/src/Illuminate/Routing/Router.php(906): Illuminate\\Routing\\Router::toResponse()
#15 /home/skytech/ISP-BILLING-main/vendor/laravel/framework/src/Illuminate/Routing/Router.php(821): Illuminate\\Routing\\Router->prepareResponse()
#16 /home/skytech/ISP-BILLING-main/vendor/laravel/framework/src/Illuminate/Pipeline/Pipeline.php(180): Illuminate\\Routing\\Router->Illuminate\\Routing\\{closure}()
#17 /home/skytech/ISP-BILLING-main/app/Http/Middleware/RestrictHotelUserPortal.php(45): Illuminate\\Pipeline\\Pipeline->Illuminate\\Pipeline\\{closure}()
#18 /home/skytech/ISP-BILLING-main/vendor/laravel/framework/src/Illuminate/Pipeline/Pipeline.php(219): App\\Http\\Middleware\\RestrictHotelUserPortal->handle()
#19 /home/skytech/ISP-BILLING-main/app/Http/Middleware/ForcePortalPasswordChange.php(13): Illuminate\\Pipeline\\Pipeline->Illuminate\\Pipeline\\{closure}()
#20 /home/skytech/ISP-BILLING-main/vendor/laravel/framework/src/Illuminate/Pipeline/Pipeline.php(219): App\\Http\\Middleware\\ForcePortalPasswordChange->handle()
#21 /home/skytech/ISP-BILLING-main/app/Http/Middleware/RestrictToProfileIfNoPermissions.php(61): Illuminate\\Pipeline\\Pipeline->Illuminate\\Pipeline\\{closure}()
#22 /home/skytech/ISP-BILLING-main/vendor/laravel/framework/src/Illuminate/Pipeline/Pipeline.php(219): App\\Http\\Middleware\\RestrictToProfileIfNoPermissions->handle()
#23 /home/skytech/ISP-BILLING-main/vendor/laravel/framework/src/Illuminate/Auth/Middleware/EnsureEmailIsVerified.php(41): Illuminate\\Pipeline\\Pipeline->Illuminate\\Pipeline\\{closure}()
#24 /home/skytech/ISP-BILLING-main/vendor/laravel/framework/src/Illuminate/Pipeline/Pipeline.php(219): Illuminate\\Auth\\Middleware\\EnsureEmailIsVerified->handle()
#25 /home/skytech/ISP-BILLING-main/vendor/php-flasher/flasher-laravel/Middleware/FlasherMiddleware.php(21): Illuminate\\Pipeline\\Pipeline->Illuminate\\Pipeline\\{closure}()
#26 /home/skytech/ISP-BILLING-main/vendor/laravel/framework/src/Illuminate/Pipeline/Pipeline.php(219): Flasher\\Laravel\\Middleware\\FlasherMiddleware->handle()
#27 /home/skytech/ISP-BILLING-main/vendor/php-flasher/flasher-laravel/Middleware/SessionMiddleware.php(21): Illuminate\\Pipeline\\Pipeline->Illuminate\\Pipeline\\{closure}()
#28 /home/skytech/ISP-BILLING-main/vendor/laravel/framework/src/Illuminate/Pipeline/Pipeline.php(219): Flasher\\Laravel\\Middleware\\SessionMiddleware->handle()
#29 /home/skytech/ISP-BILLING-main/app/Http/Middleware/SetLocaleFromSession.php(42): Illuminate\\Pipeline\\Pipeline->Illuminate\\Pipeline\\{closure}()
#30 /home/skytech/ISP-BILLING-main/vendor/laravel/framework/src/Illuminate/Pipeline/Pipeline.php(219): App\\Http\\Middleware\\SetLocaleFromSession->handle()
#31 /home/skytech/ISP-BILLING-main/vendor/laravel/framework/src/Illuminate/Routing/Middleware/SubstituteBindings.php(50): Illuminate\\Pipeline\\Pipeline->Illuminate\\Pipeline\\{closure}()
#32 /home/skytech/ISP-BILLING-main/vendor/laravel/framework/src/Illuminate/Pipeline/Pipeline.php(219): Illuminate\\Routing\\Middleware\\SubstituteBindings->handle()
#33 /home/skytech/ISP-BILLING-main/vendor/laravel/framework/src/Illuminate/Session/Middleware/AuthenticateSession.php(70): Illuminate\\Pipeline\\Pipeline->Illuminate\\Pipeline\\{closure}()
#34 /home/skytech/ISP-BILLING-main/vendor/laravel/framework/src/Illuminate/Pipeline/Pipeline.php(219): Illuminate\\Session\\Middleware\\AuthenticateSession->handle()
#35 /home/skytech/ISP-BILLING-main/vendor/laravel/framework/src/Illuminate/Auth/Middleware/Authenticate.php(63): Illuminate\\Pipeline\\Pipeline->Illuminate\\Pipeline\\{closure}()
#36 /home/skytech/ISP-BILLING-main/vendor/laravel/framework/src/Illuminate/Pipeline/Pipeline.php(219): Illuminate\\Auth\\Middleware\\Authenticate->handle()
#37 /home/skytech/ISP-BILLING-main/vendor/laravel/framework/src/Illuminate/Foundation/Http/Middleware/VerifyCsrfToken.php(87): Illuminate\\Pipeline\\Pipeline->Illuminate\\Pipeline\\{closure}()
#38 /home/skytech/ISP-BILLING-main/vendor/laravel/framework/src/Illuminate/Pipeline/Pipeline.php(219): Illuminate\\Foundation\\Http\\Middleware\\VerifyCsrfToken->handle()
#39 /home/skytech/ISP-BILLING-main/vendor/laravel/framework/src/Illuminate/View/Middleware/ShareErrorsFromSession.php(48): Illuminate\\Pipeline\\Pipeline->Illuminate\\Pipeline\\{closure}()
#40 /home/skytech/ISP-BILLING-main/vendor/laravel/framework/src/Illuminate/Pipeline/Pipeline.php(219): Illuminate\\View\\Middleware\\ShareErrorsFromSession->handle()
#41 /home/skytech/ISP-BILLING-main/vendor/laravel/framework/src/Illuminate/Session/Middleware/StartSession.php(120): Illuminate\\Pipeline\\Pipeline->Illuminate\\Pipeline\\{closure}()
#42 /home/skytech/ISP-BILLING-main/vendor/laravel/framework/src/Illuminate/Session/Middleware/StartSession.php(63): Illuminate\\Session\\Middleware\\StartSession->handleStatefulRequest()
#43 /home/skytech/ISP-BILLING-main/vendor/laravel/framework/src/Illuminate/Pipeline/Pipeline.php(219): Illuminate\\Session\\Middleware\\StartSession->handle()
#44 /home/skytech/ISP-BILLING-main/vendor/laravel/framework/src/Illuminate/Cookie/Middleware/AddQueuedCookiesToResponse.php(36): Illuminate\\Pipeline\\Pipeline->Illuminate\\Pipeline\\{closure}()
#45 /home/skytech/ISP-BILLING-main/vendor/laravel/framework/src/Illuminate/Pipeline/Pipeline.php(219): Illuminate\\Cookie\\Middleware\\AddQueuedCookiesToResponse->handle()
#46 /home/skytech/ISP-BILLING-main/vendor/laravel/framework/src/Illuminate/Cookie/Middleware/EncryptCookies.php(74): Illuminate\\Pipeline\\Pipeline->Illuminate\\Pipeline\\{closure}()
#47 /home/skytech/ISP-BILLING-main/vendor/laravel/framework/src/Illuminate/Pipeline/Pipeline.php(219): Illuminate\\Cookie\\Middleware\\EncryptCookies->handle()
#48 /home/skytech/ISP-BILLING-main/vendor/laravel/framework/src/Illuminate/Pipeline/Pipeline.php(137): Illuminate\\Pipeline\\Pipeline->Illuminate\\Pipeline\\{closure}()
#49 /home/skytech/ISP-BILLING-main/vendor/laravel/framework/src/Illuminate/Routing/Router.php(821): Illuminate\\Pipeline\\Pipeline->then()
#50 /home/skytech/ISP-BILLING-main/vendor/laravel/framework/src/Illuminate/Routing/Router.php(800): Illuminate\\Routing\\Router->runRouteWithinStack()
#51 /home/skytech/ISP-BILLING-main/vendor/laravel/framework/src/Illuminate/Routing/Router.php(764): Illuminate\\Routing\\Router->runRoute()
#52 /home/skytech/ISP-BILLING-main/vendor/laravel/framework/src/Illuminate/Routing/Router.php(753): Illuminate\\Routing\\Router->dispatchToRoute()
#53 /home/skytech/ISP-BILLING-main/vendor/laravel/framework/src/Illuminate/Foundation/Http/Kernel.php(200): Illuminate\\Routing\\Router->dispatch()
#54 /home/skytech/ISP-BILLING-main/vendor/laravel/framework/src/Illuminate/Pipeline/Pipeline.php(180): Illuminate\\Foundation\\Http\\Kernel->Illuminate\\Foundation\\Http\\{closure}()
#55 /home/skytech/ISP-BILLING-main/vendor/livewire/livewire/src/Features/SupportDisablingBackButtonCache/DisableBackButtonCacheMiddleware.php(19): Illuminate\\Pipeline\\Pipeline->Illuminate\\Pipeline\\{closure}()
#56 /home/skytech/ISP-BILLING-main/vendor/laravel/framework/src/Illuminate/Pipeline/Pipeline.php(219): Livewire\\Features\\SupportDisablingBackButtonCache\\DisableBackButtonCacheMiddleware->handle()
#57 /home/skytech/ISP-BILLING-main/app/Http/Middleware/CheckSiteStatus.php(55): Illuminate\\Pipeline\\Pipeline->Illuminate\\Pipeline\\{closure}()
#58 /home/skytech/ISP-BILLING-main/vendor/laravel/framework/src/Illuminate/Pipeline/Pipeline.php(219): App\\Http\\Middleware\\CheckSiteStatus->handle()
#59 /home/skytech/ISP-BILLING-main/vendor/laravel/framework/src/Illuminate/Foundation/Http/Middleware/TransformsRequest.php(21): Illuminate\\Pipeline\\Pipeline->Illuminate\\Pipeline\\{closure}()
#60 /home/skytech/ISP-BILLING-main/vendor/laravel/framework/src/Illuminate/Foundation/Http/Middleware/ConvertEmptyStringsToNull.php(31): Illuminate\\Foundation\\Http\\Middleware\\TransformsRequest->handle()
#61 /home/skytech/ISP-BILLING-main/vendor/laravel/framework/src/Illuminate/Pipeline/Pipeline.php(219): Illuminate\\Foundation\\Http\\Middleware\\ConvertEmptyStringsToNull->handle()
#62 /home/skytech/ISP-BILLING-main/vendor/laravel/framework/src/Illuminate/Foundation/Http/Middleware/TransformsRequest.php(21): Illuminate\\Pipeline\\Pipeline->Illuminate\\Pipeline\\{closure}()
#63 /home/skytech/ISP-BILLING-main/vendor/laravel/framework/src/Illuminate/Foundation/Http/Middleware/TrimStrings.php(51): Illuminate\\Foundation\\Http\\Middleware\\TransformsRequest->handle()
#64 /home/skytech/ISP-BILLING-main/vendor/laravel/framework/src/Illuminate/Pipeline/Pipeline.php(219): Illuminate\\Foundation\\Http\\Middleware\\TrimStrings->handle()
#65 /home/skytech/ISP-BILLING-main/vendor/laravel/framework/src/Illuminate/Http/Middleware/ValidatePostSize.php(27): Illuminate\\Pipeline\\Pipeline->Illuminate\\Pipeline\\{closure}()
#66 /home/skytech/ISP-BILLING-main/vendor/laravel/framework/src/Illuminate/Pipeline/Pipeline.php(219): Illuminate\\Http\\Middleware\\ValidatePostSize->handle()
#67 /home/skytech/ISP-BILLING-main/vendor/laravel/framework/src/Illuminate/Foundation/Http/Middleware/PreventRequestsDuringMaintenance.php(109): Illuminate\\Pipeline\\Pipeline->Illuminate\\Pipeline\\{closure}()
#68 /home/skytech/ISP-BILLING-main/vendor/laravel/framework/src/Illuminate/Pipeline/Pipeline.php(219): Illuminate\\Foundation\\Http\\Middleware\\PreventRequestsDuringMaintenance->handle()
#69 /home/skytech/ISP-BILLING-main/vendor/laravel/framework/src/Illuminate/Http/Middleware/HandleCors.php(61): Illuminate\\Pipeline\\Pipeline->Illuminate\\Pipeline\\{closure}()
#70 /home/skytech/ISP-BILLING-main/vendor/laravel/framework/src/Illuminate/Pipeline/Pipeline.php(219): Illuminate\\Http\\Middleware\\HandleCors->handle()
#71 /home/skytech/ISP-BILLING-main/vendor/laravel/framework/src/Illuminate/Http/Middleware/TrustProxies.php(58): Illuminate\\Pipeline\\Pipeline->Illuminate\\Pipeline\\{closure}()
#72 /home/skytech/ISP-BILLING-main/vendor/laravel/framework/src/Illuminate/Pipeline/Pipeline.php(219): Illuminate\\Http\\Middleware\\TrustProxies->handle()
#73 /home/skytech/ISP-BILLING-main/vendor/laravel/framework/src/Illuminate/Foundation/Http/Middleware/InvokeDeferredCallbacks.php(22): Illuminate\\Pipeline\\Pipeline->Illuminate\\Pipeline\\{closure}()
#74 /home/skytech/ISP-BILLING-main/vendor/laravel/framework/src/Illuminate/Pipeline/Pipeline.php(219): Illuminate\\Foundation\\Http\\Middleware\\InvokeDeferredCallbacks->handle()
#75 /home/skytech/ISP-BILLING-main/vendor/laravel/framework/src/Illuminate/Http/Middleware/ValidatePathEncoding.php(26): Illuminate\\Pipeline\\Pipeline->Illuminate\\Pipeline\\{closure}()
#76 /home/skytech/ISP-BILLING-main/vendor/laravel/framework/src/Illuminate/Pipeline/Pipeline.php(219): Illuminate\\Http\\Middleware\\ValidatePathEncoding->handle()
#77 /home/skytech/ISP-BILLING-main/vendor/laravel/framework/src/Illuminate/Pipeline/Pipeline.php(137): Illuminate\\Pipeline\\Pipeline->Illuminate\\Pipeline\\{closure}()
#78 /home/skytech/ISP-BILLING-main/vendor/laravel/framework/src/Illuminate/Foundation/Http/Kernel.php(175): Illuminate\\Pipeline\\Pipeline->then()
#79 /home/skytech/ISP-BILLING-main/vendor/laravel/framework/src/Illuminate/Foundation/Http/Kernel.php(144): Illuminate\\Foundation\\Http\\Kernel->sendRequestThroughRouter()
#80 /home/skytech/ISP-BILLING-main/vendor/laravel/framework/src/Illuminate/Foundation/Application.php(1220): Illuminate\\Foundation\\Http\\Kernel->handle()
#81 /home/skytech/ISP-BILLING-main/public/index.php(20): Illuminate\\Foundation\\Application->handleRequest()
#82 {main}
"} 
[2026-09-25 13:51:53] production.DEBUG: Mikrotik [UVINZA] read cache invalidated.  
[2026-09-25 13:51:53] production.DEBUG: Mikrotik [HOPE] read cache invalidated.  
[2026-09-25 13:53:37] production.DEBUG: Mikrotik [UVINZA] read cache invalidated.  
[2026-09-25 13:53:37] production.DEBUG: Mikrotik [HOPE] read cache invalidated.  
[2026-09-25 13:53:37] production.DEBUG: Mikrotik [UVINZA DC] read cache invalidated.  
[2026-09-25 13:53:53] production.DEBUG: Mikrotik [UVINZA DC] read cache invalidated.  
[2026-09-25 13:58:45] production.DEBUG: Mikrotik [HOPE] read cache invalidated.  
[2026-09-25 13:58:47] production.DEBUG: Mikrotik [HOPE] read cache invalidated.  
[2026-09-25 13:58:48] production.DEBUG: Mikrotik [HOPE] read cache invalidated.  
[2026-09-25 13:58:50] production.DEBUG: Mikrotik [HOPE] read cache invalidated.  
[2026-09-25 13:58:51] production.DEBUG: Mikrotik [HOPE] read cache invalidated.  
[2026-09-25 13:58:53] production.DEBUG: Mikrotik [HOPE] read cache invalidated.  
[2026-09-25 13:58:54] production.DEBUG: Mikrotik [HOPE] read cache invalidated.  
[2026-09-25 13:58:55] production.DEBUG: Mikrotik [HOPE] read cache invalidated.  
[2026-09-25 13:58:58] production.DEBUG: Mikrotik [HOPE] read cache invalidated.  
[2026-09-25 13:58:59] production.DEBUG: Mikrotik [HOPE] read cache invalidated.  
[2026-09-25 14:00:10] production.ERROR: Undefined variable $availableRoles (View: /home/skytech/ISP-BILLING-main/resources/views/admin/resellers/edit.blade.php) {"userId":1,"exception":"[object] (Illuminate\\View\\ViewException(code: 0): Undefined variable $availableRoles (View: /home/skytech/ISP-BILLING-main/resources/views/admin/resellers/edit.blade.php) at /home/skytech/ISP-BILLING-main/storage/framework/views/b717d64fd9a0d72c4743c21b519a92bb.php:155)
[stacktrace]
#0 /home/skytech/ISP-BILLING-main/vendor/livewire/livewire/src/Mechanisms/ExtendBlade/ExtendedCompilerEngine.php(58): Illuminate\\View\\Engines\\CompilerEngine->handleViewException()
#1 /home/skytech/ISP-BILLING-main/vendor/laravel/framework/src/Illuminate/View/Engines/PhpEngine.php(59): Livewire\\Mechanisms\\ExtendBlade\\ExtendedCompilerEngine->handleViewException()
#2 /home/skytech/ISP-BILLING-main/vendor/livewire/livewire/src/Mechanisms/ExtendBlade/ExtendedCompilerEngine.php(22): Illuminate\\View\\Engines\\PhpEngine->evaluatePath()
#3 /home/skytech/ISP-BILLING-main/vendor/laravel/framework/src/Illuminate/View/Engines/CompilerEngine.php(76): Livewire\\Mechanisms\\ExtendBlade\\ExtendedCompilerEngine->evaluatePath()
#4 /home/skytech/ISP-BILLING-main/vendor/livewire/livewire/src/Mechanisms/ExtendBlade/ExtendedCompilerEngine.php(10): Illuminate\\View\\Engines\\CompilerEngine->get()
#5 /home/skytech/ISP-BILLING-main/vendor/laravel/framework/src/Illuminate/View/View.php(208): Livewire\\Mechanisms\\ExtendBlade\\ExtendedCompilerEngine->get()
#6 /home/skytech/ISP-BILLING-main/vendor/laravel/framework/src/Illuminate/View/View.php(191): Illuminate\\View\\View->getContents()
#7 /home/skytech/ISP-BILLING-main/vendor/laravel/framework/src/Illuminate/View/View.php(160): Illuminate\\View\\View->renderContents()
#8 /home/skytech/ISP-BILLING-main/vendor/laravel/framework/src/Illuminate/Http/Response.php(78): Illuminate\\View\\View->render()
#9 /home/skytech/ISP-BILLING-main/vendor/laravel/framework/src/Illuminate/Http/Response.php(34): Illuminate\\Http\\Response->setContent()
#10 /home/skytech/ISP-BILLING-main/vendor/laravel/framework/src/Illuminate/Routing/Router.php(939): Illuminate\\Http\\Response->__construct()
#11 /home/skytech/ISP-BILLING-main/vendor/laravel/framework/src/Illuminate/Routing/Router.php(906): Illuminate\\Routing\\Router::toResponse()
#12 /home/skytech/ISP-BILLING-main/vendor/laravel/framework/src/Illuminate/Routing/Router.php(821): Illuminate\\Routing\\Router->prepareResponse()
#13 /home/skytech/ISP-BILLING-main/vendor/laravel/framework/src/Illuminate/Pipeline/Pipeline.php(180): Illuminate\\Routing\\Router->Illuminate\\Routing\\{closure}()
#14 /home/skytech/ISP-BILLING-main/app/Http/Middleware/RestrictHotelUserPortal.php(45): Illuminate\\Pipeline\\Pipeline->Illuminate\\Pipeline\\{closure}()
#15 /home/skytech/ISP-BILLING-main/vendor/laravel/framework/src/Illuminate/Pipeline/Pipeline.php(219): App\\Http\\Middleware\\RestrictHotelUserPortal->handle()
#16 /home/skytech/ISP-BILLING-main/app/Http/Middleware/ForcePortalPasswordChange.php(13): Illuminate\\Pipeline\\Pipeline->Illuminate\\Pipeline\\{closure}()
#17 /home/skytech/ISP-BILLING-main/vendor/laravel/framework/src/Illuminate/Pipeline/Pipeline.php(219): App\\Http\\Middleware\\ForcePortalPasswordChange->handle()
#18 /home/skytech/ISP-BILLING-main/app/Http/Middleware/RestrictToProfileIfNoPermissions.php(61): Illuminate\\Pipeline\\Pipeline->Illuminate\\Pipeline\\{closure}()
#19 /home/skytech/ISP-BILLING-main/vendor/laravel/framework/src/Illuminate/Pipeline/Pipeline.php(219): App\\Http\\Middleware\\RestrictToProfileIfNoPermissions->handle()
#20 /home/skytech/ISP-BILLING-main/vendor/laravel/framework/src/Illuminate/Auth/Middleware/EnsureEmailIsVerified.php(41): Illuminate\\Pipeline\\Pipeline->Illuminate\\Pipeline\\{closure}()
#21 /home/skytech/ISP-BILLING-main/vendor/laravel/framework/src/Illuminate/Pipeline/Pipeline.php(219): Illuminate\\Auth\\Middleware\\EnsureEmailIsVerified->handle()
#22 /home/skytech/ISP-BILLING-main/vendor/php-flasher/flasher-laravel/Middleware/FlasherMiddleware.php(21): Illuminate\\Pipeline\\Pipeline->Illuminate\\Pipeline\\{closure}()
#23 /home/skytech/ISP-BILLING-main/vendor/laravel/framework/src/Illuminate/Pipeline/Pipeline.php(219): Flasher\\Laravel\\Middleware\\FlasherMiddleware->handle()
#24 /home/skytech/ISP-BILLING-main/vendor/php-flasher/flasher-laravel/Middleware/SessionMiddleware.php(21): Illuminate\\Pipeline\\Pipeline->Illuminate\\Pipeline\\{closure}()
#25 /home/skytech/ISP-BILLING-main/vendor/laravel/framework/src/Illuminate/Pipeline/Pipeline.php(219): Flasher\\Laravel\\Middleware\\SessionMiddleware->handle()
#26 /home/skytech/ISP-BILLING-main/app/Http/Middleware/SetLocaleFromSession.php(42): Illuminate\\Pipeline\\Pipeline->Illuminate\\Pipeline\\{closure}()
#27 /home/skytech/ISP-BILLING-main/vendor/laravel/framework/src/Illuminate/Pipeline/Pipeline.php(219): App\\Http\\Middleware\\SetLocaleFromSession->handle()
#28 /home/skytech/ISP-BILLING-main/vendor/laravel/framework/src/Illuminate/Routing/Middleware/SubstituteBindings.php(50): Illuminate\\Pipeline\\Pipeline->Illuminate\\Pipeline\\{closure}()
#29 /home/skytech/ISP-BILLING-main/vendor/laravel/framework/src/Illuminate/Pipeline/Pipeline.php(219): Illuminate\\Routing\\Middleware\\SubstituteBindings->handle()
#30 /home/skytech/ISP-BILLING-main/vendor/laravel/framework/src/Illuminate/Session/Middleware/AuthenticateSession.php(70): Illuminate\\Pipeline\\Pipeline->Illuminate\\Pipeline\\{closure}()
#31 /home/skytech/ISP-BILLING-main/vendor/laravel/framework/src/Illuminate/Pipeline/Pipeline.php(219): Illuminate\\Session\\Middleware\\AuthenticateSession->handle()
#32 /home/skytech/ISP-BILLING-main/vendor/laravel/framework/src/Illuminate/Auth/Middleware/Authenticate.php(63): Illuminate\\Pipeline\\Pipeline->Illuminate\\Pipeline\\{closure}()
#33 /home/skytech/ISP-BILLING-main/vendor/laravel/framework/src/Illuminate/Pipeline/Pipeline.php(219): Illuminate\\Auth\\Middleware\\Authenticate->handle()
#34 /home/skytech/ISP-BILLING-main/vendor/laravel/framework/src/Illuminate/Foundation/Http/Middleware/VerifyCsrfToken.php(87): Illuminate\\Pipeline\\Pipeline->Illuminate\\Pipeline\\{closure}()
#35 /home/skytech/ISP-BILLING-main/vendor/laravel/framework/src/Illuminate/Pipeline/Pipeline.php(219): Illuminate\\Foundation\\Http\\Middleware\\VerifyCsrfToken->handle()
#36 /home/skytech/ISP-BILLING-main/vendor/laravel/framework/src/Illuminate/View/Middleware/ShareErrorsFromSession.php(48): Illuminate\\Pipeline\\Pipeline->Illuminate\\Pipeline\\{closure}()
#37 /home/skytech/ISP-BILLING-main/vendor/laravel/framework/src/Illuminate/Pipeline/Pipeline.php(219): Illuminate\\View\\Middleware\\ShareErrorsFromSession->handle()
#38 /home/skytech/ISP-BILLING-main/vendor/laravel/framework/src/Illuminate/Session/Middleware/StartSession.php(120): Illuminate\\Pipeline\\Pipeline->Illuminate\\Pipeline\\{closure}()
#39 /home/skytech/ISP-BILLING-main/vendor/laravel/framework/src/Illuminate/Session/Middleware/StartSession.php(63): Illuminate\\Session\\Middleware\\StartSession->handleStatefulRequest()
#40 /home/skytech/ISP-BILLING-main/vendor/laravel/framework/src/Illuminate/Pipeline/Pipeline.php(219): Illuminate\\Session\\Middleware\\StartSession->handle()
#41 /home/skytech/ISP-BILLING-main/vendor/laravel/framework/src/Illuminate/Cookie/Middleware/AddQueuedCookiesToResponse.php(36): Illuminate\\Pipeline\\Pipeline->Illuminate\\Pipeline\\{closure}()
#42 /home/skytech/ISP-BILLING-main/vendor/laravel/framework/src/Illuminate/Pipeline/Pipeline.php(219): Illuminate\\Cookie\\Middleware\\AddQueuedCookiesToResponse->handle()
#43 /home/skytech/ISP-BILLING-main/vendor/laravel/framework/src/Illuminate/Cookie/Middleware/EncryptCookies.php(74): Illuminate\\Pipeline\\Pipeline->Illuminate\\Pipeline\\{closure}()
#44 /home/skytech/ISP-BILLING-main/vendor/laravel/framework/src/Illuminate/Pipeline/Pipeline.php(219): Illuminate\\Cookie\\Middleware\\EncryptCookies->handle()
#45 /home/skytech/ISP-BILLING-main/vendor/laravel/framework/src/Illuminate/Pipeline/Pipeline.php(137): Illuminate\\Pipeline\\Pipeline->Illuminate\\Pipeline\\{closure}()
#46 /home/skytech/ISP-BILLING-main/vendor/laravel/framework/src/Illuminate/Routing/Router.php(821): Illuminate\\Pipeline\\Pipeline->then()
#47 /home/skytech/ISP-BILLING-main/vendor/laravel/framework/src/Illuminate/Routing/Router.php(800): Illuminate\\Routing\\Router->runRouteWithinStack()
#48 /home/skytech/ISP-BILLING-main/vendor/laravel/framework/src/Illuminate/Routing/Router.php(764): Illuminate\\Routing\\Router->runRoute()
#49 /home/skytech/ISP-BILLING-main/vendor/laravel/framework/src/Illuminate/Routing/Router.php(753): Illuminate\\Routing\\Router->dispatchToRoute()
#50 /home/skytech/ISP-BILLING-main/vendor/laravel/framework/src/Illuminate/Foundation/Http/Kernel.php(200): Illuminate\\Routing\\Router->dispatch()
#51 /home/skytech/ISP-BILLING-main/vendor/laravel/framework/src/Illuminate/Pipeline/Pipeline.php(180): Illuminate\\Foundation\\Http\\Kernel->Illuminate\\Foundation\\Http\\{closure}()
#52 /home/skytech/ISP-BILLING-main/vendor/livewire/livewire/src/Features/SupportDisablingBackButtonCache/DisableBackButtonCacheMiddleware.php(19): Illuminate\\Pipeline\\Pipeline->Illuminate\\Pipeline\\{closure}()
#53 /home/skytech/ISP-BILLING-main/vendor/laravel/framework/src/Illuminate/Pipeline/Pipeline.php(219): Livewire\\Features\\SupportDisablingBackButtonCache\\DisableBackButtonCacheMiddleware->handle()
#54 /home/skytech/ISP-BILLING-main/app/Http/Middleware/CheckSiteStatus.php(55): Illuminate\\Pipeline\\Pipeline->Illuminate\\Pipeline\\{closure}()
#55 /home/skytech/ISP-BILLING-main/vendor/laravel/framework/src/Illuminate/Pipeline/Pipeline.php(219): App\\Http\\Middleware\\CheckSiteStatus->handle()
#56 /home/skytech/ISP-BILLING-main/vendor/laravel/framework/src/Illuminate/Foundation/Http/Middleware/TransformsRequest.php(21): Illuminate\\Pipeline\\Pipeline->Illuminate\\Pipeline\\{closure}()
#57 /home/skytech/ISP-BILLING-main/vendor/laravel/framework/src/Illuminate/Foundation/Http/Middleware/ConvertEmptyStringsToNull.php(31): Illuminate\\Foundation\\Http\\Middleware\\TransformsRequest->handle()
#58 /home/skytech/ISP-BILLING-main/vendor/laravel/framework/src/Illuminate/Pipeline/Pipeline.php(219): Illuminate\\Foundation\\Http\\Middleware\\ConvertEmptyStringsToNull->handle()
#59 /home/skytech/ISP-BILLING-main/vendor/laravel/framework/src/Illuminate/Foundation/Http/Middleware/TransformsRequest.php(21): Illuminate\\Pipeline\\Pipeline->Illuminate\\Pipeline\\{closure}()
#60 /home/skytech/ISP-BILLING-main/vendor/laravel/framework/src/Illuminate/Foundation/Http/Middleware/TrimStrings.php(51): Illuminate\\Foundation\\Http\\Middleware\\TransformsRequest->handle()
#61 /home/skytech/ISP-BILLING-main/vendor/laravel/framework/src/Illuminate/Pipeline/Pipeline.php(219): Illuminate\\Foundation\\Http\\Middleware\\TrimStrings->handle()
#62 /home/skytech/ISP-BILLING-main/vendor/laravel/framework/src/Illuminate/Http/Middleware/ValidatePostSize.php(27): Illuminate\\Pipeline\\Pipeline->Illuminate\\Pipeline\\{closure}()
#63 /home/skytech/ISP-BILLING-main/vendor/laravel/framework/src/Illuminate/Pipeline/Pipeline.php(219): Illuminate\\Http\\Middleware\\ValidatePostSize->handle()
#64 /home/skytech/ISP-BILLING-main/vendor/laravel/framework/src/Illuminate/Foundation/Http/Middleware/PreventRequestsDuringMaintenance.php(109): Illuminate\\Pipeline\\Pipeline->Illuminate\\Pipeline\\{closure}()
#65 /home/skytech/ISP-BILLING-main/vendor/laravel/framework/src/Illuminate/Pipeline/Pipeline.php(219): Illuminate\\Foundation\\Http\\Middleware\\PreventRequestsDuringMaintenance->handle()
#66 /home/skytech/ISP-BILLING-main/vendor/laravel/framework/src/Illuminate/Http/Middleware/HandleCors.php(61): Illuminate\\Pipeline\\Pipeline->Illuminate\\Pipeline\\{closure}()
#67 /home/skytech/ISP-BILLING-main/vendor/laravel/framework/src/Illuminate/Pipeline/Pipeline.php(219): Illuminate\\Http\\Middleware\\HandleCors->handle()
#68 /home/skytech/ISP-BILLING-main/vendor/laravel/framework/src/Illuminate/Http/Middleware/TrustProxies.php(58): Illuminate\\Pipeline\\Pipeline->Illuminate\\Pipeline\\{closure}()
#69 /home/skytech/ISP-BILLING-main/vendor/laravel/framework/src/Illuminate/Pipeline/Pipeline.php(219): Illuminate\\Http\\Middleware\\TrustProxies->handle()
#70 /home/skytech/ISP-BILLING-main/vendor/laravel/framework/src/Illuminate/Foundation/Http/Middleware/InvokeDeferredCallbacks.php(22): Illuminate\\Pipeline\\Pipeline->Illuminate\\Pipeline\\{closure}()
#71 /home/skytech/ISP-BILLING-main/vendor/laravel/framework/src/Illuminate/Pipeline/Pipeline.php(219): Illuminate\\Foundation\\Http\\Middleware\\InvokeDeferredCallbacks->handle()
#72 /home/skytech/ISP-BILLING-main/vendor/laravel/framework/src/Illuminate/Http/Middleware/ValidatePathEncoding.php(26): Illuminate\\Pipeline\\Pipeline->Illuminate\\Pipeline\\{closure}()
#73 /home/skytech/ISP-BILLING-main/vendor/laravel/framework/src/Illuminate/Pipeline/Pipeline.php(219): Illuminate\\Http\\Middleware\\ValidatePathEncoding->handle()
#74 /home/skytech/ISP-BILLING-main/vendor/laravel/framework/src/Illuminate/Pipeline/Pipeline.php(137): Illuminate\\Pipeline\\Pipeline->Illuminate\\Pipeline\\{closure}()
#75 /home/skytech/ISP-BILLING-main/vendor/laravel/framework/src/Illuminate/Foundation/Http/Kernel.php(175): Illuminate\\Pipeline\\Pipeline->then()
#76 /home/skytech/ISP-BILLING-main/vendor/laravel/framework/src/Illuminate/Foundation/Http/Kernel.php(144): Illuminate\\Foundation\\Http\\Kernel->sendRequestThroughRouter()
#77 /home/skytech/ISP-BILLING-main/vendor/laravel/framework/src/Illuminate/Foundation/Application.php(1220): Illuminate\\Foundation\\Http\\Kernel->handle()
#78 /home/skytech/ISP-BILLING-main/public/index.php(20): Illuminate\\Foundation\\Application->handleRequest()
#79 {main}

[previous exception] [object] (ErrorException(code: 0): Undefined variable $availableRoles at /home/skytech/ISP-BILLING-main/storage/framework/views/b717d64fd9a0d72c4743c21b519a92bb.php:155)
[stacktrace]
#0 /home/skytech/ISP-BILLING-main/vendor/laravel/framework/src/Illuminate/Foundation/Bootstrap/HandleExceptions.php(262): Illuminate\\Foundation\\Bootstrap\\HandleExceptions->handleError()
#1 /home/skytech/ISP-BILLING-main/storage/framework/views/b717d64fd9a0d72c4743c21b519a92bb.php(155): Illuminate\\Foundation\\Bootstrap\\HandleExceptions->Illuminate\\Foundation\\Bootstrap\\{closure}()
#2 /home/skytech/ISP-BILLING-main/vendor/laravel/framework/src/Illuminate/Filesystem/Filesystem.php(123): require('...')
#3 /home/skytech/ISP-BILLING-main/vendor/laravel/framework/src/Illuminate/Filesystem/Filesystem.php(124): Illuminate\\Filesystem\\Filesystem::Illuminate\\Filesystem\\{closure}()
#4 /home/skytech/ISP-BILLING-main/vendor/laravel/framework/src/Illuminate/View/Engines/PhpEngine.php(57): Illuminate\\Filesystem\\Filesystem->getRequire()
#5 /home/skytech/ISP-BILLING-main/vendor/livewire/livewire/src/Mechanisms/ExtendBlade/ExtendedCompilerEngine.php(22): Illuminate\\View\\Engines\\PhpEngine->evaluatePath()
#6 /home/skytech/ISP-BILLING-main/vendor/laravel/framework/src/Illuminate/View/Engines/CompilerEngine.php(76): Livewire\\Mechanisms\\ExtendBlade\\ExtendedCompilerEngine->evaluatePath()
#7 /home/skytech/ISP-BILLING-main/vendor/livewire/livewire/src/Mechanisms/ExtendBlade/ExtendedCompilerEngine.php(10): Illuminate\\View\\Engines\\CompilerEngine->get()
#8 /home/skytech/ISP-BILLING-main/vendor/laravel/framework/src/Illuminate/View/View.php(208): Livewire\\Mechanisms\\ExtendBlade\\ExtendedCompilerEngine->get()
#9 /home/skytech/ISP-BILLING-main/vendor/laravel/framework/src/Illuminate/View/View.php(191): Illuminate\\View\\View->getContents()
#10 /home/skytech/ISP-BILLING-main/vendor/laravel/framework/src/Illuminate/View/View.php(160): Illuminate\\View\\View->renderContents()
#11 /home/skytech/ISP-BILLING-main/vendor/laravel/framework/src/Illuminate/Http/Response.php(78): Illuminate\\View\\View->render()
#12 /home/skytech/ISP-BILLING-main/vendor/laravel/framework/src/Illuminate/Http/Response.php(34): Illuminate\\Http\\Response->setContent()
#13 /home/skytech/ISP-BILLING-main/vendor/laravel/framework/src/Illuminate/Routing/Router.php(939): Illuminate\\Http\\Response->__construct()
#14 /home/skytech/ISP-BILLING-main/vendor/laravel/framework/src/Illuminate/Routing/Router.php(906): Illuminate\\Routing\\Router::toResponse()
#15 /home/skytech/ISP-BILLING-main/vendor/laravel/framework/src/Illuminate/Routing/Router.php(821): Illuminate\\Routing\\Router->prepareResponse()
#16 /home/skytech/ISP-BILLING-main/vendor/laravel/framework/src/Illuminate/Pipeline/Pipeline.php(180): Illuminate\\Routing\\Router->Illuminate\\Routing\\{closure}()
#17 /home/skytech/ISP-BILLING-main/app/Http/Middleware/RestrictHotelUserPortal.php(45): Illuminate\\Pipeline\\Pipeline->Illuminate\\Pipeline\\{closure}()
#18 /home/skytech/ISP-BILLING-main/vendor/laravel/framework/src/Illuminate/Pipeline/Pipeline.php(219): App\\Http\\Middleware\\RestrictHotelUserPortal->handle()
#19 /home/skytech/ISP-BILLING-main/app/Http/Middleware/ForcePortalPasswordChange.php(13): Illuminate\\Pipeline\\Pipeline->Illuminate\\Pipeline\\{closure}()
#20 /home/skytech/ISP-BILLING-main/vendor/laravel/framework/src/Illuminate/Pipeline/Pipeline.php(219): App\\Http\\Middleware\\ForcePortalPasswordChange->handle()
#21 /home/skytech/ISP-BILLING-main/app/Http/Middleware/RestrictToProfileIfNoPermissions.php(61): Illuminate\\Pipeline\\Pipeline->Illuminate\\Pipeline\\{closure}()
#22 /home/skytech/ISP-BILLING-main/vendor/laravel/framework/src/Illuminate/Pipeline/Pipeline.php(219): App\\Http\\Middleware\\RestrictToProfileIfNoPermissions->handle()
#23 /home/skytech/ISP-BILLING-main/vendor/laravel/framework/src/Illuminate/Auth/Middleware/EnsureEmailIsVerified.php(41): Illuminate\\Pipeline\\Pipeline->Illuminate\\Pipeline\\{closure}()
#24 /home/skytech/ISP-BILLING-main/vendor/laravel/framework/src/Illuminate/Pipeline/Pipeline.php(219): Illuminate\\Auth\\Middleware\\EnsureEmailIsVerified->handle()
#25 /home/skytech/ISP-BILLING-main/vendor/php-flasher/flasher-laravel/Middleware/FlasherMiddleware.php(21): Illuminate\\Pipeline\\Pipeline->Illuminate\\Pipeline\\{closure}()
#26 /home/skytech/ISP-BILLING-main/vendor/laravel/framework/src/Illuminate/Pipeline/Pipeline.php(219): Flasher\\Laravel\\Middleware\\FlasherMiddleware->handle()
#27 /home/skytech/ISP-BILLING-main/vendor/php-flasher/flasher-laravel/Middleware/SessionMiddleware.php(21): Illuminate\\Pipeline\\Pipeline->Illuminate\\Pipeline\\{closure}()
#28 /home/skytech/ISP-BILLING-main/vendor/laravel/framework/src/Illuminate/Pipeline/Pipeline.php(219): Flasher\\Laravel\\Middleware\\SessionMiddleware->handle()
#29 /home/skytech/ISP-BILLING-main/app/Http/Middleware/SetLocaleFromSession.php(42): Illuminate\\Pipeline\\Pipeline->Illuminate\\Pipeline\\{closure}()
#30 /home/skytech/ISP-BILLING-main/vendor/laravel/framework/src/Illuminate/Pipeline/Pipeline.php(219): App\\Http\\Middleware\\SetLocaleFromSession->handle()
#31 /home/skytech/ISP-BILLING-main/vendor/laravel/framework/src/Illuminate/Routing/Middleware/SubstituteBindings.php(50): Illuminate\\Pipeline\\Pipeline->Illuminate\\Pipeline\\{closure}()
#32 /home/skytech/ISP-BILLING-main/vendor/laravel/framework/src/Illuminate/Pipeline/Pipeline.php(219): Illuminate\\Routing\\Middleware\\SubstituteBindings->handle()
#33 /home/skytech/ISP-BILLING-main/vendor/laravel/framework/src/Illuminate/Session/Middleware/AuthenticateSession.php(70): Illuminate\\Pipeline\\Pipeline->Illuminate\\Pipeline\\{closure}()
#34 /home/skytech/ISP-BILLING-main/vendor/laravel/framework/src/Illuminate/Pipeline/Pipeline.php(219): Illuminate\\Session\\Middleware\\AuthenticateSession->handle()
#35 /home/skytech/ISP-BILLING-main/vendor/laravel/framework/src/Illuminate/Auth/Middleware/Authenticate.php(63): Illuminate\\Pipeline\\Pipeline->Illuminate\\Pipeline\\{closure}()
#36 /home/skytech/ISP-BILLING-main/vendor/laravel/framework/src/Illuminate/Pipeline/Pipeline.php(219): Illuminate\\Auth\\Middleware\\Authenticate->handle()
#37 /home/skytech/ISP-BILLING-main/vendor/laravel/framework/src/Illuminate/Foundation/Http/Middleware/VerifyCsrfToken.php(87): Illuminate\\Pipeline\\Pipeline->Illuminate\\Pipeline\\{closure}()
#38 /home/skytech/ISP-BILLING-main/vendor/laravel/framework/src/Illuminate/Pipeline/Pipeline.php(219): Illuminate\\Foundation\\Http\\Middleware\\VerifyCsrfToken->handle()
#39 /home/skytech/ISP-BILLING-main/vendor/laravel/framework/src/Illuminate/View/Middleware/ShareErrorsFromSession.php(48): Illuminate\\Pipeline\\Pipeline->Illuminate\\Pipeline\\{closure}()
#40 /home/skytech/ISP-BILLING-main/vendor/laravel/framework/src/Illuminate/Pipeline/Pipeline.php(219): Illuminate\\View\\Middleware\\ShareErrorsFromSession->handle()
#41 /home/skytech/ISP-BILLING-main/vendor/laravel/framework/src/Illuminate/Session/Middleware/StartSession.php(120): Illuminate\\Pipeline\\Pipeline->Illuminate\\Pipeline\\{closure}()
#42 /home/skytech/ISP-BILLING-main/vendor/laravel/framework/src/Illuminate/Session/Middleware/StartSession.php(63): Illuminate\\Session\\Middleware\\StartSession->handleStatefulRequest()
#43 /home/skytech/ISP-BILLING-main/vendor/laravel/framework/src/Illuminate/Pipeline/Pipeline.php(219): Illuminate\\Session\\Middleware\\StartSession->handle()
#44 /home/skytech/ISP-BILLING-main/vendor/laravel/framework/src/Illuminate/Cookie/Middleware/AddQueuedCookiesToResponse.php(36): Illuminate\\Pipeline\\Pipeline->Illuminate\\Pipeline\\{closure}()
#45 /home/skytech/ISP-BILLING-main/vendor/laravel/framework/src/Illuminate/Pipeline/Pipeline.php(219): Illuminate\\Cookie\\Middleware\\AddQueuedCookiesToResponse->handle()
#46 /home/skytech/ISP-BILLING-main/vendor/laravel/framework/src/Illuminate/Cookie/Middleware/EncryptCookies.php(74): Illuminate\\Pipeline\\Pipeline->Illuminate\\Pipeline\\{closure}()
#47 /home/skytech/ISP-BILLING-main/vendor/laravel/framework/src/Illuminate/Pipeline/Pipeline.php(219): Illuminate\\Cookie\\Middleware\\EncryptCookies->handle()
#48 /home/skytech/ISP-BILLING-main/vendor/laravel/framework/src/Illuminate/Pipeline/Pipeline.php(137): Illuminate\\Pipeline\\Pipeline->Illuminate\\Pipeline\\{closure}()
#49 /home/skytech/ISP-BILLING-main/vendor/laravel/framework/src/Illuminate/Routing/Router.php(821): Illuminate\\Pipeline\\Pipeline->then()
#50 /home/skytech/ISP-BILLING-main/vendor/laravel/framework/src/Illuminate/Routing/Router.php(800): Illuminate\\Routing\\Router->runRouteWithinStack()
#51 /home/skytech/ISP-BILLING-main/vendor/laravel/framework/src/Illuminate/Routing/Router.php(764): Illuminate\\Routing\\Router->runRoute()
#52 /home/skytech/ISP-BILLING-main/vendor/laravel/framework/src/Illuminate/Routing/Router.php(753): Illuminate\\Routing\\Router->dispatchToRoute()
#53 /home/skytech/ISP-BILLING-main/vendor/laravel/framework/src/Illuminate/Foundation/Http/Kernel.php(200): Illuminate\\Routing\\Router->dispatch()
#54 /home/skytech/ISP-BILLING-main/vendor/laravel/framework/src/Illuminate/Pipeline/Pipeline.php(180): Illuminate\\Foundation\\Http\\Kernel->Illuminate\\Foundation\\Http\\{closure}()
#55 /home/skytech/ISP-BILLING-main/vendor/livewire/livewire/src/Features/SupportDisablingBackButtonCache/DisableBackButtonCacheMiddleware.php(19): Illuminate\\Pipeline\\Pipeline->Illuminate\\Pipeline\\{closure}()
#56 /home/skytech/ISP-BILLING-main/vendor/laravel/framework/src/Illuminate/Pipeline/Pipeline.php(219): Livewire\\Features\\SupportDisablingBackButtonCache\\DisableBackButtonCacheMiddleware->handle()
#57 /home/skytech/ISP-BILLING-main/app/Http/Middleware/CheckSiteStatus.php(55): Illuminate\\Pipeline\\Pipeline->Illuminate\\Pipeline\\{closure}()
#58 /home/skytech/ISP-BILLING-main/vendor/laravel/framework/src/Illuminate/Pipeline/Pipeline.php(219): App\\Http\\Middleware\\CheckSiteStatus->handle()
#59 /home/skytech/ISP-BILLING-main/vendor/laravel/framework/src/Illuminate/Foundation/Http/Middleware/TransformsRequest.php(21): Illuminate\\Pipeline\\Pipeline->Illuminate\\Pipeline\\{closure}()
#60 /home/skytech/ISP-BILLING-main/vendor/laravel/framework/src/Illuminate/Foundation/Http/Middleware/ConvertEmptyStringsToNull.php(31): Illuminate\\Foundation\\Http\\Middleware\\TransformsRequest->handle()
#61 /home/skytech/ISP-BILLING-main/vendor/laravel/framework/src/Illuminate/Pipeline/Pipeline.php(219): Illuminate\\Foundation\\Http\\Middleware\\ConvertEmptyStringsToNull->handle()
#62 /home/skytech/ISP-BILLING-main/vendor/laravel/framework/src/Illuminate/Foundation/Http/Middleware/TransformsRequest.php(21): Illuminate\\Pipeline\\Pipeline->Illuminate\\Pipeline\\{closure}()
#63 /home/skytech/ISP-BILLING-main/vendor/laravel/framework/src/Illuminate/Foundation/Http/Middleware/TrimStrings.php(51): Illuminate\\Foundation\\Http\\Middleware\\TransformsRequest->handle()
#64 /home/skytech/ISP-BILLING-main/vendor/laravel/framework/src/Illuminate/Pipeline/Pipeline.php(219): Illuminate\\Foundation\\Http\\Middleware\\TrimStrings->handle()
#65 /home/skytech/ISP-BILLING-main/vendor/laravel/framework/src/Illuminate/Http/Middleware/ValidatePostSize.php(27): Illuminate\\Pipeline\\Pipeline->Illuminate\\Pipeline\\{closure}()
#66 /home/skytech/ISP-BILLING-main/vendor/laravel/framework/src/Illuminate/Pipeline/Pipeline.php(219): Illuminate\\Http\\Middleware\\ValidatePostSize->handle()
#67 /home/skytech/ISP-BILLING-main/vendor/laravel/framework/src/Illuminate/Foundation/Http/Middleware/PreventRequestsDuringMaintenance.php(109): Illuminate\\Pipeline\\Pipeline->Illuminate\\Pipeline\\{closure}()
#68 /home/skytech/ISP-BILLING-main/vendor/laravel/framework/src/Illuminate/Pipeline/Pipeline.php(219): Illuminate\\Foundation\\Http\\Middleware\\PreventRequestsDuringMaintenance->handle()
#69 /home/skytech/ISP-BILLING-main/vendor/laravel/framework/src/Illuminate/Http/Middleware/HandleCors.php(61): Illuminate\\Pipeline\\Pipeline->Illuminate\\Pipeline\\{closure}()
#70 /home/skytech/ISP-BILLING-main/vendor/laravel/framework/src/Illuminate/Pipeline/Pipeline.php(219): Illuminate\\Http\\Middleware\\HandleCors->handle()
#71 /home/skytech/ISP-BILLING-main/vendor/laravel/framework/src/Illuminate/Http/Middleware/TrustProxies.php(58): Illuminate\\Pipeline\\Pipeline->Illuminate\\Pipeline\\{closure}()
#72 /home/skytech/ISP-BILLING-main/vendor/laravel/framework/src/Illuminate/Pipeline/Pipeline.php(219): Illuminate\\Http\\Middleware\\TrustProxies->handle()
#73 /home/skytech/ISP-BILLING-main/vendor/laravel/framework/src/Illuminate/Foundation/Http/Middleware/InvokeDeferredCallbacks.php(22): Illuminate\\Pipeline\\Pipeline->Illuminate\\Pipeline\\{closure}()
#74 /home/skytech/ISP-BILLING-main/vendor/laravel/framework/src/Illuminate/Pipeline/Pipeline.php(219): Illuminate\\Foundation\\Http\\Middleware\\InvokeDeferredCallbacks->handle()
#75 /home/skytech/ISP-BILLING-main/vendor/laravel/framework/src/Illuminate/Http/Middleware/ValidatePathEncoding.php(26): Illuminate\\Pipeline\\Pipeline->Illuminate\\Pipeline\\{closure}()
#76 /home/skytech/ISP-BILLING-main/vendor/laravel/framework/src/Illuminate/Pipeline/Pipeline.php(219): Illuminate\\Http\\Middleware\\ValidatePathEncoding->handle()
#77 /home/skytech/ISP-BILLING-main/vendor/laravel/framework/src/Illuminate/Pipeline/Pipeline.php(137): Illuminate\\Pipeline\\Pipeline->Illuminate\\Pipeline\\{closure}()
#78 /home/skytech/ISP-BILLING-main/vendor/laravel/framework/src/Illuminate/Foundation/Http/Kernel.php(175): Illuminate\\Pipeline\\Pipeline->then()
#79 /home/skytech/ISP-BILLING-main/vendor/laravel/framework/src/Illuminate/Foundation/Http/Kernel.php(144): Illuminate\\Foundation\\Http\\Kernel->sendRequestThroughRouter()
#80 /home/skytech/ISP-BILLING-main/vendor/laravel/framework/src/Illuminate/Foundation/Application.php(1220): Illuminate\\Foundation\\Http\\Kernel->handle()
#81 /home/skytech/ISP-BILLING-main/public/index.php(20): Illuminate\\Foundation\\Application->handleRequest()
#82 {main}
"} 
[2026-09-25 14:00:14] production.ERROR: Undefined variable $availableRoles (View: /home/skytech/ISP-BILLING-main/resources/views/admin/resellers/edit.blade.php) {"userId":1,"exception":"[object] (Illuminate\\View\\ViewException(code: 0): Undefined variable $availableRoles (View: /home/skytech/ISP-BILLING-main/resources/views/admin/resellers/edit.blade.php) at /home/skytech/ISP-BILLING-main/storage/framework/views/b717d64fd9a0d72c4743c21b519a92bb.php:155)
[stacktrace]
#0 /home/skytech/ISP-BILLING-main/vendor/livewire/livewire/src/Mechanisms/ExtendBlade/ExtendedCompilerEngine.php(58): Illuminate\\View\\Engines\\CompilerEngine->handleViewException()
#1 /home/skytech/ISP-BILLING-main/vendor/laravel/framework/src/Illuminate/View/Engines/PhpEngine.php(59): Livewire\\Mechanisms\\ExtendBlade\\ExtendedCompilerEngine->handleViewException()
#2 /home/skytech/ISP-BILLING-main/vendor/livewire/livewire/src/Mechanisms/ExtendBlade/ExtendedCompilerEngine.php(22): Illuminate\\View\\Engines\\PhpEngine->evaluatePath()
#3 /home/skytech/ISP-BILLING-main/vendor/laravel/framework/src/Illuminate/View/Engines/CompilerEngine.php(76): Livewire\\Mechanisms\\ExtendBlade\\ExtendedCompilerEngine->evaluatePath()
#4 /home/skytech/ISP-BILLING-main/vendor/livewire/livewire/src/Mechanisms/ExtendBlade/ExtendedCompilerEngine.php(10): Illuminate\\View\\Engines\\CompilerEngine->get()
#5 /home/skytech/ISP-BILLING-main/vendor/laravel/framework/src/Illuminate/View/View.php(208): Livewire\\Mechanisms\\ExtendBlade\\ExtendedCompilerEngine->get()
#6 /home/skytech/ISP-BILLING-main/vendor/laravel/framework/src/Illuminate/View/View.php(191): Illuminate\\View\\View->getContents()
#7 /home/skytech/ISP-BILLING-main/vendor/laravel/framework/src/Illuminate/View/View.php(160): Illuminate\\View\\View->renderContents()
#8 /home/skytech/ISP-BILLING-main/vendor/laravel/framework/src/Illuminate/Http/Response.php(78): Illuminate\\View\\View->render()
#9 /home/skytech/ISP-BILLING-main/vendor/laravel/framework/src/Illuminate/Http/Response.php(34): Illuminate\\Http\\Response->setContent()
#10 /home/skytech/ISP-BILLING-main/vendor/laravel/framework/src/Illuminate/Routing/Router.php(939): Illuminate\\Http\\Response->__construct()
#11 /home/skytech/ISP-BILLING-main/vendor/laravel/framework/src/Illuminate/Routing/Router.php(906): Illuminate\\Routing\\Router::toResponse()
#12 /home/skytech/ISP-BILLING-main/vendor/laravel/framework/src/Illuminate/Routing/Router.php(821): Illuminate\\Routing\\Router->prepareResponse()
#13 /home/skytech/ISP-BILLING-main/vendor/laravel/framework/src/Illuminate/Pipeline/Pipeline.php(180): Illuminate\\Routing\\Router->Illuminate\\Routing\\{closure}()
#14 /home/skytech/ISP-BILLING-main/app/Http/Middleware/RestrictHotelUserPortal.php(45): Illuminate\\Pipeline\\Pipeline->Illuminate\\Pipeline\\{closure}()
#15 /home/skytech/ISP-BILLING-main/vendor/laravel/framework/src/Illuminate/Pipeline/Pipeline.php(219): App\\Http\\Middleware\\RestrictHotelUserPortal->handle()
#16 /home/skytech/ISP-BILLING-main/app/Http/Middleware/ForcePortalPasswordChange.php(13): Illuminate\\Pipeline\\Pipeline->Illuminate\\Pipeline\\{closure}()
#17 /home/skytech/ISP-BILLING-main/vendor/laravel/framework/src/Illuminate/Pipeline/Pipeline.php(219): App\\Http\\Middleware\\ForcePortalPasswordChange->handle()
#18 /home/skytech/ISP-BILLING-main/app/Http/Middleware/RestrictToProfileIfNoPermissions.php(61): Illuminate\\Pipeline\\Pipeline->Illuminate\\Pipeline\\{closure}()
#19 /home/skytech/ISP-BILLING-main/vendor/laravel/framework/src/Illuminate/Pipeline/Pipeline.php(219): App\\Http\\Middleware\\RestrictToProfileIfNoPermissions->handle()
#20 /home/skytech/ISP-BILLING-main/vendor/laravel/framework/src/Illuminate/Auth/Middleware/EnsureEmailIsVerified.php(41): Illuminate\\Pipeline\\Pipeline->Illuminate\\Pipeline\\{closure}()
#21 /home/skytech/ISP-BILLING-main/vendor/laravel/framework/src/Illuminate/Pipeline/Pipeline.php(219): Illuminate\\Auth\\Middleware\\EnsureEmailIsVerified->handle()
#22 /home/skytech/ISP-BILLING-main/vendor/php-flasher/flasher-laravel/Middleware/FlasherMiddleware.php(21): Illuminate\\Pipeline\\Pipeline->Illuminate\\Pipeline\\{closure}()
#23 /home/skytech/ISP-BILLING-main/vendor/laravel/framework/src/Illuminate/Pipeline/Pipeline.php(219): Flasher\\Laravel\\Middleware\\FlasherMiddleware->handle()
#24 /home/skytech/ISP-BILLING-main/vendor/php-flasher/flasher-laravel/Middleware/SessionMiddleware.php(21): Illuminate\\Pipeline\\Pipeline->Illuminate\\Pipeline\\{closure}()
#25 /home/skytech/ISP-BILLING-main/vendor/laravel/framework/src/Illuminate/Pipeline/Pipeline.php(219): Flasher\\Laravel\\Middleware\\SessionMiddleware->handle()
#26 /home/skytech/ISP-BILLING-main/app/Http/Middleware/SetLocaleFromSession.php(42): Illuminate\\Pipeline\\Pipeline->Illuminate\\Pipeline\\{closure}()
#27 /home/skytech/ISP-BILLING-main/vendor/laravel/framework/src/Illuminate/Pipeline/Pipeline.php(219): App\\Http\\Middleware\\SetLocaleFromSession->handle()
#28 /home/skytech/ISP-BILLING-main/vendor/laravel/framework/src/Illuminate/Routing/Middleware/SubstituteBindings.php(50): Illuminate\\Pipeline\\Pipeline->Illuminate\\Pipeline\\{closure}()
#29 /home/skytech/ISP-BILLING-main/vendor/laravel/framework/src/Illuminate/Pipeline/Pipeline.php(219): Illuminate\\Routing\\Middleware\\SubstituteBindings->handle()
#30 /home/skytech/ISP-BILLING-main/vendor/laravel/framework/src/Illuminate/Session/Middleware/AuthenticateSession.php(70): Illuminate\\Pipeline\\Pipeline->Illuminate\\Pipeline\\{closure}()
#31 /home/skytech/ISP-BILLING-main/vendor/laravel/framework/src/Illuminate/Pipeline/Pipeline.php(219): Illuminate\\Session\\Middleware\\AuthenticateSession->handle()
#32 /home/skytech/ISP-BILLING-main/vendor/laravel/framework/src/Illuminate/Auth/Middleware/Authenticate.php(63): Illuminate\\Pipeline\\Pipeline->Illuminate\\Pipeline\\{closure}()
#33 /home/skytech/ISP-BILLING-main/vendor/laravel/framework/src/Illuminate/Pipeline/Pipeline.php(219): Illuminate\\Auth\\Middleware\\Authenticate->handle()
#34 /home/skytech/ISP-BILLING-main/vendor/laravel/framework/src/Illuminate/Foundation/Http/Middleware/VerifyCsrfToken.php(87): Illuminate\\Pipeline\\Pipeline->Illuminate\\Pipeline\\{closure}()
#35 /home/skytech/ISP-BILLING-main/vendor/laravel/framework/src/Illuminate/Pipeline/Pipeline.php(219): Illuminate\\Foundation\\Http\\Middleware\\VerifyCsrfToken->handle()
#36 /home/skytech/ISP-BILLING-main/vendor/laravel/framework/src/Illuminate/View/Middleware/ShareErrorsFromSession.php(48): Illuminate\\Pipeline\\Pipeline->Illuminate\\Pipeline\\{closure}()
#37 /home/skytech/ISP-BILLING-main/vendor/laravel/framework/src/Illuminate/Pipeline/Pipeline.php(219): Illuminate\\View\\Middleware\\ShareErrorsFromSession->handle()
#38 /home/skytech/ISP-BILLING-main/vendor/laravel/framework/src/Illuminate/Session/Middleware/StartSession.php(120): Illuminate\\Pipeline\\Pipeline->Illuminate\\Pipeline\\{closure}()
#39 /home/skytech/ISP-BILLING-main/vendor/laravel/framework/src/Illuminate/Session/Middleware/StartSession.php(63): Illuminate\\Session\\Middleware\\StartSession->handleStatefulRequest()
#40 /home/skytech/ISP-BILLING-main/vendor/laravel/framework/src/Illuminate/Pipeline/Pipeline.php(219): Illuminate\\Session\\Middleware\\StartSession->handle()
#41 /home/skytech/ISP-BILLING-main/vendor/laravel/framework/src/Illuminate/Cookie/Middleware/AddQueuedCookiesToResponse.php(36): Illuminate\\Pipeline\\Pipeline->Illuminate\\Pipeline\\{closure}()
#42 /home/skytech/ISP-BILLING-main/vendor/laravel/framework/src/Illuminate/Pipeline/Pipeline.php(219): Illuminate\\Cookie\\Middleware\\AddQueuedCookiesToResponse->handle()
#43 /home/skytech/ISP-BILLING-main/vendor/laravel/framework/src/Illuminate/Cookie/Middleware/EncryptCookies.php(74): Illuminate\\Pipeline\\Pipeline->Illuminate\\Pipeline\\{closure}()
#44 /home/skytech/ISP-BILLING-main/vendor/laravel/framework/src/Illuminate/Pipeline/Pipeline.php(219): Illuminate\\Cookie\\Middleware\\EncryptCookies->handle()
#45 /home/skytech/ISP-BILLING-main/vendor/laravel/framework/src/Illuminate/Pipeline/Pipeline.php(137): Illuminate\\Pipeline\\Pipeline->Illuminate\\Pipeline\\{closure}()
#46 /home/skytech/ISP-BILLING-main/vendor/laravel/framework/src/Illuminate/Routing/Router.php(821): Illuminate\\Pipeline\\Pipeline->then()
#47 /home/skytech/ISP-BILLING-main/vendor/laravel/framework/src/Illuminate/Routing/Router.php(800): Illuminate\\Routing\\Router->runRouteWithinStack()
#48 /home/skytech/ISP-BILLING-main/vendor/laravel/framework/src/Illuminate/Routing/Router.php(764): Illuminate\\Routing\\Router->runRoute()
#49 /home/skytech/ISP-BILLING-main/vendor/laravel/framework/src/Illuminate/Routing/Router.php(753): Illuminate\\Routing\\Router->dispatchToRoute()
#50 /home/skytech/ISP-BILLING-main/vendor/laravel/framework/src/Illuminate/Foundation/Http/Kernel.php(200): Illuminate\\Routing\\Router->dispatch()
#51 /home/skytech/ISP-BILLING-main/vendor/laravel/framework/src/Illuminate/Pipeline/Pipeline.php(180): Illuminate\\Foundation\\Http\\Kernel->Illuminate\\Foundation\\Http\\{closure}()
#52 /home/skytech/ISP-BILLING-main/vendor/livewire/livewire/src/Features/SupportDisablingBackButtonCache/DisableBackButtonCacheMiddleware.php(19): Illuminate\\Pipeline\\Pipeline->Illuminate\\Pipeline\\{closure}()
#53 /home/skytech/ISP-BILLING-main/vendor/laravel/framework/src/Illuminate/Pipeline/Pipeline.php(219): Livewire\\Features\\SupportDisablingBackButtonCache\\DisableBackButtonCacheMiddleware->handle()
#54 /home/skytech/ISP-BILLING-main/app/Http/Middleware/CheckSiteStatus.php(55): Illuminate\\Pipeline\\Pipeline->Illuminate\\Pipeline\\{closure}()
#55 /home/skytech/ISP-BILLING-main/vendor/laravel/framework/src/Illuminate/Pipeline/Pipeline.php(219): App\\Http\\Middleware\\CheckSiteStatus->handle()
#56 /home/skytech/ISP-BILLING-main/vendor/laravel/framework/src/Illuminate/Foundation/Http/Middleware/TransformsRequest.php(21): Illuminate\\Pipeline\\Pipeline->Illuminate\\Pipeline\\{closure}()
#57 /home/skytech/ISP-BILLING-main/vendor/laravel/framework/src/Illuminate/Foundation/Http/Middleware/ConvertEmptyStringsToNull.php(31): Illuminate\\Foundation\\Http\\Middleware\\TransformsRequest->handle()
#58 /home/skytech/ISP-BILLING-main/vendor/laravel/framework/src/Illuminate/Pipeline/Pipeline.php(219): Illuminate\\Foundation\\Http\\Middleware\\ConvertEmptyStringsToNull->handle()
#59 /home/skytech/ISP-BILLING-main/vendor/laravel/framework/src/Illuminate/Foundation/Http/Middleware/TransformsRequest.php(21): Illuminate\\Pipeline\\Pipeline->Illuminate\\Pipeline\\{closure}()
#60 /home/skytech/ISP-BILLING-main/vendor/laravel/framework/src/Illuminate/Foundation/Http/Middleware/TrimStrings.php(51): Illuminate\\Foundation\\Http\\Middleware\\TransformsRequest->handle()
#61 /home/skytech/ISP-BILLING-main/vendor/laravel/framework/src/Illuminate/Pipeline/Pipeline.php(219): Illuminate\\Foundation\\Http\\Middleware\\TrimStrings->handle()
#62 /home/skytech/ISP-BILLING-main/vendor/laravel/framework/src/Illuminate/Http/Middleware/ValidatePostSize.php(27): Illuminate\\Pipeline\\Pipeline->Illuminate\\Pipeline\\{closure}()
#63 /home/skytech/ISP-BILLING-main/vendor/laravel/framework/src/Illuminate/Pipeline/Pipeline.php(219): Illuminate\\Http\\Middleware\\ValidatePostSize->handle()
#64 /home/skytech/ISP-BILLING-main/vendor/laravel/framework/src/Illuminate/Foundation/Http/Middleware/PreventRequestsDuringMaintenance.php(109): Illuminate\\Pipeline\\Pipeline->Illuminate\\Pipeline\\{closure}()
#65 /home/skytech/ISP-BILLING-main/vendor/laravel/framework/src/Illuminate/Pipeline/Pipeline.php(219): Illuminate\\Foundation\\Http\\Middleware\\PreventRequestsDuringMaintenance->handle()
#66 /home/skytech/ISP-BILLING-main/vendor/laravel/framework/src/Illuminate/Http/Middleware/HandleCors.php(61): Illuminate\\Pipeline\\Pipeline->Illuminate\\Pipeline\\{closure}()
#67 /home/skytech/ISP-BILLING-main/vendor/laravel/framework/src/Illuminate/Pipeline/Pipeline.php(219): Illuminate\\Http\\Middleware\\HandleCors->handle()
#68 /home/skytech/ISP-BILLING-main/vendor/laravel/framework/src/Illuminate/Http/Middleware/TrustProxies.php(58): Illuminate\\Pipeline\\Pipeline->Illuminate\\Pipeline\\{closure}()
#69 /home/skytech/ISP-BILLING-main/vendor/laravel/framework/src/Illuminate/Pipeline/Pipeline.php(219): Illuminate\\Http\\Middleware\\TrustProxies->handle()
#70 /home/skytech/ISP-BILLING-main/vendor/laravel/framework/src/Illuminate/Foundation/Http/Middleware/InvokeDeferredCallbacks.php(22): Illuminate\\Pipeline\\Pipeline->Illuminate\\Pipeline\\{closure}()
#71 /home/skytech/ISP-BILLING-main/vendor/laravel/framework/src/Illuminate/Pipeline/Pipeline.php(219): Illuminate\\Foundation\\Http\\Middleware\\InvokeDeferredCallbacks->handle()
#72 /home/skytech/ISP-BILLING-main/vendor/laravel/framework/src/Illuminate/Http/Middleware/ValidatePathEncoding.php(26): Illuminate\\Pipeline\\Pipeline->Illuminate\\Pipeline\\{closure}()
#73 /home/skytech/ISP-BILLING-main/vendor/laravel/framework/src/Illuminate/Pipeline/Pipeline.php(219): Illuminate\\Http\\Middleware\\ValidatePathEncoding->handle()
#74 /home/skytech/ISP-BILLING-main/vendor/laravel/framework/src/Illuminate/Pipeline/Pipeline.php(137): Illuminate\\Pipeline\\Pipeline->Illuminate\\Pipeline\\{closure}()
#75 /home/skytech/ISP-BILLING-main/vendor/laravel/framework/src/Illuminate/Foundation/Http/Kernel.php(175): Illuminate\\Pipeline\\Pipeline->then()
#76 /home/skytech/ISP-BILLING-main/vendor/laravel/framework/src/Illuminate/Foundation/Http/Kernel.php(144): Illuminate\\Foundation\\Http\\Kernel->sendRequestThroughRouter()
#77 /home/skytech/ISP-BILLING-main/vendor/laravel/framework/src/Illuminate/Foundation/Application.php(1220): Illuminate\\Foundation\\Http\\Kernel->handle()
#78 /home/skytech/ISP-BILLING-main/public/index.php(20): Illuminate\\Foundation\\Application->handleRequest()
#79 {main}

[previous exception] [object] (ErrorException(code: 0): Undefined variable $availableRoles at /home/skytech/ISP-BILLING-main/storage/framework/views/b717d64fd9a0d72c4743c21b519a92bb.php:155)
[stacktrace]
#0 /home/skytech/ISP-BILLING-main/vendor/laravel/framework/src/Illuminate/Foundation/Bootstrap/HandleExceptions.php(262): Illuminate\\Foundation\\Bootstrap\\HandleExceptions->handleError()
#1 /home/skytech/ISP-BILLING-main/storage/framework/views/b717d64fd9a0d72c4743c21b519a92bb.php(155): Illuminate\\Foundation\\Bootstrap\\HandleExceptions->Illuminate\\Foundation\\Bootstrap\\{closure}()
#2 /home/skytech/ISP-BILLING-main/vendor/laravel/framework/src/Illuminate/Filesystem/Filesystem.php(123): require('...')
#3 /home/skytech/ISP-BILLING-main/vendor/laravel/framework/src/Illuminate/Filesystem/Filesystem.php(124): Illuminate\\Filesystem\\Filesystem::Illuminate\\Filesystem\\{closure}()
#4 /home/skytech/ISP-BILLING-main/vendor/laravel/framework/src/Illuminate/View/Engines/PhpEngine.php(57): Illuminate\\Filesystem\\Filesystem->getRequire()
#5 /home/skytech/ISP-BILLING-main/vendor/livewire/livewire/src/Mechanisms/ExtendBlade/ExtendedCompilerEngine.php(22): Illuminate\\View\\Engines\\PhpEngine->evaluatePath()
#6 /home/skytech/ISP-BILLING-main/vendor/laravel/framework/src/Illuminate/View/Engines/CompilerEngine.php(76): Livewire\\Mechanisms\\ExtendBlade\\ExtendedCompilerEngine->evaluatePath()
#7 /home/skytech/ISP-BILLING-main/vendor/livewire/livewire/src/Mechanisms/ExtendBlade/ExtendedCompilerEngine.php(10): Illuminate\\View\\Engines\\CompilerEngine->get()
#8 /home/skytech/ISP-BILLING-main/vendor/laravel/framework/src/Illuminate/View/View.php(208): Livewire\\Mechanisms\\ExtendBlade\\ExtendedCompilerEngine->get()
#9 /home/skytech/ISP-BILLING-main/vendor/laravel/framework/src/Illuminate/View/View.php(191): Illuminate\\View\\View->getContents()
#10 /home/skytech/ISP-BILLING-main/vendor/laravel/framework/src/Illuminate/View/View.php(160): Illuminate\\View\\View->renderContents()
#11 /home/skytech/ISP-BILLING-main/vendor/laravel/framework/src/Illuminate/Http/Response.php(78): Illuminate\\View\\View->render()
#12 /home/skytech/ISP-BILLING-main/vendor/laravel/framework/src/Illuminate/Http/Response.php(34): Illuminate\\Http\\Response->setContent()
#13 /home/skytech/ISP-BILLING-main/vendor/laravel/framework/src/Illuminate/Routing/Router.php(939): Illuminate\\Http\\Response->__construct()
#14 /home/skytech/ISP-BILLING-main/vendor/laravel/framework/src/Illuminate/Routing/Router.php(906): Illuminate\\Routing\\Router::toResponse()
#15 /home/skytech/ISP-BILLING-main/vendor/laravel/framework/src/Illuminate/Routing/Router.php(821): Illuminate\\Routing\\Router->prepareResponse()
#16 /home/skytech/ISP-BILLING-main/vendor/laravel/framework/src/Illuminate/Pipeline/Pipeline.php(180): Illuminate\\Routing\\Router->Illuminate\\Routing\\{closure}()
#17 /home/skytech/ISP-BILLING-main/app/Http/Middleware/RestrictHotelUserPortal.php(45): Illuminate\\Pipeline\\Pipeline->Illuminate\\Pipeline\\{closure}()
#18 /home/skytech/ISP-BILLING-main/vendor/laravel/framework/src/Illuminate/Pipeline/Pipeline.php(219): App\\Http\\Middleware\\RestrictHotelUserPortal->handle()
#19 /home/skytech/ISP-BILLING-main/app/Http/Middleware/ForcePortalPasswordChange.php(13): Illuminate\\Pipeline\\Pipeline->Illuminate\\Pipeline\\{closure}()
#20 /home/skytech/ISP-BILLING-main/vendor/laravel/framework/src/Illuminate/Pipeline/Pipeline.php(219): App\\Http\\Middleware\\ForcePortalPasswordChange->handle()
#21 /home/skytech/ISP-BILLING-main/app/Http/Middleware/RestrictToProfileIfNoPermissions.php(61): Illuminate\\Pipeline\\Pipeline->Illuminate\\Pipeline\\{closure}()
#22 /home/skytech/ISP-BILLING-main/vendor/laravel/framework/src/Illuminate/Pipeline/Pipeline.php(219): App\\Http\\Middleware\\RestrictToProfileIfNoPermissions->handle()
#23 /home/skytech/ISP-BILLING-main/vendor/laravel/framework/src/Illuminate/Auth/Middleware/EnsureEmailIsVerified.php(41): Illuminate\\Pipeline\\Pipeline->Illuminate\\Pipeline\\{closure}()
#24 /home/skytech/ISP-BILLING-main/vendor/laravel/framework/src/Illuminate/Pipeline/Pipeline.php(219): Illuminate\\Auth\\Middleware\\EnsureEmailIsVerified->handle()
#25 /home/skytech/ISP-BILLING-main/vendor/php-flasher/flasher-laravel/Middleware/FlasherMiddleware.php(21): Illuminate\\Pipeline\\Pipeline->Illuminate\\Pipeline\\{closure}()
#26 /home/skytech/ISP-BILLING-main/vendor/laravel/framework/src/Illuminate/Pipeline/Pipeline.php(219): Flasher\\Laravel\\Middleware\\FlasherMiddleware->handle()
#27 /home/skytech/ISP-BILLING-main/vendor/php-flasher/flasher-laravel/Middleware/SessionMiddleware.php(21): Illuminate\\Pipeline\\Pipeline->Illuminate\\Pipeline\\{closure}()
#28 /home/skytech/ISP-BILLING-main/vendor/laravel/framework/src/Illuminate/Pipeline/Pipeline.php(219): Flasher\\Laravel\\Middleware\\SessionMiddleware->handle()
#29 /home/skytech/ISP-BILLING-main/app/Http/Middleware/SetLocaleFromSession.php(42): Illuminate\\Pipeline\\Pipeline->Illuminate\\Pipeline\\{closure}()
#30 /home/skytech/ISP-BILLING-main/vendor/laravel/framework/src/Illuminate/Pipeline/Pipeline.php(219): App\\Http\\Middleware\\SetLocaleFromSession->handle()
#31 /home/skytech/ISP-BILLING-main/vendor/laravel/framework/src/Illuminate/Routing/Middleware/SubstituteBindings.php(50): Illuminate\\Pipeline\\Pipeline->Illuminate\\Pipeline\\{closure}()
#32 /home/skytech/ISP-BILLING-main/vendor/laravel/framework/src/Illuminate/Pipeline/Pipeline.php(219): Illuminate\\Routing\\Middleware\\SubstituteBindings->handle()
#33 /home/skytech/ISP-BILLING-main/vendor/laravel/framework/src/Illuminate/Session/Middleware/AuthenticateSession.php(70): Illuminate\\Pipeline\\Pipeline->Illuminate\\Pipeline\\{closure}()
#34 /home/skytech/ISP-BILLING-main/vendor/laravel/framework/src/Illuminate/Pipeline/Pipeline.php(219): Illuminate\\Session\\Middleware\\AuthenticateSession->handle()
#35 /home/skytech/ISP-BILLING-main/vendor/laravel/framework/src/Illuminate/Auth/Middleware/Authenticate.php(63): Illuminate\\Pipeline\\Pipeline->Illuminate\\Pipeline\\{closure}()
#36 /home/skytech/ISP-BILLING-main/vendor/laravel/framework/src/Illuminate/Pipeline/Pipeline.php(219): Illuminate\\Auth\\Middleware\\Authenticate->handle()
#37 /home/skytech/ISP-BILLING-main/vendor/laravel/framework/src/Illuminate/Foundation/Http/Middleware/VerifyCsrfToken.php(87): Illuminate\\Pipeline\\Pipeline->Illuminate\\Pipeline\\{closure}()
#38 /home/skytech/ISP-BILLING-main/vendor/laravel/framework/src/Illuminate/Pipeline/Pipeline.php(219): Illuminate\\Foundation\\Http\\Middleware\\VerifyCsrfToken->handle()
#39 /home/skytech/ISP-BILLING-main/vendor/laravel/framework/src/Illuminate/View/Middleware/ShareErrorsFromSession.php(48): Illuminate\\Pipeline\\Pipeline->Illuminate\\Pipeline\\{closure}()
#40 /home/skytech/ISP-BILLING-main/vendor/laravel/framework/src/Illuminate/Pipeline/Pipeline.php(219): Illuminate\\View\\Middleware\\ShareErrorsFromSession->handle()
#41 /home/skytech/ISP-BILLING-main/vendor/laravel/framework/src/Illuminate/Session/Middleware/StartSession.php(120): Illuminate\\Pipeline\\Pipeline->Illuminate\\Pipeline\\{closure}()
#42 /home/skytech/ISP-BILLING-main/vendor/laravel/framework/src/Illuminate/Session/Middleware/StartSession.php(63): Illuminate\\Session\\Middleware\\StartSession->handleStatefulRequest()
#43 /home/skytech/ISP-BILLING-main/vendor/laravel/framework/src/Illuminate/Pipeline/Pipeline.php(219): Illuminate\\Session\\Middleware\\StartSession->handle()
#44 /home/skytech/ISP-BILLING-main/vendor/laravel/framework/src/Illuminate/Cookie/Middleware/AddQueuedCookiesToResponse.php(36): Illuminate\\Pipeline\\Pipeline->Illuminate\\Pipeline\\{closure}()
#45 /home/skytech/ISP-BILLING-main/vendor/laravel/framework/src/Illuminate/Pipeline/Pipeline.php(219): Illuminate\\Cookie\\Middleware\\AddQueuedCookiesToResponse->handle()
#46 /home/skytech/ISP-BILLING-main/vendor/laravel/framework/src/Illuminate/Cookie/Middleware/EncryptCookies.php(74): Illuminate\\Pipeline\\Pipeline->Illuminate\\Pipeline\\{closure}()
#47 /home/skytech/ISP-BILLING-main/vendor/laravel/framework/src/Illuminate/Pipeline/Pipeline.php(219): Illuminate\\Cookie\\Middleware\\EncryptCookies->handle()
#48 /home/skytech/ISP-BILLING-main/vendor/laravel/framework/src/Illuminate/Pipeline/Pipeline.php(137): Illuminate\\Pipeline\\Pipeline->Illuminate\\Pipeline\\{closure}()
#49 /home/skytech/ISP-BILLING-main/vendor/laravel/framework/src/Illuminate/Routing/Router.php(821): Illuminate\\Pipeline\\Pipeline->then()
#50 /home/skytech/ISP-BILLING-main/vendor/laravel/framework/src/Illuminate/Routing/Router.php(800): Illuminate\\Routing\\Router->runRouteWithinStack()
#51 /home/skytech/ISP-BILLING-main/vendor/laravel/framework/src/Illuminate/Routing/Router.php(764): Illuminate\\Routing\\Router->runRoute()
#52 /home/skytech/ISP-BILLING-main/vendor/laravel/framework/src/Illuminate/Routing/Router.php(753): Illuminate\\Routing\\Router->dispatchToRoute()
#53 /home/skytech/ISP-BILLING-main/vendor/laravel/framework/src/Illuminate/Foundation/Http/Kernel.php(200): Illuminate\\Routing\\Router->dispatch()
#54 /home/skytech/ISP-BILLING-main/vendor/laravel/framework/src/Illuminate/Pipeline/Pipeline.php(180): Illuminate\\Foundation\\Http\\Kernel->Illuminate\\Foundation\\Http\\{closure}()
#55 /home/skytech/ISP-BILLING-main/vendor/livewire/livewire/src/Features/SupportDisablingBackButtonCache/DisableBackButtonCacheMiddleware.php(19): Illuminate\\Pipeline\\Pipeline->Illuminate\\Pipeline\\{closure}()
#56 /home/skytech/ISP-BILLING-main/vendor/laravel/framework/src/Illuminate/Pipeline/Pipeline.php(219): Livewire\\Features\\SupportDisablingBackButtonCache\\DisableBackButtonCacheMiddleware->handle()
#57 /home/skytech/ISP-BILLING-main/app/Http/Middleware/CheckSiteStatus.php(55): Illuminate\\Pipeline\\Pipeline->Illuminate\\Pipeline\\{closure}()
#58 /home/skytech/ISP-BILLING-main/vendor/laravel/framework/src/Illuminate/Pipeline/Pipeline.php(219): App\\Http\\Middleware\\CheckSiteStatus->handle()
#59 /home/skytech/ISP-BILLING-main/vendor/laravel/framework/src/Illuminate/Foundation/Http/Middleware/TransformsRequest.php(21): Illuminate\\Pipeline\\Pipeline->Illuminate\\Pipeline\\{closure}()
#60 /home/skytech/ISP-BILLING-main/vendor/laravel/framework/src/Illuminate/Foundation/Http/Middleware/ConvertEmptyStringsToNull.php(31): Illuminate\\Foundation\\Http\\Middleware\\TransformsRequest->handle()
#61 /home/skytech/ISP-BILLING-main/vendor/laravel/framework/src/Illuminate/Pipeline/Pipeline.php(219): Illuminate\\Foundation\\Http\\Middleware\\ConvertEmptyStringsToNull->handle()
#62 /home/skytech/ISP-BILLING-main/vendor/laravel/framework/src/Illuminate/Foundation/Http/Middleware/TransformsRequest.php(21): Illuminate\\Pipeline\\Pipeline->Illuminate\\Pipeline\\{closure}()
#63 /home/skytech/ISP-BILLING-main/vendor/laravel/framework/src/Illuminate/Foundation/Http/Middleware/TrimStrings.php(51): Illuminate\\Foundation\\Http\\Middleware\\TransformsRequest->handle()
#64 /home/skytech/ISP-BILLING-main/vendor/laravel/framework/src/Illuminate/Pipeline/Pipeline.php(219): Illuminate\\Foundation\\Http\\Middleware\\TrimStrings->handle()
#65 /home/skytech/ISP-BILLING-main/vendor/laravel/framework/src/Illuminate/Http/Middleware/ValidatePostSize.php(27): Illuminate\\Pipeline\\Pipeline->Illuminate\\Pipeline\\{closure}()
#66 /home/skytech/ISP-BILLING-main/vendor/laravel/framework/src/Illuminate/Pipeline/Pipeline.php(219): Illuminate\\Http\\Middleware\\ValidatePostSize->handle()
#67 /home/skytech/ISP-BILLING-main/vendor/laravel/framework/src/Illuminate/Foundation/Http/Middleware/PreventRequestsDuringMaintenance.php(109): Illuminate\\Pipeline\\Pipeline->Illuminate\\Pipeline\\{closure}()
#68 /home/skytech/ISP-BILLING-main/vendor/laravel/framework/src/Illuminate/Pipeline/Pipeline.php(219): Illuminate\\Foundation\\Http\\Middleware\\PreventRequestsDuringMaintenance->handle()
#69 /home/skytech/ISP-BILLING-main/vendor/laravel/framework/src/Illuminate/Http/Middleware/HandleCors.php(61): Illuminate\\Pipeline\\Pipeline->Illuminate\\Pipeline\\{closure}()
#70 /home/skytech/ISP-BILLING-main/vendor/laravel/framework/src/Illuminate/Pipeline/Pipeline.php(219): Illuminate\\Http\\Middleware\\HandleCors->handle()
#71 /home/skytech/ISP-BILLING-main/vendor/laravel/framework/src/Illuminate/Http/Middleware/TrustProxies.php(58): Illuminate\\Pipeline\\Pipeline->Illuminate\\Pipeline\\{closure}()
#72 /home/skytech/ISP-BILLING-main/vendor/laravel/framework/src/Illuminate/Pipeline/Pipeline.php(219): Illuminate\\Http\\Middleware\\TrustProxies->handle()
#73 /home/skytech/ISP-BILLING-main/vendor/laravel/framework/src/Illuminate/Foundation/Http/Middleware/InvokeDeferredCallbacks.php(22): Illuminate\\Pipeline\\Pipeline->Illuminate\\Pipeline\\{closure}()
#74 /home/skytech/ISP-BILLING-main/vendor/laravel/framework/src/Illuminate/Pipeline/Pipeline.php(219): Illuminate\\Foundation\\Http\\Middleware\\InvokeDeferredCallbacks->handle()
#75 /home/skytech/ISP-BILLING-main/vendor/laravel/framework/src/Illuminate/Http/Middleware/ValidatePathEncoding.php(26): Illuminate\\Pipeline\\Pipeline->Illuminate\\Pipeline\\{closure}()
#76 /home/skytech/ISP-BILLING-main/vendor/laravel/framework/src/Illuminate/Pipeline/Pipeline.php(219): Illuminate\\Http\\Middleware\\ValidatePathEncoding->handle()
#77 /home/skytech/ISP-BILLING-main/vendor/laravel/framework/src/Illuminate/Pipeline/Pipeline.php(137): Illuminate\\Pipeline\\Pipeline->Illuminate\\Pipeline\\{closure}()
#78 /home/skytech/ISP-BILLING-main/vendor/laravel/framework/src/Illuminate/Foundation/Http/Kernel.php(175): Illuminate\\Pipeline\\Pipeline->then()
#79 /home/skytech/ISP-BILLING-main/vendor/laravel/framework/src/Illuminate/Foundation/Http/Kernel.php(144): Illuminate\\Foundation\\Http\\Kernel->sendRequestThroughRouter()
#80 /home/skytech/ISP-BILLING-main/vendor/laravel/framework/src/Illuminate/Foundation/Application.php(1220): Illuminate\\Foundation\\Http\\Kernel->handle()
#81 /home/skytech/ISP-BILLING-main/public/index.php(20): Illuminate\\Foundation\\Application->handleRequest()
#82 {main}
"} 
[2026-09-25 14:00:17] production.ERROR: Undefined variable $availableRoles (View: /home/skytech/ISP-BILLING-main/resources/views/admin/resellers/edit.blade.php) {"userId":1,"exception":"[object] (Illuminate\\View\\ViewException(code: 0): Undefined variable $availableRoles (View: /home/skytech/ISP-BILLING-main/resources/views/admin/resellers/edit.blade.php) at /home/skytech/ISP-BILLING-main/storage/framework/views/b717d64fd9a0d72c4743c21b519a92bb.php:155)
[stacktrace]
#0 /home/skytech/ISP-BILLING-main/vendor/livewire/livewire/src/Mechanisms/ExtendBlade/ExtendedCompilerEngine.php(58): Illuminate\\View\\Engines\\CompilerEngine->handleViewException()
#1 /home/skytech/ISP-BILLING-main/vendor/laravel/framework/src/Illuminate/View/Engines/PhpEngine.php(59): Livewire\\Mechanisms\\ExtendBlade\\ExtendedCompilerEngine->handleViewException()
#2 /home/skytech/ISP-BILLING-main/vendor/livewire/livewire/src/Mechanisms/ExtendBlade/ExtendedCompilerEngine.php(22): Illuminate\\View\\Engines\\PhpEngine->evaluatePath()
#3 /home/skytech/ISP-BILLING-main/vendor/laravel/framework/src/Illuminate/View/Engines/CompilerEngine.php(76): Livewire\\Mechanisms\\ExtendBlade\\ExtendedCompilerEngine->evaluatePath()
#4 /home/skytech/ISP-BILLING-main/vendor/livewire/livewire/src/Mechanisms/ExtendBlade/ExtendedCompilerEngine.php(10): Illuminate\\View\\Engines\\CompilerEngine->get()
#5 /home/skytech/ISP-BILLING-main/vendor/laravel/framework/src/Illuminate/View/View.php(208): Livewire\\Mechanisms\\ExtendBlade\\ExtendedCompilerEngine->get()
#6 /home/skytech/ISP-BILLING-main/vendor/laravel/framework/src/Illuminate/View/View.php(191): Illuminate\\View\\View->getContents()
#7 /home/skytech/ISP-BILLING-main/vendor/laravel/framework/src/Illuminate/View/View.php(160): Illuminate\\View\\View->renderContents()
#8 /home/skytech/ISP-BILLING-main/vendor/laravel/framework/src/Illuminate/Http/Response.php(78): Illuminate\\View\\View->render()
#9 /home/skytech/ISP-BILLING-main/vendor/laravel/framework/src/Illuminate/Http/Response.php(34): Illuminate\\Http\\Response->setContent()
#10 /home/skytech/ISP-BILLING-main/vendor/laravel/framework/src/Illuminate/Routing/Router.php(939): Illuminate\\Http\\Response->__construct()
#11 /home/skytech/ISP-BILLING-main/vendor/laravel/framework/src/Illuminate/Routing/Router.php(906): Illuminate\\Routing\\Router::toResponse()
#12 /home/skytech/ISP-BILLING-main/vendor/laravel/framework/src/Illuminate/Routing/Router.php(821): Illuminate\\Routing\\Router->prepareResponse()
#13 /home/skytech/ISP-BILLING-main/vendor/laravel/framework/src/Illuminate/Pipeline/Pipeline.php(180): Illuminate\\Routing\\Router->Illuminate\\Routing\\{closure}()
#14 /home/skytech/ISP-BILLING-main/app/Http/Middleware/RestrictHotelUserPortal.php(45): Illuminate\\Pipeline\\Pipeline->Illuminate\\Pipeline\\{closure}()
#15 /home/skytech/ISP-BILLING-main/vendor/laravel/framework/src/Illuminate/Pipeline/Pipeline.php(219): App\\Http\\Middleware\\RestrictHotelUserPortal->handle()
#16 /home/skytech/ISP-BILLING-main/app/Http/Middleware/ForcePortalPasswordChange.php(13): Illuminate\\Pipeline\\Pipeline->Illuminate\\Pipeline\\{closure}()
#17 /home/skytech/ISP-BILLING-main/vendor/laravel/framework/src/Illuminate/Pipeline/Pipeline.php(219): App\\Http\\Middleware\\ForcePortalPasswordChange->handle()
#18 /home/skytech/ISP-BILLING-main/app/Http/Middleware/RestrictToProfileIfNoPermissions.php(61): Illuminate\\Pipeline\\Pipeline->Illuminate\\Pipeline\\{closure}()
#19 /home/skytech/ISP-BILLING-main/vendor/laravel/framework/src/Illuminate/Pipeline/Pipeline.php(219): App\\Http\\Middleware\\RestrictToProfileIfNoPermissions->handle()
#20 /home/skytech/ISP-BILLING-main/vendor/laravel/framework/src/Illuminate/Auth/Middleware/EnsureEmailIsVerified.php(41): Illuminate\\Pipeline\\Pipeline->Illuminate\\Pipeline\\{closure}()
#21 /home/skytech/ISP-BILLING-main/vendor/laravel/framework/src/Illuminate/Pipeline/Pipeline.php(219): Illuminate\\Auth\\Middleware\\EnsureEmailIsVerified->handle()
#22 /home/skytech/ISP-BILLING-main/vendor/php-flasher/flasher-laravel/Middleware/FlasherMiddleware.php(21): Illuminate\\Pipeline\\Pipeline->Illuminate\\Pipeline\\{closure}()
#23 /home/skytech/ISP-BILLING-main/vendor/laravel/framework/src/Illuminate/Pipeline/Pipeline.php(219): Flasher\\Laravel\\Middleware\\FlasherMiddleware->handle()
#24 /home/skytech/ISP-BILLING-main/vendor/php-flasher/flasher-laravel/Middleware/SessionMiddleware.php(21): Illuminate\\Pipeline\\Pipeline->Illuminate\\Pipeline\\{closure}()
#25 /home/skytech/ISP-BILLING-main/vendor/laravel/framework/src/Illuminate/Pipeline/Pipeline.php(219): Flasher\\Laravel\\Middleware\\SessionMiddleware->handle()
#26 /home/skytech/ISP-BILLING-main/app/Http/Middleware/SetLocaleFromSession.php(42): Illuminate\\Pipeline\\Pipeline->Illuminate\\Pipeline\\{closure}()
#27 /home/skytech/ISP-BILLING-main/vendor/laravel/framework/src/Illuminate/Pipeline/Pipeline.php(219): App\\Http\\Middleware\\SetLocaleFromSession->handle()
#28 /home/skytech/ISP-BILLING-main/vendor/laravel/framework/src/Illuminate/Routing/Middleware/SubstituteBindings.php(50): Illuminate\\Pipeline\\Pipeline->Illuminate\\Pipeline\\{closure}()
#29 /home/skytech/ISP-BILLING-main/vendor/laravel/framework/src/Illuminate/Pipeline/Pipeline.php(219): Illuminate\\Routing\\Middleware\\SubstituteBindings->handle()
#30 /home/skytech/ISP-BILLING-main/vendor/laravel/framework/src/Illuminate/Session/Middleware/AuthenticateSession.php(70): Illuminate\\Pipeline\\Pipeline->Illuminate\\Pipeline\\{closure}()
#31 /home/skytech/ISP-BILLING-main/vendor/laravel/framework/src/Illuminate/Pipeline/Pipeline.php(219): Illuminate\\Session\\Middleware\\AuthenticateSession->handle()
#32 /home/skytech/ISP-BILLING-main/vendor/laravel/framework/src/Illuminate/Auth/Middleware/Authenticate.php(63): Illuminate\\Pipeline\\Pipeline->Illuminate\\Pipeline\\{closure}()
#33 /home/skytech/ISP-BILLING-main/vendor/laravel/framework/src/Illuminate/Pipeline/Pipeline.php(219): Illuminate\\Auth\\Middleware\\Authenticate->handle()
#34 /home/skytech/ISP-BILLING-main/vendor/laravel/framework/src/Illuminate/Foundation/Http/Middleware/VerifyCsrfToken.php(87): Illuminate\\Pipeline\\Pipeline->Illuminate\\Pipeline\\{closure}()
#35 /home/skytech/ISP-BILLING-main/vendor/laravel/framework/src/Illuminate/Pipeline/Pipeline.php(219): Illuminate\\Foundation\\Http\\Middleware\\VerifyCsrfToken->handle()
#36 /home/skytech/ISP-BILLING-main/vendor/laravel/framework/src/Illuminate/View/Middleware/ShareErrorsFromSession.php(48): Illuminate\\Pipeline\\Pipeline->Illuminate\\Pipeline\\{closure}()
#37 /home/skytech/ISP-BILLING-main/vendor/laravel/framework/src/Illuminate/Pipeline/Pipeline.php(219): Illuminate\\View\\Middleware\\ShareErrorsFromSession->handle()
#38 /home/skytech/ISP-BILLING-main/vendor/laravel/framework/src/Illuminate/Session/Middleware/StartSession.php(120): Illuminate\\Pipeline\\Pipeline->Illuminate\\Pipeline\\{closure}()
#39 /home/skytech/ISP-BILLING-main/vendor/laravel/framework/src/Illuminate/Session/Middleware/StartSession.php(63): Illuminate\\Session\\Middleware\\StartSession->handleStatefulRequest()
#40 /home/skytech/ISP-BILLING-main/vendor/laravel/framework/src/Illuminate/Pipeline/Pipeline.php(219): Illuminate\\Session\\Middleware\\StartSession->handle()
#41 /home/skytech/ISP-BILLING-main/vendor/laravel/framework/src/Illuminate/Cookie/Middleware/AddQueuedCookiesToResponse.php(36): Illuminate\\Pipeline\\Pipeline->Illuminate\\Pipeline\\{closure}()
#42 /home/skytech/ISP-BILLING-main/vendor/laravel/framework/src/Illuminate/Pipeline/Pipeline.php(219): Illuminate\\Cookie\\Middleware\\AddQueuedCookiesToResponse->handle()
#43 /home/skytech/ISP-BILLING-main/vendor/laravel/framework/src/Illuminate/Cookie/Middleware/EncryptCookies.php(74): Illuminate\\Pipeline\\Pipeline->Illuminate\\Pipeline\\{closure}()
#44 /home/skytech/ISP-BILLING-main/vendor/laravel/framework/src/Illuminate/Pipeline/Pipeline.php(219): Illuminate\\Cookie\\Middleware\\EncryptCookies->handle()
#45 /home/skytech/ISP-BILLING-main/vendor/laravel/framework/src/Illuminate/Pipeline/Pipeline.php(137): Illuminate\\Pipeline\\Pipeline->Illuminate\\Pipeline\\{closure}()
#46 /home/skytech/ISP-BILLING-main/vendor/laravel/framework/src/Illuminate/Routing/Router.php(821): Illuminate\\Pipeline\\Pipeline->then()
#47 /home/skytech/ISP-BILLING-main/vendor/laravel/framework/src/Illuminate/Routing/Router.php(800): Illuminate\\Routing\\Router->runRouteWithinStack()
#48 /home/skytech/ISP-BILLING-main/vendor/laravel/framework/src/Illuminate/Routing/Router.php(764): Illuminate\\Routing\\Router->runRoute()
#49 /home/skytech/ISP-BILLING-main/vendor/laravel/framework/src/Illuminate/Routing/Router.php(753): Illuminate\\Routing\\Router->dispatchToRoute()
#50 /home/skytech/ISP-BILLING-main/vendor/laravel/framework/src/Illuminate/Foundation/Http/Kernel.php(200): Illuminate\\Routing\\Router->dispatch()
#51 /home/skytech/ISP-BILLING-main/vendor/laravel/framework/src/Illuminate/Pipeline/Pipeline.php(180): Illuminate\\Foundation\\Http\\Kernel->Illuminate\\Foundation\\Http\\{closure}()
#52 /home/skytech/ISP-BILLING-main/vendor/livewire/livewire/src/Features/SupportDisablingBackButtonCache/DisableBackButtonCacheMiddleware.php(19): Illuminate\\Pipeline\\Pipeline->Illuminate\\Pipeline\\{closure}()
#53 /home/skytech/ISP-BILLING-main/vendor/laravel/framework/src/Illuminate/Pipeline/Pipeline.php(219): Livewire\\Features\\SupportDisablingBackButtonCache\\DisableBackButtonCacheMiddleware->handle()
#54 /home/skytech/ISP-BILLING-main/app/Http/Middleware/CheckSiteStatus.php(55): Illuminate\\Pipeline\\Pipeline->Illuminate\\Pipeline\\{closure}()
#55 /home/skytech/ISP-BILLING-main/vendor/laravel/framework/src/Illuminate/Pipeline/Pipeline.php(219): App\\Http\\Middleware\\CheckSiteStatus->handle()
#56 /home/skytech/ISP-BILLING-main/vendor/laravel/framework/src/Illuminate/Foundation/Http/Middleware/TransformsRequest.php(21): Illuminate\\Pipeline\\Pipeline->Illuminate\\Pipeline\\{closure}()
#57 /home/skytech/ISP-BILLING-main/vendor/laravel/framework/src/Illuminate/Foundation/Http/Middleware/ConvertEmptyStringsToNull.php(31): Illuminate\\Foundation\\Http\\Middleware\\TransformsRequest->handle()
#58 /home/skytech/ISP-BILLING-main/vendor/laravel/framework/src/Illuminate/Pipeline/Pipeline.php(219): Illuminate\\Foundation\\Http\\Middleware\\ConvertEmptyStringsToNull->handle()
#59 /home/skytech/ISP-BILLING-main/vendor/laravel/framework/src/Illuminate/Foundation/Http/Middleware/TransformsRequest.php(21): Illuminate\\Pipeline\\Pipeline->Illuminate\\Pipeline\\{closure}()
#60 /home/skytech/ISP-BILLING-main/vendor/laravel/framework/src/Illuminate/Foundation/Http/Middleware/TrimStrings.php(51): Illuminate\\Foundation\\Http\\Middleware\\TransformsRequest->handle()
#61 /home/skytech/ISP-BILLING-main/vendor/laravel/framework/src/Illuminate/Pipeline/Pipeline.php(219): Illuminate\\Foundation\\Http\\Middleware\\TrimStrings->handle()
#62 /home/skytech/ISP-BILLING-main/vendor/laravel/framework/src/Illuminate/Http/Middleware/ValidatePostSize.php(27): Illuminate\\Pipeline\\Pipeline->Illuminate\\Pipeline\\{closure}()
#63 /home/skytech/ISP-BILLING-main/vendor/laravel/framework/src/Illuminate/Pipeline/Pipeline.php(219): Illuminate\\Http\\Middleware\\ValidatePostSize->handle()
#64 /home/skytech/ISP-BILLING-main/vendor/laravel/framework/src/Illuminate/Foundation/Http/Middleware/PreventRequestsDuringMaintenance.php(109): Illuminate\\Pipeline\\Pipeline->Illuminate\\Pipeline\\{closure}()
#65 /home/skytech/ISP-BILLING-main/vendor/laravel/framework/src/Illuminate/Pipeline/Pipeline.php(219): Illuminate\\Foundation\\Http\\Middleware\\PreventRequestsDuringMaintenance->handle()
#66 /home/skytech/ISP-BILLING-main/vendor/laravel/framework/src/Illuminate/Http/Middleware/HandleCors.php(61): Illuminate\\Pipeline\\Pipeline->Illuminate\\Pipeline\\{closure}()
#67 /home/skytech/ISP-BILLING-main/vendor/laravel/framework/src/Illuminate/Pipeline/Pipeline.php(219): Illuminate\\Http\\Middleware\\HandleCors->handle()
#68 /home/skytech/ISP-BILLING-main/vendor/laravel/framework/src/Illuminate/Http/Middleware/TrustProxies.php(58): Illuminate\\Pipeline\\Pipeline->Illuminate\\Pipeline\\{closure}()
#69 /home/skytech/ISP-BILLING-main/vendor/laravel/framework/src/Illuminate/Pipeline/Pipeline.php(219): Illuminate\\Http\\Middleware\\TrustProxies->handle()
#70 /home/skytech/ISP-BILLING-main/vendor/laravel/framework/src/Illuminate/Foundation/Http/Middleware/InvokeDeferredCallbacks.php(22): Illuminate\\Pipeline\\Pipeline->Illuminate\\Pipeline\\{closure}()
#71 /home/skytech/ISP-BILLING-main/vendor/laravel/framework/src/Illuminate/Pipeline/Pipeline.php(219): Illuminate\\Foundation\\Http\\Middleware\\InvokeDeferredCallbacks->handle()
#72 /home/skytech/ISP-BILLING-main/vendor/laravel/framework/src/Illuminate/Http/Middleware/ValidatePathEncoding.php(26): Illuminate\\Pipeline\\Pipeline->Illuminate\\Pipeline\\{closure}()
#73 /home/skytech/ISP-BILLING-main/vendor/laravel/framework/src/Illuminate/Pipeline/Pipeline.php(219): Illuminate\\Http\\Middleware\\ValidatePathEncoding->handle()
#74 /home/skytech/ISP-BILLING-main/vendor/laravel/framework/src/Illuminate/Pipeline/Pipeline.php(137): Illuminate\\Pipeline\\Pipeline->Illuminate\\Pipeline\\{closure}()
#75 /home/skytech/ISP-BILLING-main/vendor/laravel/framework/src/Illuminate/Foundation/Http/Kernel.php(175): Illuminate\\Pipeline\\Pipeline->then()
#76 /home/skytech/ISP-BILLING-main/vendor/laravel/framework/src/Illuminate/Foundation/Http/Kernel.php(144): Illuminate\\Foundation\\Http\\Kernel->sendRequestThroughRouter()
#77 /home/skytech/ISP-BILLING-main/vendor/laravel/framework/src/Illuminate/Foundation/Application.php(1220): Illuminate\\Foundation\\Http\\Kernel->handle()
#78 /home/skytech/ISP-BILLING-main/public/index.php(20): Illuminate\\Foundation\\Application->handleRequest()
#79 {main}

[previous exception] [object] (ErrorException(code: 0): Undefined variable $availableRoles at /home/skytech/ISP-BILLING-main/storage/framework/views/b717d64fd9a0d72c4743c21b519a92bb.php:155)
[stacktrace]
#0 /home/skytech/ISP-BILLING-main/vendor/laravel/framework/src/Illuminate/Foundation/Bootstrap/HandleExceptions.php(262): Illuminate\\Foundation\\Bootstrap\\HandleExceptions->handleError()
#1 /home/skytech/ISP-BILLING-main/storage/framework/views/b717d64fd9a0d72c4743c21b519a92bb.php(155): Illuminate\\Foundation\\Bootstrap\\HandleExceptions->Illuminate\\Foundation\\Bootstrap\\{closure}()
#2 /home/skytech/ISP-BILLING-main/vendor/laravel/framework/src/Illuminate/Filesystem/Filesystem.php(123): require('...')
#3 /home/skytech/ISP-BILLING-main/vendor/laravel/framework/src/Illuminate/Filesystem/Filesystem.php(124): Illuminate\\Filesystem\\Filesystem::Illuminate\\Filesystem\\{closure}()
#4 /home/skytech/ISP-BILLING-main/vendor/laravel/framework/src/Illuminate/View/Engines/PhpEngine.php(57): Illuminate\\Filesystem\\Filesystem->getRequire()
#5 /home/skytech/ISP-BILLING-main/vendor/livewire/livewire/src/Mechanisms/ExtendBlade/ExtendedCompilerEngine.php(22): Illuminate\\View\\Engines\\PhpEngine->evaluatePath()
#6 /home/skytech/ISP-BILLING-main/vendor/laravel/framework/src/Illuminate/View/Engines/CompilerEngine.php(76): Livewire\\Mechanisms\\ExtendBlade\\ExtendedCompilerEngine->evaluatePath()
#7 /home/skytech/ISP-BILLING-main/vendor/livewire/livewire/src/Mechanisms/ExtendBlade/ExtendedCompilerEngine.php(10): Illuminate\\View\\Engines\\CompilerEngine->get()
#8 /home/skytech/ISP-BILLING-main/vendor/laravel/framework/src/Illuminate/View/View.php(208): Livewire\\Mechanisms\\ExtendBlade\\ExtendedCompilerEngine->get()
#9 /home/skytech/ISP-BILLING-main/vendor/laravel/framework/src/Illuminate/View/View.php(191): Illuminate\\View\\View->getContents()
#10 /home/skytech/ISP-BILLING-main/vendor/laravel/framework/src/Illuminate/View/View.php(160): Illuminate\\View\\View->renderContents()
#11 /home/skytech/ISP-BILLING-main/vendor/laravel/framework/src/Illuminate/Http/Response.php(78): Illuminate\\View\\View->render()
#12 /home/skytech/ISP-BILLING-main/vendor/laravel/framework/src/Illuminate/Http/Response.php(34): Illuminate\\Http\\Response->setContent()
#13 /home/skytech/ISP-BILLING-main/vendor/laravel/framework/src/Illuminate/Routing/Router.php(939): Illuminate\\Http\\Response->__construct()
#14 /home/skytech/ISP-BILLING-main/vendor/laravel/framework/src/Illuminate/Routing/Router.php(906): Illuminate\\Routing\\Router::toResponse()
#15 /home/skytech/ISP-BILLING-main/vendor/laravel/framework/src/Illuminate/Routing/Router.php(821): Illuminate\\Routing\\Router->prepareResponse()
#16 /home/skytech/ISP-BILLING-main/vendor/laravel/framework/src/Illuminate/Pipeline/Pipeline.php(180): Illuminate\\Routing\\Router->Illuminate\\Routing\\{closure}()
#17 /home/skytech/ISP-BILLING-main/app/Http/Middleware/RestrictHotelUserPortal.php(45): Illuminate\\Pipeline\\Pipeline->Illuminate\\Pipeline\\{closure}()
#18 /home/skytech/ISP-BILLING-main/vendor/laravel/framework/src/Illuminate/Pipeline/Pipeline.php(219): App\\Http\\Middleware\\RestrictHotelUserPortal->handle()
#19 /home/skytech/ISP-BILLING-main/app/Http/Middleware/ForcePortalPasswordChange.php(13): Illuminate\\Pipeline\\Pipeline->Illuminate\\Pipeline\\{closure}()
#20 /home/skytech/ISP-BILLING-main/vendor/laravel/framework/src/Illuminate/Pipeline/Pipeline.php(219): App\\Http\\Middleware\\ForcePortalPasswordChange->handle()
#21 /home/skytech/ISP-BILLING-main/app/Http/Middleware/RestrictToProfileIfNoPermissions.php(61): Illuminate\\Pipeline\\Pipeline->Illuminate\\Pipeline\\{closure}()
#22 /home/skytech/ISP-BILLING-main/vendor/laravel/framework/src/Illuminate/Pipeline/Pipeline.php(219): App\\Http\\Middleware\\RestrictToProfileIfNoPermissions->handle()
#23 /home/skytech/ISP-BILLING-main/vendor/laravel/framework/src/Illuminate/Auth/Middleware/EnsureEmailIsVerified.php(41): Illuminate\\Pipeline\\Pipeline->Illuminate\\Pipeline\\{closure}()
#24 /home/skytech/ISP-BILLING-main/vendor/laravel/framework/src/Illuminate/Pipeline/Pipeline.php(219): Illuminate\\Auth\\Middleware\\EnsureEmailIsVerified->handle()
#25 /home/skytech/ISP-BILLING-main/vendor/php-flasher/flasher-laravel/Middleware/FlasherMiddleware.php(21): Illuminate\\Pipeline\\Pipeline->Illuminate\\Pipeline\\{closure}()
#26 /home/skytech/ISP-BILLING-main/vendor/laravel/framework/src/Illuminate/Pipeline/Pipeline.php(219): Flasher\\Laravel\\Middleware\\FlasherMiddleware->handle()
#27 /home/skytech/ISP-BILLING-main/vendor/php-flasher/flasher-laravel/Middleware/SessionMiddleware.php(21): Illuminate\\Pipeline\\Pipeline->Illuminate\\Pipeline\\{closure}()
#28 /home/skytech/ISP-BILLING-main/vendor/laravel/framework/src/Illuminate/Pipeline/Pipeline.php(219): Flasher\\Laravel\\Middleware\\SessionMiddleware->handle()
#29 /home/skytech/ISP-BILLING-main/app/Http/Middleware/SetLocaleFromSession.php(42): Illuminate\\Pipeline\\Pipeline->Illuminate\\Pipeline\\{closure}()
#30 /home/skytech/ISP-BILLING-main/vendor/laravel/framework/src/Illuminate/Pipeline/Pipeline.php(219): App\\Http\\Middleware\\SetLocaleFromSession->handle()
#31 /home/skytech/ISP-BILLING-main/vendor/laravel/framework/src/Illuminate/Routing/Middleware/SubstituteBindings.php(50): Illuminate\\Pipeline\\Pipeline->Illuminate\\Pipeline\\{closure}()
#32 /home/skytech/ISP-BILLING-main/vendor/laravel/framework/src/Illuminate/Pipeline/Pipeline.php(219): Illuminate\\Routing\\Middleware\\SubstituteBindings->handle()
#33 /home/skytech/ISP-BILLING-main/vendor/laravel/framework/src/Illuminate/Session/Middleware/AuthenticateSession.php(70): Illuminate\\Pipeline\\Pipeline->Illuminate\\Pipeline\\{closure}()
#34 /home/skytech/ISP-BILLING-main/vendor/laravel/framework/src/Illuminate/Pipeline/Pipeline.php(219): Illuminate\\Session\\Middleware\\AuthenticateSession->handle()
#35 /home/skytech/ISP-BILLING-main/vendor/laravel/framework/src/Illuminate/Auth/Middleware/Authenticate.php(63): Illuminate\\Pipeline\\Pipeline->Illuminate\\Pipeline\\{closure}()
#36 /home/skytech/ISP-BILLING-main/vendor/laravel/framework/src/Illuminate/Pipeline/Pipeline.php(219): Illuminate\\Auth\\Middleware\\Authenticate->handle()
#37 /home/skytech/ISP-BILLING-main/vendor/laravel/framework/src/Illuminate/Foundation/Http/Middleware/VerifyCsrfToken.php(87): Illuminate\\Pipeline\\Pipeline->Illuminate\\Pipeline\\{closure}()
#38 /home/skytech/ISP-BILLING-main/vendor/laravel/framework/src/Illuminate/Pipeline/Pipeline.php(219): Illuminate\\Foundation\\Http\\Middleware\\VerifyCsrfToken->handle()
#39 /home/skytech/ISP-BILLING-main/vendor/laravel/framework/src/Illuminate/View/Middleware/ShareErrorsFromSession.php(48): Illuminate\\Pipeline\\Pipeline->Illuminate\\Pipeline\\{closure}()
#40 /home/skytech/ISP-BILLING-main/vendor/laravel/framework/src/Illuminate/Pipeline/Pipeline.php(219): Illuminate\\View\\Middleware\\ShareErrorsFromSession->handle()
#41 /home/skytech/ISP-BILLING-main/vendor/laravel/framework/src/Illuminate/Session/Middleware/StartSession.php(120): Illuminate\\Pipeline\\Pipeline->Illuminate\\Pipeline\\{closure}()
#42 /home/skytech/ISP-BILLING-main/vendor/laravel/framework/src/Illuminate/Session/Middleware/StartSession.php(63): Illuminate\\Session\\Middleware\\StartSession->handleStatefulRequest()
#43 /home/skytech/ISP-BILLING-main/vendor/laravel/framework/src/Illuminate/Pipeline/Pipeline.php(219): Illuminate\\Session\\Middleware\\StartSession->handle()
#44 /home/skytech/ISP-BILLING-main/vendor/laravel/framework/src/Illuminate/Cookie/Middleware/AddQueuedCookiesToResponse.php(36): Illuminate\\Pipeline\\Pipeline->Illuminate\\Pipeline\\{closure}()
#45 /home/skytech/ISP-BILLING-main/vendor/laravel/framework/src/Illuminate/Pipeline/Pipeline.php(219): Illuminate\\Cookie\\Middleware\\AddQueuedCookiesToResponse->handle()
#46 /home/skytech/ISP-BILLING-main/vendor/laravel/framework/src/Illuminate/Cookie/Middleware/EncryptCookies.php(74): Illuminate\\Pipeline\\Pipeline->Illuminate\\Pipeline\\{closure}()
#47 /home/skytech/ISP-BILLING-main/vendor/laravel/framework/src/Illuminate/Pipeline/Pipeline.php(219): Illuminate\\Cookie\\Middleware\\EncryptCookies->handle()
#48 /home/skytech/ISP-BILLING-main/vendor/laravel/framework/src/Illuminate/Pipeline/Pipeline.php(137): Illuminate\\Pipeline\\Pipeline->Illuminate\\Pipeline\\{closure}()
#49 /home/skytech/ISP-BILLING-main/vendor/laravel/framework/src/Illuminate/Routing/Router.php(821): Illuminate\\Pipeline\\Pipeline->then()
#50 /home/skytech/ISP-BILLING-main/vendor/laravel/framework/src/Illuminate/Routing/Router.php(800): Illuminate\\Routing\\Router->runRouteWithinStack()
#51 /home/skytech/ISP-BILLING-main/vendor/laravel/framework/src/Illuminate/Routing/Router.php(764): Illuminate\\Routing\\Router->runRoute()
#52 /home/skytech/ISP-BILLING-main/vendor/laravel/framework/src/Illuminate/Routing/Router.php(753): Illuminate\\Routing\\Router->dispatchToRoute()
#53 /home/skytech/ISP-BILLING-main/vendor/laravel/framework/src/Illuminate/Foundation/Http/Kernel.php(200): Illuminate\\Routing\\Router->dispatch()
#54 /home/skytech/ISP-BILLING-main/vendor/laravel/framework/src/Illuminate/Pipeline/Pipeline.php(180): Illuminate\\Foundation\\Http\\Kernel->Illuminate\\Foundation\\Http\\{closure}()
#55 /home/skytech/ISP-BILLING-main/vendor/livewire/livewire/src/Features/SupportDisablingBackButtonCache/DisableBackButtonCacheMiddleware.php(19): Illuminate\\Pipeline\\Pipeline->Illuminate\\Pipeline\\{closure}()
#56 /home/skytech/ISP-BILLING-main/vendor/laravel/framework/src/Illuminate/Pipeline/Pipeline.php(219): Livewire\\Features\\SupportDisablingBackButtonCache\\DisableBackButtonCacheMiddleware->handle()
#57 /home/skytech/ISP-BILLING-main/app/Http/Middleware/CheckSiteStatus.php(55): Illuminate\\Pipeline\\Pipeline->Illuminate\\Pipeline\\{closure}()
#58 /home/skytech/ISP-BILLING-main/vendor/laravel/framework/src/Illuminate/Pipeline/Pipeline.php(219): App\\Http\\Middleware\\CheckSiteStatus->handle()
#59 /home/skytech/ISP-BILLING-main/vendor/laravel/framework/src/Illuminate/Foundation/Http/Middleware/TransformsRequest.php(21): Illuminate\\Pipeline\\Pipeline->Illuminate\\Pipeline\\{closure}()
#60 /home/skytech/ISP-BILLING-main/vendor/laravel/framework/src/Illuminate/Foundation/Http/Middleware/ConvertEmptyStringsToNull.php(31): Illuminate\\Foundation\\Http\\Middleware\\TransformsRequest->handle()
#61 /home/skytech/ISP-BILLING-main/vendor/laravel/framework/src/Illuminate/Pipeline/Pipeline.php(219): Illuminate\\Foundation\\Http\\Middleware\\ConvertEmptyStringsToNull->handle()
#62 /home/skytech/ISP-BILLING-main/vendor/laravel/framework/src/Illuminate/Foundation/Http/Middleware/TransformsRequest.php(21): Illuminate\\Pipeline\\Pipeline->Illuminate\\Pipeline\\{closure}()
#63 /home/skytech/ISP-BILLING-main/vendor/laravel/framework/src/Illuminate/Foundation/Http/Middleware/TrimStrings.php(51): Illuminate\\Foundation\\Http\\Middleware\\TransformsRequest->handle()
#64 /home/skytech/ISP-BILLING-main/vendor/laravel/framework/src/Illuminate/Pipeline/Pipeline.php(219): Illuminate\\Foundation\\Http\\Middleware\\TrimStrings->handle()
#65 /home/skytech/ISP-BILLING-main/vendor/laravel/framework/src/Illuminate/Http/Middleware/ValidatePostSize.php(27): Illuminate\\Pipeline\\Pipeline->Illuminate\\Pipeline\\{closure}()
#66 /home/skytech/ISP-BILLING-main/vendor/laravel/framework/src/Illuminate/Pipeline/Pipeline.php(219): Illuminate\\Http\\Middleware\\ValidatePostSize->handle()
#67 /home/skytech/ISP-BILLING-main/vendor/laravel/framework/src/Illuminate/Foundation/Http/Middleware/PreventRequestsDuringMaintenance.php(109): Illuminate\\Pipeline\\Pipeline->Illuminate\\Pipeline\\{closure}()
#68 /home/skytech/ISP-BILLING-main/vendor/laravel/framework/src/Illuminate/Pipeline/Pipeline.php(219): Illuminate\\Foundation\\Http\\Middleware\\PreventRequestsDuringMaintenance->handle()
#69 /home/skytech/ISP-BILLING-main/vendor/laravel/framework/src/Illuminate/Http/Middleware/HandleCors.php(61): Illuminate\\Pipeline\\Pipeline->Illuminate\\Pipeline\\{closure}()
#70 /home/skytech/ISP-BILLING-main/vendor/laravel/framework/src/Illuminate/Pipeline/Pipeline.php(219): Illuminate\\Http\\Middleware\\HandleCors->handle()
#71 /home/skytech/ISP-BILLING-main/vendor/laravel/framework/src/Illuminate/Http/Middleware/TrustProxies.php(58): Illuminate\\Pipeline\\Pipeline->Illuminate\\Pipeline\\{closure}()
#72 /home/skytech/ISP-BILLING-main/vendor/laravel/framework/src/Illuminate/Pipeline/Pipeline.php(219): Illuminate\\Http\\Middleware\\TrustProxies->handle()
#73 /home/skytech/ISP-BILLING-main/vendor/laravel/framework/src/Illuminate/Foundation/Http/Middleware/InvokeDeferredCallbacks.php(22): Illuminate\\Pipeline\\Pipeline->Illuminate\\Pipeline\\{closure}()
#74 /home/skytech/ISP-BILLING-main/vendor/laravel/framework/src/Illuminate/Pipeline/Pipeline.php(219): Illuminate\\Foundation\\Http\\Middleware\\InvokeDeferredCallbacks->handle()
#75 /home/skytech/ISP-BILLING-main/vendor/laravel/framework/src/Illuminate/Http/Middleware/ValidatePathEncoding.php(26): Illuminate\\Pipeline\\Pipeline->Illuminate\\Pipeline\\{closure}()
#76 /home/skytech/ISP-BILLING-main/vendor/laravel/framework/src/Illuminate/Pipeline/Pipeline.php(219): Illuminate\\Http\\Middleware\\ValidatePathEncoding->handle()
#77 /home/skytech/ISP-BILLING-main/vendor/laravel/framework/src/Illuminate/Pipeline/Pipeline.php(137): Illuminate\\Pipeline\\Pipeline->Illuminate\\Pipeline\\{closure}()
#78 /home/skytech/ISP-BILLING-main/vendor/laravel/framework/src/Illuminate/Foundation/Http/Kernel.php(175): Illuminate\\Pipeline\\Pipeline->then()
#79 /home/skytech/ISP-BILLING-main/vendor/laravel/framework/src/Illuminate/Foundation/Http/Kernel.php(144): Illuminate\\Foundation\\Http\\Kernel->sendRequestThroughRouter()
#80 /home/skytech/ISP-BILLING-main/vendor/laravel/framework/src/Illuminate/Foundation/Application.php(1220): Illuminate\\Foundation\\Http\\Kernel->handle()
#81 /home/skytech/ISP-BILLING-main/public/index.php(20): Illuminate\\Foundation\\Application->handleRequest()
#82 {main}
"} 
[2026-09-25 14:04:33] production.ERROR: Undefined variable $availableRoles (View: /home/skytech/ISP-BILLING-main/resources/views/admin/resellers/edit.blade.php) {"userId":1,"exception":"[object] (Illuminate\\View\\ViewException(code: 0): Undefined variable $availableRoles (View: /home/skytech/ISP-BILLING-main/resources/views/admin/resellers/edit.blade.php) at /home/skytech/ISP-BILLING-main/storage/framework/views/b717d64fd9a0d72c4743c21b519a92bb.php:155)
[stacktrace]
#0 /home/skytech/ISP-BILLING-main/vendor/livewire/livewire/src/Mechanisms/ExtendBlade/ExtendedCompilerEngine.php(58): Illuminate\\View\\Engines\\CompilerEngine->handleViewException()
#1 /home/skytech/ISP-BILLING-main/vendor/laravel/framework/src/Illuminate/View/Engines/PhpEngine.php(59): Livewire\\Mechanisms\\ExtendBlade\\ExtendedCompilerEngine->handleViewException()
#2 /home/skytech/ISP-BILLING-main/vendor/livewire/livewire/src/Mechanisms/ExtendBlade/ExtendedCompilerEngine.php(22): Illuminate\\View\\Engines\\PhpEngine->evaluatePath()
#3 /home/skytech/ISP-BILLING-main/vendor/laravel/framework/src/Illuminate/View/Engines/CompilerEngine.php(76): Livewire\\Mechanisms\\ExtendBlade\\ExtendedCompilerEngine->evaluatePath()
#4 /home/skytech/ISP-BILLING-main/vendor/livewire/livewire/src/Mechanisms/ExtendBlade/ExtendedCompilerEngine.php(10): Illuminate\\View\\Engines\\CompilerEngine->get()
#5 /home/skytech/ISP-BILLING-main/vendor/laravel/framework/src/Illuminate/View/View.php(208): Livewire\\Mechanisms\\ExtendBlade\\ExtendedCompilerEngine->get()
#6 /home/skytech/ISP-BILLING-main/vendor/laravel/framework/src/Illuminate/View/View.php(191): Illuminate\\View\\View->getContents()
#7 /home/skytech/ISP-BILLING-main/vendor/laravel/framework/src/Illuminate/View/View.php(160): Illuminate\\View\\View->renderContents()
#8 /home/skytech/ISP-BILLING-main/vendor/laravel/framework/src/Illuminate/Http/Response.php(78): Illuminate\\View\\View->render()
#9 /home/skytech/ISP-BILLING-main/vendor/laravel/framework/src/Illuminate/Http/Response.php(34): Illuminate\\Http\\Response->setContent()
#10 /home/skytech/ISP-BILLING-main/vendor/laravel/framework/src/Illuminate/Routing/Router.php(939): Illuminate\\Http\\Response->__construct()
#11 /home/skytech/ISP-BILLING-main/vendor/laravel/framework/src/Illuminate/Routing/Router.php(906): Illuminate\\Routing\\Router::toResponse()
#12 /home/skytech/ISP-BILLING-main/vendor/laravel/framework/src/Illuminate/Routing/Router.php(821): Illuminate\\Routing\\Router->prepareResponse()
#13 /home/skytech/ISP-BILLING-main/vendor/laravel/framework/src/Illuminate/Pipeline/Pipeline.php(180): Illuminate\\Routing\\Router->Illuminate\\Routing\\{closure}()
#14 /home/skytech/ISP-BILLING-main/app/Http/Middleware/RestrictHotelUserPortal.php(45): Illuminate\\Pipeline\\Pipeline->Illuminate\\Pipeline\\{closure}()
#15 /home/skytech/ISP-BILLING-main/vendor/laravel/framework/src/Illuminate/Pipeline/Pipeline.php(219): App\\Http\\Middleware\\RestrictHotelUserPortal->handle()
#16 /home/skytech/ISP-BILLING-main/app/Http/Middleware/ForcePortalPasswordChange.php(13): Illuminate\\Pipeline\\Pipeline->Illuminate\\Pipeline\\{closure}()
#17 /home/skytech/ISP-BILLING-main/vendor/laravel/framework/src/Illuminate/Pipeline/Pipeline.php(219): App\\Http\\Middleware\\ForcePortalPasswordChange->handle()
#18 /home/skytech/ISP-BILLING-main/app/Http/Middleware/RestrictToProfileIfNoPermissions.php(61): Illuminate\\Pipeline\\Pipeline->Illuminate\\Pipeline\\{closure}()
#19 /home/skytech/ISP-BILLING-main/vendor/laravel/framework/src/Illuminate/Pipeline/Pipeline.php(219): App\\Http\\Middleware\\RestrictToProfileIfNoPermissions->handle()
#20 /home/skytech/ISP-BILLING-main/vendor/laravel/framework/src/Illuminate/Auth/Middleware/EnsureEmailIsVerified.php(41): Illuminate\\Pipeline\\Pipeline->Illuminate\\Pipeline\\{closure}()
#21 /home/skytech/ISP-BILLING-main/vendor/laravel/framework/src/Illuminate/Pipeline/Pipeline.php(219): Illuminate\\Auth\\Middleware\\EnsureEmailIsVerified->handle()
#22 /home/skytech/ISP-BILLING-main/vendor/php-flasher/flasher-laravel/Middleware/FlasherMiddleware.php(21): Illuminate\\Pipeline\\Pipeline->Illuminate\\Pipeline\\{closure}()
#23 /home/skytech/ISP-BILLING-main/vendor/laravel/framework/src/Illuminate/Pipeline/Pipeline.php(219): Flasher\\Laravel\\Middleware\\FlasherMiddleware->handle()
#24 /home/skytech/ISP-BILLING-main/vendor/php-flasher/flasher-laravel/Middleware/SessionMiddleware.php(21): Illuminate\\Pipeline\\Pipeline->Illuminate\\Pipeline\\{closure}()
#25 /home/skytech/ISP-BILLING-main/vendor/laravel/framework/src/Illuminate/Pipeline/Pipeline.php(219): Flasher\\Laravel\\Middleware\\SessionMiddleware->handle()
#26 /home/skytech/ISP-BILLING-main/app/Http/Middleware/SetLocaleFromSession.php(42): Illuminate\\Pipeline\\Pipeline->Illuminate\\Pipeline\\{closure}()
#27 /home/skytech/ISP-BILLING-main/vendor/laravel/framework/src/Illuminate/Pipeline/Pipeline.php(219): App\\Http\\Middleware\\SetLocaleFromSession->handle()
#28 /home/skytech/ISP-BILLING-main/vendor/laravel/framework/src/Illuminate/Routing/Middleware/SubstituteBindings.php(50): Illuminate\\Pipeline\\Pipeline->Illuminate\\Pipeline\\{closure}()
#29 /home/skytech/ISP-BILLING-main/vendor/laravel/framework/src/Illuminate/Pipeline/Pipeline.php(219): Illuminate\\Routing\\Middleware\\SubstituteBindings->handle()
#30 /home/skytech/ISP-BILLING-main/vendor/laravel/framework/src/Illuminate/Session/Middleware/AuthenticateSession.php(70): Illuminate\\Pipeline\\Pipeline->Illuminate\\Pipeline\\{closure}()
#31 /home/skytech/ISP-BILLING-main/vendor/laravel/framework/src/Illuminate/Pipeline/Pipeline.php(219): Illuminate\\Session\\Middleware\\AuthenticateSession->handle()
#32 /home/skytech/ISP-BILLING-main/vendor/laravel/framework/src/Illuminate/Auth/Middleware/Authenticate.php(63): Illuminate\\Pipeline\\Pipeline->Illuminate\\Pipeline\\{closure}()
#33 /home/skytech/ISP-BILLING-main/vendor/laravel/framework/src/Illuminate/Pipeline/Pipeline.php(219): Illuminate\\Auth\\Middleware\\Authenticate->handle()
#34 /home/skytech/ISP-BILLING-main/vendor/laravel/framework/src/Illuminate/Foundation/Http/Middleware/VerifyCsrfToken.php(87): Illuminate\\Pipeline\\Pipeline->Illuminate\\Pipeline\\{closure}()
#35 /home/skytech/ISP-BILLING-main/vendor/laravel/framework/src/Illuminate/Pipeline/Pipeline.php(219): Illuminate\\Foundation\\Http\\Middleware\\VerifyCsrfToken->handle()
#36 /home/skytech/ISP-BILLING-main/vendor/laravel/framework/src/Illuminate/View/Middleware/ShareErrorsFromSession.php(48): Illuminate\\Pipeline\\Pipeline->Illuminate\\Pipeline\\{closure}()
#37 /home/skytech/ISP-BILLING-main/vendor/laravel/framework/src/Illuminate/Pipeline/Pipeline.php(219): Illuminate\\View\\Middleware\\ShareErrorsFromSession->handle()
#38 /home/skytech/ISP-BILLING-main/vendor/laravel/framework/src/Illuminate/Session/Middleware/StartSession.php(120): Illuminate\\Pipeline\\Pipeline->Illuminate\\Pipeline\\{closure}()
#39 /home/skytech/ISP-BILLING-main/vendor/laravel/framework/src/Illuminate/Session/Middleware/StartSession.php(63): Illuminate\\Session\\Middleware\\StartSession->handleStatefulRequest()
#40 /home/skytech/ISP-BILLING-main/vendor/laravel/framework/src/Illuminate/Pipeline/Pipeline.php(219): Illuminate\\Session\\Middleware\\StartSession->handle()
#41 /home/skytech/ISP-BILLING-main/vendor/laravel/framework/src/Illuminate/Cookie/Middleware/AddQueuedCookiesToResponse.php(36): Illuminate\\Pipeline\\Pipeline->Illuminate\\Pipeline\\{closure}()
#42 /home/skytech/ISP-BILLING-main/vendor/laravel/framework/src/Illuminate/Pipeline/Pipeline.php(219): Illuminate\\Cookie\\Middleware\\AddQueuedCookiesToResponse->handle()
#43 /home/skytech/ISP-BILLING-main/vendor/laravel/framework/src/Illuminate/Cookie/Middleware/EncryptCookies.php(74): Illuminate\\Pipeline\\Pipeline->Illuminate\\Pipeline\\{closure}()
#44 /home/skytech/ISP-BILLING-main/vendor/laravel/framework/src/Illuminate/Pipeline/Pipeline.php(219): Illuminate\\Cookie\\Middleware\\EncryptCookies->handle()
#45 /home/skytech/ISP-BILLING-main/vendor/laravel/framework/src/Illuminate/Pipeline/Pipeline.php(137): Illuminate\\Pipeline\\Pipeline->Illuminate\\Pipeline\\{closure}()
#46 /home/skytech/ISP-BILLING-main/vendor/laravel/framework/src/Illuminate/Routing/Router.php(821): Illuminate\\Pipeline\\Pipeline->then()
#47 /home/skytech/ISP-BILLING-main/vendor/laravel/framework/src/Illuminate/Routing/Router.php(800): Illuminate\\Routing\\Router->runRouteWithinStack()
#48 /home/skytech/ISP-BILLING-main/vendor/laravel/framework/src/Illuminate/Routing/Router.php(764): Illuminate\\Routing\\Router->runRoute()
#49 /home/skytech/ISP-BILLING-main/vendor/laravel/framework/src/Illuminate/Routing/Router.php(753): Illuminate\\Routing\\Router->dispatchToRoute()
#50 /home/skytech/ISP-BILLING-main/vendor/laravel/framework/src/Illuminate/Foundation/Http/Kernel.php(200): Illuminate\\Routing\\Router->dispatch()
#51 /home/skytech/ISP-BILLING-main/vendor/laravel/framework/src/Illuminate/Pipeline/Pipeline.php(180): Illuminate\\Foundation\\Http\\Kernel->Illuminate\\Foundation\\Http\\{closure}()
#52 /home/skytech/ISP-BILLING-main/vendor/livewire/livewire/src/Features/SupportDisablingBackButtonCache/DisableBackButtonCacheMiddleware.php(19): Illuminate\\Pipeline\\Pipeline->Illuminate\\Pipeline\\{closure}()
#53 /home/skytech/ISP-BILLING-main/vendor/laravel/framework/src/Illuminate/Pipeline/Pipeline.php(219): Livewire\\Features\\SupportDisablingBackButtonCache\\DisableBackButtonCacheMiddleware->handle()
#54 /home/skytech/ISP-BILLING-main/app/Http/Middleware/CheckSiteStatus.php(55): Illuminate\\Pipeline\\Pipeline->Illuminate\\Pipeline\\{closure}()
#55 /home/skytech/ISP-BILLING-main/vendor/laravel/framework/src/Illuminate/Pipeline/Pipeline.php(219): App\\Http\\Middleware\\CheckSiteStatus->handle()
#56 /home/skytech/ISP-BILLING-main/vendor/laravel/framework/src/Illuminate/Foundation/Http/Middleware/TransformsRequest.php(21): Illuminate\\Pipeline\\Pipeline->Illuminate\\Pipeline\\{closure}()
#57 /home/skytech/ISP-BILLING-main/vendor/laravel/framework/src/Illuminate/Foundation/Http/Middleware/ConvertEmptyStringsToNull.php(31): Illuminate\\Foundation\\Http\\Middleware\\TransformsRequest->handle()
#58 /home/skytech/ISP-BILLING-main/vendor/laravel/framework/src/Illuminate/Pipeline/Pipeline.php(219): Illuminate\\Foundation\\Http\\Middleware\\ConvertEmptyStringsToNull->handle()
#59 /home/skytech/ISP-BILLING-main/vendor/laravel/framework/src/Illuminate/Foundation/Http/Middleware/TransformsRequest.php(21): Illuminate\\Pipeline\\Pipeline->Illuminate\\Pipeline\\{closure}()
#60 /home/skytech/ISP-BILLING-main/vendor/laravel/framework/src/Illuminate/Foundation/Http/Middleware/TrimStrings.php(51): Illuminate\\Foundation\\Http\\Middleware\\TransformsRequest->handle()
#61 /home/skytech/ISP-BILLING-main/vendor/laravel/framework/src/Illuminate/Pipeline/Pipeline.php(219): Illuminate\\Foundation\\Http\\Middleware\\TrimStrings->handle()
#62 /home/skytech/ISP-BILLING-main/vendor/laravel/framework/src/Illuminate/Http/Middleware/ValidatePostSize.php(27): Illuminate\\Pipeline\\Pipeline->Illuminate\\Pipeline\\{closure}()
#63 /home/skytech/ISP-BILLING-main/vendor/laravel/framework/src/Illuminate/Pipeline/Pipeline.php(219): Illuminate\\Http\\Middleware\\ValidatePostSize->handle()
#64 /home/skytech/ISP-BILLING-main/vendor/laravel/framework/src/Illuminate/Foundation/Http/Middleware/PreventRequestsDuringMaintenance.php(109): Illuminate\\Pipeline\\Pipeline->Illuminate\\Pipeline\\{closure}()
#65 /home/skytech/ISP-BILLING-main/vendor/laravel/framework/src/Illuminate/Pipeline/Pipeline.php(219): Illuminate\\Foundation\\Http\\Middleware\\PreventRequestsDuringMaintenance->handle()
#66 /home/skytech/ISP-BILLING-main/vendor/laravel/framework/src/Illuminate/Http/Middleware/HandleCors.php(61): Illuminate\\Pipeline\\Pipeline->Illuminate\\Pipeline\\{closure}()
#67 /home/skytech/ISP-BILLING-main/vendor/laravel/framework/src/Illuminate/Pipeline/Pipeline.php(219): Illuminate\\Http\\Middleware\\HandleCors->handle()
#68 /home/skytech/ISP-BILLING-main/vendor/laravel/framework/src/Illuminate/Http/Middleware/TrustProxies.php(58): Illuminate\\Pipeline\\Pipeline->Illuminate\\Pipeline\\{closure}()
#69 /home/skytech/ISP-BILLING-main/vendor/laravel/framework/src/Illuminate/Pipeline/Pipeline.php(219): Illuminate\\Http\\Middleware\\TrustProxies->handle()
#70 /home/skytech/ISP-BILLING-main/vendor/laravel/framework/src/Illuminate/Foundation/Http/Middleware/InvokeDeferredCallbacks.php(22): Illuminate\\Pipeline\\Pipeline->Illuminate\\Pipeline\\{closure}()
#71 /home/skytech/ISP-BILLING-main/vendor/laravel/framework/src/Illuminate/Pipeline/Pipeline.php(219): Illuminate\\Foundation\\Http\\Middleware\\InvokeDeferredCallbacks->handle()
#72 /home/skytech/ISP-BILLING-main/vendor/laravel/framework/src/Illuminate/Http/Middleware/ValidatePathEncoding.php(26): Illuminate\\Pipeline\\Pipeline->Illuminate\\Pipeline\\{closure}()
#73 /home/skytech/ISP-BILLING-main/vendor/laravel/framework/src/Illuminate/Pipeline/Pipeline.php(219): Illuminate\\Http\\Middleware\\ValidatePathEncoding->handle()
#74 /home/skytech/ISP-BILLING-main/vendor/laravel/framework/src/Illuminate/Pipeline/Pipeline.php(137): Illuminate\\Pipeline\\Pipeline->Illuminate\\Pipeline\\{closure}()
#75 /home/skytech/ISP-BILLING-main/vendor/laravel/framework/src/Illuminate/Foundation/Http/Kernel.php(175): Illuminate\\Pipeline\\Pipeline->then()
#76 /home/skytech/ISP-BILLING-main/vendor/laravel/framework/src/Illuminate/Foundation/Http/Kernel.php(144): Illuminate\\Foundation\\Http\\Kernel->sendRequestThroughRouter()
#77 /home/skytech/ISP-BILLING-main/vendor/laravel/framework/src/Illuminate/Foundation/Application.php(1220): Illuminate\\Foundation\\Http\\Kernel->handle()
#78 /home/skytech/ISP-BILLING-main/public/index.php(20): Illuminate\\Foundation\\Application->handleRequest()
#79 {main}

[previous exception] [object] (ErrorException(code: 0): Undefined variable $availableRoles at /home/skytech/ISP-BILLING-main/storage/framework/views/b717d64fd9a0d72c4743c21b519a92bb.php:155)
[stacktrace]
#0 /home/skytech/ISP-BILLING-main/vendor/laravel/framework/src/Illuminate/Foundation/Bootstrap/HandleExceptions.php(262): Illuminate\\Foundation\\Bootstrap\\HandleExceptions->handleError()
#1 /home/skytech/ISP-BILLING-main/storage/framework/views/b717d64fd9a0d72c4743c21b519a92bb.php(155): Illuminate\\Foundation\\Bootstrap\\HandleExceptions->Illuminate\\Foundation\\Bootstrap\\{closure}()
#2 /home/skytech/ISP-BILLING-main/vendor/laravel/framework/src/Illuminate/Filesystem/Filesystem.php(123): require('...')
#3 /home/skytech/ISP-BILLING-main/vendor/laravel/framework/src/Illuminate/Filesystem/Filesystem.php(124): Illuminate\\Filesystem\\Filesystem::Illuminate\\Filesystem\\{closure}()
#4 /home/skytech/ISP-BILLING-main/vendor/laravel/framework/src/Illuminate/View/Engines/PhpEngine.php(57): Illuminate\\Filesystem\\Filesystem->getRequire()
#5 /home/skytech/ISP-BILLING-main/vendor/livewire/livewire/src/Mechanisms/ExtendBlade/ExtendedCompilerEngine.php(22): Illuminate\\View\\Engines\\PhpEngine->evaluatePath()
#6 /home/skytech/ISP-BILLING-main/vendor/laravel/framework/src/Illuminate/View/Engines/CompilerEngine.php(76): Livewire\\Mechanisms\\ExtendBlade\\ExtendedCompilerEngine->evaluatePath()
#7 /home/skytech/ISP-BILLING-main/vendor/livewire/livewire/src/Mechanisms/ExtendBlade/ExtendedCompilerEngine.php(10): Illuminate\\View\\Engines\\CompilerEngine->get()
#8 /home/skytech/ISP-BILLING-main/vendor/laravel/framework/src/Illuminate/View/View.php(208): Livewire\\Mechanisms\\ExtendBlade\\ExtendedCompilerEngine->get()
#9 /home/skytech/ISP-BILLING-main/vendor/laravel/framework/src/Illuminate/View/View.php(191): Illuminate\\View\\View->getContents()
#10 /home/skytech/ISP-BILLING-main/vendor/laravel/framework/src/Illuminate/View/View.php(160): Illuminate\\View\\View->renderContents()
#11 /home/skytech/ISP-BILLING-main/vendor/laravel/framework/src/Illuminate/Http/Response.php(78): Illuminate\\View\\View->render()
#12 /home/skytech/ISP-BILLING-main/vendor/laravel/framework/src/Illuminate/Http/Response.php(34): Illuminate\\Http\\Response->setContent()
#13 /home/skytech/ISP-BILLING-main/vendor/laravel/framework/src/Illuminate/Routing/Router.php(939): Illuminate\\Http\\Response->__construct()
#14 /home/skytech/ISP-BILLING-main/vendor/laravel/framework/src/Illuminate/Routing/Router.php(906): Illuminate\\Routing\\Router::toResponse()
#15 /home/skytech/ISP-BILLING-main/vendor/laravel/framework/src/Illuminate/Routing/Router.php(821): Illuminate\\Routing\\Router->prepareResponse()
#16 /home/skytech/ISP-BILLING-main/vendor/laravel/framework/src/Illuminate/Pipeline/Pipeline.php(180): Illuminate\\Routing\\Router->Illuminate\\Routing\\{closure}()
#17 /home/skytech/ISP-BILLING-main/app/Http/Middleware/RestrictHotelUserPortal.php(45): Illuminate\\Pipeline\\Pipeline->Illuminate\\Pipeline\\{closure}()
#18 /home/skytech/ISP-BILLING-main/vendor/laravel/framework/src/Illuminate/Pipeline/Pipeline.php(219): App\\Http\\Middleware\\RestrictHotelUserPortal->handle()
#19 /home/skytech/ISP-BILLING-main/app/Http/Middleware/ForcePortalPasswordChange.php(13): Illuminate\\Pipeline\\Pipeline->Illuminate\\Pipeline\\{closure}()
#20 /home/skytech/ISP-BILLING-main/vendor/laravel/framework/src/Illuminate/Pipeline/Pipeline.php(219): App\\Http\\Middleware\\ForcePortalPasswordChange->handle()
#21 /home/skytech/ISP-BILLING-main/app/Http/Middleware/RestrictToProfileIfNoPermissions.php(61): Illuminate\\Pipeline\\Pipeline->Illuminate\\Pipeline\\{closure}()
#22 /home/skytech/ISP-BILLING-main/vendor/laravel/framework/src/Illuminate/Pipeline/Pipeline.php(219): App\\Http\\Middleware\\RestrictToProfileIfNoPermissions->handle()
#23 /home/skytech/ISP-BILLING-main/vendor/laravel/framework/src/Illuminate/Auth/Middleware/EnsureEmailIsVerified.php(41): Illuminate\\Pipeline\\Pipeline->Illuminate\\Pipeline\\{closure}()
#24 /home/skytech/ISP-BILLING-main/vendor/laravel/framework/src/Illuminate/Pipeline/Pipeline.php(219): Illuminate\\Auth\\Middleware\\EnsureEmailIsVerified->handle()
#25 /home/skytech/ISP-BILLING-main/vendor/php-flasher/flasher-laravel/Middleware/FlasherMiddleware.php(21): Illuminate\\Pipeline\\Pipeline->Illuminate\\Pipeline\\{closure}()
#26 /home/skytech/ISP-BILLING-main/vendor/laravel/framework/src/Illuminate/Pipeline/Pipeline.php(219): Flasher\\Laravel\\Middleware\\FlasherMiddleware->handle()
#27 /home/skytech/ISP-BILLING-main/vendor/php-flasher/flasher-laravel/Middleware/SessionMiddleware.php(21): Illuminate\\Pipeline\\Pipeline->Illuminate\\Pipeline\\{closure}()
#28 /home/skytech/ISP-BILLING-main/vendor/laravel/framework/src/Illuminate/Pipeline/Pipeline.php(219): Flasher\\Laravel\\Middleware\\SessionMiddleware->handle()
#29 /home/skytech/ISP-BILLING-main/app/Http/Middleware/SetLocaleFromSession.php(42): Illuminate\\Pipeline\\Pipeline->Illuminate\\Pipeline\\{closure}()
#30 /home/skytech/ISP-BILLING-main/vendor/laravel/framework/src/Illuminate/Pipeline/Pipeline.php(219): App\\Http\\Middleware\\SetLocaleFromSession->handle()
#31 /home/skytech/ISP-BILLING-main/vendor/laravel/framework/src/Illuminate/Routing/Middleware/SubstituteBindings.php(50): Illuminate\\Pipeline\\Pipeline->Illuminate\\Pipeline\\{closure}()
#32 /home/skytech/ISP-BILLING-main/vendor/laravel/framework/src/Illuminate/Pipeline/Pipeline.php(219): Illuminate\\Routing\\Middleware\\SubstituteBindings->handle()
#33 /home/skytech/ISP-BILLING-main/vendor/laravel/framework/src/Illuminate/Session/Middleware/AuthenticateSession.php(70): Illuminate\\Pipeline\\Pipeline->Illuminate\\Pipeline\\{closure}()
#34 /home/skytech/ISP-BILLING-main/vendor/laravel/framework/src/Illuminate/Pipeline/Pipeline.php(219): Illuminate\\Session\\Middleware\\AuthenticateSession->handle()
#35 /home/skytech/ISP-BILLING-main/vendor/laravel/framework/src/Illuminate/Auth/Middleware/Authenticate.php(63): Illuminate\\Pipeline\\Pipeline->Illuminate\\Pipeline\\{closure}()
#36 /home/skytech/ISP-BILLING-main/vendor/laravel/framework/src/Illuminate/Pipeline/Pipeline.php(219): Illuminate\\Auth\\Middleware\\Authenticate->handle()
#37 /home/skytech/ISP-BILLING-main/vendor/laravel/framework/src/Illuminate/Foundation/Http/Middleware/VerifyCsrfToken.php(87): Illuminate\\Pipeline\\Pipeline->Illuminate\\Pipeline\\{closure}()
#38 /home/skytech/ISP-BILLING-main/vendor/laravel/framework/src/Illuminate/Pipeline/Pipeline.php(219): Illuminate\\Foundation\\Http\\Middleware\\VerifyCsrfToken->handle()
#39 /home/skytech/ISP-BILLING-main/vendor/laravel/framework/src/Illuminate/View/Middleware/ShareErrorsFromSession.php(48): Illuminate\\Pipeline\\Pipeline->Illuminate\\Pipeline\\{closure}()
#40 /home/skytech/ISP-BILLING-main/vendor/laravel/framework/src/Illuminate/Pipeline/Pipeline.php(219): Illuminate\\View\\Middleware\\ShareErrorsFromSession->handle()
#41 /home/skytech/ISP-BILLING-main/vendor/laravel/framework/src/Illuminate/Session/Middleware/StartSession.php(120): Illuminate\\Pipeline\\Pipeline->Illuminate\\Pipeline\\{closure}()
#42 /home/skytech/ISP-BILLING-main/vendor/laravel/framework/src/Illuminate/Session/Middleware/StartSession.php(63): Illuminate\\Session\\Middleware\\StartSession->handleStatefulRequest()
#43 /home/skytech/ISP-BILLING-main/vendor/laravel/framework/src/Illuminate/Pipeline/Pipeline.php(219): Illuminate\\Session\\Middleware\\StartSession->handle()
#44 /home/skytech/ISP-BILLING-main/vendor/laravel/framework/src/Illuminate/Cookie/Middleware/AddQueuedCookiesToResponse.php(36): Illuminate\\Pipeline\\Pipeline->Illuminate\\Pipeline\\{closure}()
#45 /home/skytech/ISP-BILLING-main/vendor/laravel/framework/src/Illuminate/Pipeline/Pipeline.php(219): Illuminate\\Cookie\\Middleware\\AddQueuedCookiesToResponse->handle()
#46 /home/skytech/ISP-BILLING-main/vendor/laravel/framework/src/Illuminate/Cookie/Middleware/EncryptCookies.php(74): Illuminate\\Pipeline\\Pipeline->Illuminate\\Pipeline\\{closure}()
#47 /home/skytech/ISP-BILLING-main/vendor/laravel/framework/src/Illuminate/Pipeline/Pipeline.php(219): Illuminate\\Cookie\\Middleware\\EncryptCookies->handle()
#48 /home/skytech/ISP-BILLING-main/vendor/laravel/framework/src/Illuminate/Pipeline/Pipeline.php(137): Illuminate\\Pipeline\\Pipeline->Illuminate\\Pipeline\\{closure}()
#49 /home/skytech/ISP-BILLING-main/vendor/laravel/framework/src/Illuminate/Routing/Router.php(821): Illuminate\\Pipeline\\Pipeline->then()
#50 /home/skytech/ISP-BILLING-main/vendor/laravel/framework/src/Illuminate/Routing/Router.php(800): Illuminate\\Routing\\Router->runRouteWithinStack()
#51 /home/skytech/ISP-BILLING-main/vendor/laravel/framework/src/Illuminate/Routing/Router.php(764): Illuminate\\Routing\\Router->runRoute()
#52 /home/skytech/ISP-BILLING-main/vendor/laravel/framework/src/Illuminate/Routing/Router.php(753): Illuminate\\Routing\\Router->dispatchToRoute()
#53 /home/skytech/ISP-BILLING-main/vendor/laravel/framework/src/Illuminate/Foundation/Http/Kernel.php(200): Illuminate\\Routing\\Router->dispatch()
#54 /home/skytech/ISP-BILLING-main/vendor/laravel/framework/src/Illuminate/Pipeline/Pipeline.php(180): Illuminate\\Foundation\\Http\\Kernel->Illuminate\\Foundation\\Http\\{closure}()
#55 /home/skytech/ISP-BILLING-main/vendor/livewire/livewire/src/Features/SupportDisablingBackButtonCache/DisableBackButtonCacheMiddleware.php(19): Illuminate\\Pipeline\\Pipeline->Illuminate\\Pipeline\\{closure}()
#56 /home/skytech/ISP-BILLING-main/vendor/laravel/framework/src/Illuminate/Pipeline/Pipeline.php(219): Livewire\\Features\\SupportDisablingBackButtonCache\\DisableBackButtonCacheMiddleware->handle()
#57 /home/skytech/ISP-BILLING-main/app/Http/Middleware/CheckSiteStatus.php(55): Illuminate\\Pipeline\\Pipeline->Illuminate\\Pipeline\\{closure}()
#58 /home/skytech/ISP-BILLING-main/vendor/laravel/framework/src/Illuminate/Pipeline/Pipeline.php(219): App\\Http\\Middleware\\CheckSiteStatus->handle()
#59 /home/skytech/ISP-BILLING-main/vendor/laravel/framework/src/Illuminate/Foundation/Http/Middleware/TransformsRequest.php(21): Illuminate\\Pipeline\\Pipeline->Illuminate\\Pipeline\\{closure}()
#60 /home/skytech/ISP-BILLING-main/vendor/laravel/framework/src/Illuminate/Foundation/Http/Middleware/ConvertEmptyStringsToNull.php(31): Illuminate\\Foundation\\Http\\Middleware\\TransformsRequest->handle()
#61 /home/skytech/ISP-BILLING-main/vendor/laravel/framework/src/Illuminate/Pipeline/Pipeline.php(219): Illuminate\\Foundation\\Http\\Middleware\\ConvertEmptyStringsToNull->handle()
#62 /home/skytech/ISP-BILLING-main/vendor/laravel/framework/src/Illuminate/Foundation/Http/Middleware/TransformsRequest.php(21): Illuminate\\Pipeline\\Pipeline->Illuminate\\Pipeline\\{closure}()
#63 /home/skytech/ISP-BILLING-main/vendor/laravel/framework/src/Illuminate/Foundation/Http/Middleware/TrimStrings.php(51): Illuminate\\Foundation\\Http\\Middleware\\TransformsRequest->handle()
#64 /home/skytech/ISP-BILLING-main/vendor/laravel/framework/src/Illuminate/Pipeline/Pipeline.php(219): Illuminate\\Foundation\\Http\\Middleware\\TrimStrings->handle()
#65 /home/skytech/ISP-BILLING-main/vendor/laravel/framework/src/Illuminate/Http/Middleware/ValidatePostSize.php(27): Illuminate\\Pipeline\\Pipeline->Illuminate\\Pipeline\\{closure}()
#66 /home/skytech/ISP-BILLING-main/vendor/laravel/framework/src/Illuminate/Pipeline/Pipeline.php(219): Illuminate\\Http\\Middleware\\ValidatePostSize->handle()
#67 /home/skytech/ISP-BILLING-main/vendor/laravel/framework/src/Illuminate/Foundation/Http/Middleware/PreventRequestsDuringMaintenance.php(109): Illuminate\\Pipeline\\Pipeline->Illuminate\\Pipeline\\{closure}()
#68 /home/skytech/ISP-BILLING-main/vendor/laravel/framework/src/Illuminate/Pipeline/Pipeline.php(219): Illuminate\\Foundation\\Http\\Middleware\\PreventRequestsDuringMaintenance->handle()
#69 /home/skytech/ISP-BILLING-main/vendor/laravel/framework/src/Illuminate/Http/Middleware/HandleCors.php(61): Illuminate\\Pipeline\\Pipeline->Illuminate\\Pipeline\\{closure}()
#70 /home/skytech/ISP-BILLING-main/vendor/laravel/framework/src/Illuminate/Pipeline/Pipeline.php(219): Illuminate\\Http\\Middleware\\HandleCors->handle()
#71 /home/skytech/ISP-BILLING-main/vendor/laravel/framework/src/Illuminate/Http/Middleware/TrustProxies.php(58): Illuminate\\Pipeline\\Pipeline->Illuminate\\Pipeline\\{closure}()
#72 /home/skytech/ISP-BILLING-main/vendor/laravel/framework/src/Illuminate/Pipeline/Pipeline.php(219): Illuminate\\Http\\Middleware\\TrustProxies->handle()
#73 /home/skytech/ISP-BILLING-main/vendor/laravel/framework/src/Illuminate/Foundation/Http/Middleware/InvokeDeferredCallbacks.php(22): Illuminate\\Pipeline\\Pipeline->Illuminate\\Pipeline\\{closure}()
#74 /home/skytech/ISP-BILLING-main/vendor/laravel/framework/src/Illuminate/Pipeline/Pipeline.php(219): Illuminate\\Foundation\\Http\\Middleware\\InvokeDeferredCallbacks->handle()
#75 /home/skytech/ISP-BILLING-main/vendor/laravel/framework/src/Illuminate/Http/Middleware/ValidatePathEncoding.php(26): Illuminate\\Pipeline\\Pipeline->Illuminate\\Pipeline\\{closure}()
#76 /home/skytech/ISP-BILLING-main/vendor/laravel/framework/src/Illuminate/Pipeline/Pipeline.php(219): Illuminate\\Http\\Middleware\\ValidatePathEncoding->handle()
#77 /home/skytech/ISP-BILLING-main/vendor/laravel/framework/src/Illuminate/Pipeline/Pipeline.php(137): Illuminate\\Pipeline\\Pipeline->Illuminate\\Pipeline\\{closure}()
#78 /home/skytech/ISP-BILLING-main/vendor/laravel/framework/src/Illuminate/Foundation/Http/Kernel.php(175): Illuminate\\Pipeline\\Pipeline->then()
#79 /home/skytech/ISP-BILLING-main/vendor/laravel/framework/src/Illuminate/Foundation/Http/Kernel.php(144): Illuminate\\Foundation\\Http\\Kernel->sendRequestThroughRouter()
#80 /home/skytech/ISP-BILLING-main/vendor/laravel/framework/src/Illuminate/Foundation/Application.php(1220): Illuminate\\Foundation\\Http\\Kernel->handle()
#81 /home/skytech/ISP-BILLING-main/public/index.php(20): Illuminate\\Foundation\\Application->handleRequest()
#82 {main}
"} 
[2026-09-25 14:10:22] production.ERROR: Undefined variable $assignedAdditionalRoles (View: /home/skytech/ISP-BILLING-main/resources/views/admin/resellers/edit.blade.php) {"userId":1,"exception":"[object] (Illuminate\\View\\ViewException(code: 0): Undefined variable $assignedAdditionalRoles (View: /home/skytech/ISP-BILLING-main/resources/views/admin/resellers/edit.blade.php) at /home/skytech/ISP-BILLING-main/storage/framework/views/b717d64fd9a0d72c4743c21b519a92bb.php:157)
[stacktrace]
#0 /home/skytech/ISP-BILLING-main/vendor/livewire/livewire/src/Mechanisms/ExtendBlade/ExtendedCompilerEngine.php(58): Illuminate\\View\\Engines\\CompilerEngine->handleViewException()
#1 /home/skytech/ISP-BILLING-main/vendor/laravel/framework/src/Illuminate/View/Engines/PhpEngine.php(59): Livewire\\Mechanisms\\ExtendBlade\\ExtendedCompilerEngine->handleViewException()
#2 /home/skytech/ISP-BILLING-main/vendor/livewire/livewire/src/Mechanisms/ExtendBlade/ExtendedCompilerEngine.php(22): Illuminate\\View\\Engines\\PhpEngine->evaluatePath()
#3 /home/skytech/ISP-BILLING-main/vendor/laravel/framework/src/Illuminate/View/Engines/CompilerEngine.php(76): Livewire\\Mechanisms\\ExtendBlade\\ExtendedCompilerEngine->evaluatePath()
#4 /home/skytech/ISP-BILLING-main/vendor/livewire/livewire/src/Mechanisms/ExtendBlade/ExtendedCompilerEngine.php(10): Illuminate\\View\\Engines\\CompilerEngine->get()
#5 /home/skytech/ISP-BILLING-main/vendor/laravel/framework/src/Illuminate/View/View.php(208): Livewire\\Mechanisms\\ExtendBlade\\ExtendedCompilerEngine->get()
#6 /home/skytech/ISP-BILLING-main/vendor/laravel/framework/src/Illuminate/View/View.php(191): Illuminate\\View\\View->getContents()
#7 /home/skytech/ISP-BILLING-main/vendor/laravel/framework/src/Illuminate/View/View.php(160): Illuminate\\View\\View->renderContents()
#8 /home/skytech/ISP-BILLING-main/vendor/laravel/framework/src/Illuminate/Http/Response.php(78): Illuminate\\View\\View->render()
#9 /home/skytech/ISP-BILLING-main/vendor/laravel/framework/src/Illuminate/Http/Response.php(34): Illuminate\\Http\\Response->setContent()
#10 /home/skytech/ISP-BILLING-main/vendor/laravel/framework/src/Illuminate/Routing/Router.php(939): Illuminate\\Http\\Response->__construct()
#11 /home/skytech/ISP-BILLING-main/vendor/laravel/framework/src/Illuminate/Routing/Router.php(906): Illuminate\\Routing\\Router::toResponse()
#12 /home/skytech/ISP-BILLING-main/vendor/laravel/framework/src/Illuminate/Routing/Router.php(821): Illuminate\\Routing\\Router->prepareResponse()
#13 /home/skytech/ISP-BILLING-main/vendor/laravel/framework/src/Illuminate/Pipeline/Pipeline.php(180): Illuminate\\Routing\\Router->Illuminate\\Routing\\{closure}()
#14 /home/skytech/ISP-BILLING-main/app/Http/Middleware/RestrictHotelUserPortal.php(45): Illuminate\\Pipeline\\Pipeline->Illuminate\\Pipeline\\{closure}()
#15 /home/skytech/ISP-BILLING-main/vendor/laravel/framework/src/Illuminate/Pipeline/Pipeline.php(219): App\\Http\\Middleware\\RestrictHotelUserPortal->handle()
#16 /home/skytech/ISP-BILLING-main/app/Http/Middleware/ForcePortalPasswordChange.php(13): Illuminate\\Pipeline\\Pipeline->Illuminate\\Pipeline\\{closure}()
#17 /home/skytech/ISP-BILLING-main/vendor/laravel/framework/src/Illuminate/Pipeline/Pipeline.php(219): App\\Http\\Middleware\\ForcePortalPasswordChange->handle()
#18 /home/skytech/ISP-BILLING-main/app/Http/Middleware/RestrictToProfileIfNoPermissions.php(61): Illuminate\\Pipeline\\Pipeline->Illuminate\\Pipeline\\{closure}()
#19 /home/skytech/ISP-BILLING-main/vendor/laravel/framework/src/Illuminate/Pipeline/Pipeline.php(219): App\\Http\\Middleware\\RestrictToProfileIfNoPermissions->handle()
#20 /home/skytech/ISP-BILLING-main/vendor/laravel/framework/src/Illuminate/Auth/Middleware/EnsureEmailIsVerified.php(41): Illuminate\\Pipeline\\Pipeline->Illuminate\\Pipeline\\{closure}()
#21 /home/skytech/ISP-BILLING-main/vendor/laravel/framework/src/Illuminate/Pipeline/Pipeline.php(219): Illuminate\\Auth\\Middleware\\EnsureEmailIsVerified->handle()
#22 /home/skytech/ISP-BILLING-main/vendor/php-flasher/flasher-laravel/Middleware/FlasherMiddleware.php(21): Illuminate\\Pipeline\\Pipeline->Illuminate\\Pipeline\\{closure}()
#23 /home/skytech/ISP-BILLING-main/vendor/laravel/framework/src/Illuminate/Pipeline/Pipeline.php(219): Flasher\\Laravel\\Middleware\\FlasherMiddleware->handle()
#24 /home/skytech/ISP-BILLING-main/vendor/php-flasher/flasher-laravel/Middleware/SessionMiddleware.php(21): Illuminate\\Pipeline\\Pipeline->Illuminate\\Pipeline\\{closure}()
#25 /home/skytech/ISP-BILLING-main/vendor/laravel/framework/src/Illuminate/Pipeline/Pipeline.php(219): Flasher\\Laravel\\Middleware\\SessionMiddleware->handle()
#26 /home/skytech/ISP-BILLING-main/app/Http/Middleware/SetLocaleFromSession.php(42): Illuminate\\Pipeline\\Pipeline->Illuminate\\Pipeline\\{closure}()
#27 /home/skytech/ISP-BILLING-main/vendor/laravel/framework/src/Illuminate/Pipeline/Pipeline.php(219): App\\Http\\Middleware\\SetLocaleFromSession->handle()
#28 /home/skytech/ISP-BILLING-main/vendor/laravel/framework/src/Illuminate/Routing/Middleware/SubstituteBindings.php(50): Illuminate\\Pipeline\\Pipeline->Illuminate\\Pipeline\\{closure}()
#29 /home/skytech/ISP-BILLING-main/vendor/laravel/framework/src/Illuminate/Pipeline/Pipeline.php(219): Illuminate\\Routing\\Middleware\\SubstituteBindings->handle()
#30 /home/skytech/ISP-BILLING-main/vendor/laravel/framework/src/Illuminate/Session/Middleware/AuthenticateSession.php(70): Illuminate\\Pipeline\\Pipeline->Illuminate\\Pipeline\\{closure}()
#31 /home/skytech/ISP-BILLING-main/vendor/laravel/framework/src/Illuminate/Pipeline/Pipeline.php(219): Illuminate\\Session\\Middleware\\AuthenticateSession->handle()
#32 /home/skytech/ISP-BILLING-main/vendor/laravel/framework/src/Illuminate/Auth/Middleware/Authenticate.php(63): Illuminate\\Pipeline\\Pipeline->Illuminate\\Pipeline\\{closure}()
#33 /home/skytech/ISP-BILLING-main/vendor/laravel/framework/src/Illuminate/Pipeline/Pipeline.php(219): Illuminate\\Auth\\Middleware\\Authenticate->handle()
#34 /home/skytech/ISP-BILLING-main/vendor/laravel/framework/src/Illuminate/Foundation/Http/Middleware/VerifyCsrfToken.php(87): Illuminate\\Pipeline\\Pipeline->Illuminate\\Pipeline\\{closure}()
#35 /home/skytech/ISP-BILLING-main/vendor/laravel/framework/src/Illuminate/Pipeline/Pipeline.php(219): Illuminate\\Foundation\\Http\\Middleware\\VerifyCsrfToken->handle()
#36 /home/skytech/ISP-BILLING-main/vendor/laravel/framework/src/Illuminate/View/Middleware/ShareErrorsFromSession.php(48): Illuminate\\Pipeline\\Pipeline->Illuminate\\Pipeline\\{closure}()
#37 /home/skytech/ISP-BILLING-main/vendor/laravel/framework/src/Illuminate/Pipeline/Pipeline.php(219): Illuminate\\View\\Middleware\\ShareErrorsFromSession->handle()
#38 /home/skytech/ISP-BILLING-main/vendor/laravel/framework/src/Illuminate/Session/Middleware/StartSession.php(120): Illuminate\\Pipeline\\Pipeline->Illuminate\\Pipeline\\{closure}()
#39 /home/skytech/ISP-BILLING-main/vendor/laravel/framework/src/Illuminate/Session/Middleware/StartSession.php(63): Illuminate\\Session\\Middleware\\StartSession->handleStatefulRequest()
#40 /home/skytech/ISP-BILLING-main/vendor/laravel/framework/src/Illuminate/Pipeline/Pipeline.php(219): Illuminate\\Session\\Middleware\\StartSession->handle()
#41 /home/skytech/ISP-BILLING-main/vendor/laravel/framework/src/Illuminate/Cookie/Middleware/AddQueuedCookiesToResponse.php(36): Illuminate\\Pipeline\\Pipeline->Illuminate\\Pipeline\\{closure}()
#42 /home/skytech/ISP-BILLING-main/vendor/laravel/framework/src/Illuminate/Pipeline/Pipeline.php(219): Illuminate\\Cookie\\Middleware\\AddQueuedCookiesToResponse->handle()
#43 /home/skytech/ISP-BILLING-main/vendor/laravel/framework/src/Illuminate/Cookie/Middleware/EncryptCookies.php(74): Illuminate\\Pipeline\\Pipeline->Illuminate\\Pipeline\\{closure}()
#44 /home/skytech/ISP-BILLING-main/vendor/laravel/framework/src/Illuminate/Pipeline/Pipeline.php(219): Illuminate\\Cookie\\Middleware\\EncryptCookies->handle()
#45 /home/skytech/ISP-BILLING-main/vendor/laravel/framework/src/Illuminate/Pipeline/Pipeline.php(137): Illuminate\\Pipeline\\Pipeline->Illuminate\\Pipeline\\{closure}()
#46 /home/skytech/ISP-BILLING-main/vendor/laravel/framework/src/Illuminate/Routing/Router.php(821): Illuminate\\Pipeline\\Pipeline->then()
#47 /home/skytech/ISP-BILLING-main/vendor/laravel/framework/src/Illuminate/Routing/Router.php(800): Illuminate\\Routing\\Router->runRouteWithinStack()
#48 /home/skytech/ISP-BILLING-main/vendor/laravel/framework/src/Illuminate/Routing/Router.php(764): Illuminate\\Routing\\Router->runRoute()
#49 /home/skytech/ISP-BILLING-main/vendor/laravel/framework/src/Illuminate/Routing/Router.php(753): Illuminate\\Routing\\Router->dispatchToRoute()
#50 /home/skytech/ISP-BILLING-main/vendor/laravel/framework/src/Illuminate/Foundation/Http/Kernel.php(200): Illuminate\\Routing\\Router->dispatch()
#51 /home/skytech/ISP-BILLING-main/vendor/laravel/framework/src/Illuminate/Pipeline/Pipeline.php(180): Illuminate\\Foundation\\Http\\Kernel->Illuminate\\Foundation\\Http\\{closure}()
#52 /home/skytech/ISP-BILLING-main/vendor/livewire/livewire/src/Features/SupportDisablingBackButtonCache/DisableBackButtonCacheMiddleware.php(19): Illuminate\\Pipeline\\Pipeline->Illuminate\\Pipeline\\{closure}()
#53 /home/skytech/ISP-BILLING-main/vendor/laravel/framework/src/Illuminate/Pipeline/Pipeline.php(219): Livewire\\Features\\SupportDisablingBackButtonCache\\DisableBackButtonCacheMiddleware->handle()
#54 /home/skytech/ISP-BILLING-main/app/Http/Middleware/CheckSiteStatus.php(55): Illuminate\\Pipeline\\Pipeline->Illuminate\\Pipeline\\{closure}()
#55 /home/skytech/ISP-BILLING-main/vendor/laravel/framework/src/Illuminate/Pipeline/Pipeline.php(219): App\\Http\\Middleware\\CheckSiteStatus->handle()
#56 /home/skytech/ISP-BILLING-main/vendor/laravel/framework/src/Illuminate/Foundation/Http/Middleware/TransformsRequest.php(21): Illuminate\\Pipeline\\Pipeline->Illuminate\\Pipeline\\{closure}()
#57 /home/skytech/ISP-BILLING-main/vendor/laravel/framework/src/Illuminate/Foundation/Http/Middleware/ConvertEmptyStringsToNull.php(31): Illuminate\\Foundation\\Http\\Middleware\\TransformsRequest->handle()
#58 /home/skytech/ISP-BILLING-main/vendor/laravel/framework/src/Illuminate/Pipeline/Pipeline.php(219): Illuminate\\Foundation\\Http\\Middleware\\ConvertEmptyStringsToNull->handle()
#59 /home/skytech/ISP-BILLING-main/vendor/laravel/framework/src/Illuminate/Foundation/Http/Middleware/TransformsRequest.php(21): Illuminate\\Pipeline\\Pipeline->Illuminate\\Pipeline\\{closure}()
#60 /home/skytech/ISP-BILLING-main/vendor/laravel/framework/src/Illuminate/Foundation/Http/Middleware/TrimStrings.php(51): Illuminate\\Foundation\\Http\\Middleware\\TransformsRequest->handle()
#61 /home/skytech/ISP-BILLING-main/vendor/laravel/framework/src/Illuminate/Pipeline/Pipeline.php(219): Illuminate\\Foundation\\Http\\Middleware\\TrimStrings->handle()
#62 /home/skytech/ISP-BILLING-main/vendor/laravel/framework/src/Illuminate/Http/Middleware/ValidatePostSize.php(27): Illuminate\\Pipeline\\Pipeline->Illuminate\\Pipeline\\{closure}()
#63 /home/skytech/ISP-BILLING-main/vendor/laravel/framework/src/Illuminate/Pipeline/Pipeline.php(219): Illuminate\\Http\\Middleware\\ValidatePostSize->handle()
#64 /home/skytech/ISP-BILLING-main/vendor/laravel/framework/src/Illuminate/Foundation/Http/Middleware/PreventRequestsDuringMaintenance.php(109): Illuminate\\Pipeline\\Pipeline->Illuminate\\Pipeline\\{closure}()
#65 /home/skytech/ISP-BILLING-main/vendor/laravel/framework/src/Illuminate/Pipeline/Pipeline.php(219): Illuminate\\Foundation\\Http\\Middleware\\PreventRequestsDuringMaintenance->handle()
#66 /home/skytech/ISP-BILLING-main/vendor/laravel/framework/src/Illuminate/Http/Middleware/HandleCors.php(61): Illuminate\\Pipeline\\Pipeline->Illuminate\\Pipeline\\{closure}()
#67 /home/skytech/ISP-BILLING-main/vendor/laravel/framework/src/Illuminate/Pipeline/Pipeline.php(219): Illuminate\\Http\\Middleware\\HandleCors->handle()
#68 /home/skytech/ISP-BILLING-main/vendor/laravel/framework/src/Illuminate/Http/Middleware/TrustProxies.php(58): Illuminate\\Pipeline\\Pipeline->Illuminate\\Pipeline\\{closure}()
#69 /home/skytech/ISP-BILLING-main/vendor/laravel/framework/src/Illuminate/Pipeline/Pipeline.php(219): Illuminate\\Http\\Middleware\\TrustProxies->handle()
#70 /home/skytech/ISP-BILLING-main/vendor/laravel/framework/src/Illuminate/Foundation/Http/Middleware/InvokeDeferredCallbacks.php(22): Illuminate\\Pipeline\\Pipeline->Illuminate\\Pipeline\\{closure}()
#71 /home/skytech/ISP-BILLING-main/vendor/laravel/framework/src/Illuminate/Pipeline/Pipeline.php(219): Illuminate\\Foundation\\Http\\Middleware\\InvokeDeferredCallbacks->handle()
#72 /home/skytech/ISP-BILLING-main/vendor/laravel/framework/src/Illuminate/Http/Middleware/ValidatePathEncoding.php(26): Illuminate\\Pipeline\\Pipeline->Illuminate\\Pipeline\\{closure}()
#73 /home/skytech/ISP-BILLING-main/vendor/laravel/framework/src/Illuminate/Pipeline/Pipeline.php(219): Illuminate\\Http\\Middleware\\ValidatePathEncoding->handle()
#74 /home/skytech/ISP-BILLING-main/vendor/laravel/framework/src/Illuminate/Pipeline/Pipeline.php(137): Illuminate\\Pipeline\\Pipeline->Illuminate\\Pipeline\\{closure}()
#75 /home/skytech/ISP-BILLING-main/vendor/laravel/framework/src/Illuminate/Foundation/Http/Kernel.php(175): Illuminate\\Pipeline\\Pipeline->then()
#76 /home/skytech/ISP-BILLING-main/vendor/laravel/framework/src/Illuminate/Foundation/Http/Kernel.php(144): Illuminate\\Foundation\\Http\\Kernel->sendRequestThroughRouter()
#77 /home/skytech/ISP-BILLING-main/vendor/laravel/framework/src/Illuminate/Foundation/Application.php(1220): Illuminate\\Foundation\\Http\\Kernel->handle()
#78 /home/skytech/ISP-BILLING-main/public/index.php(20): Illuminate\\Foundation\\Application->handleRequest()
#79 {main}

[previous exception] [object] (ErrorException(code: 0): Undefined variable $assignedAdditionalRoles at /home/skytech/ISP-BILLING-main/storage/framework/views/b717d64fd9a0d72c4743c21b519a92bb.php:157)
[stacktrace]
#0 /home/skytech/ISP-BILLING-main/vendor/laravel/framework/src/Illuminate/Foundation/Bootstrap/HandleExceptions.php(262): Illuminate\\Foundation\\Bootstrap\\HandleExceptions->handleError()
#1 /home/skytech/ISP-BILLING-main/storage/framework/views/b717d64fd9a0d72c4743c21b519a92bb.php(157): Illuminate\\Foundation\\Bootstrap\\HandleExceptions->Illuminate\\Foundation\\Bootstrap\\{closure}()
#2 /home/skytech/ISP-BILLING-main/vendor/laravel/framework/src/Illuminate/Filesystem/Filesystem.php(123): require('...')
#3 /home/skytech/ISP-BILLING-main/vendor/laravel/framework/src/Illuminate/Filesystem/Filesystem.php(124): Illuminate\\Filesystem\\Filesystem::Illuminate\\Filesystem\\{closure}()
#4 /home/skytech/ISP-BILLING-main/vendor/laravel/framework/src/Illuminate/View/Engines/PhpEngine.php(57): Illuminate\\Filesystem\\Filesystem->getRequire()
#5 /home/skytech/ISP-BILLING-main/vendor/livewire/livewire/src/Mechanisms/ExtendBlade/ExtendedCompilerEngine.php(22): Illuminate\\View\\Engines\\PhpEngine->evaluatePath()
#6 /home/skytech/ISP-BILLING-main/vendor/laravel/framework/src/Illuminate/View/Engines/CompilerEngine.php(76): Livewire\\Mechanisms\\ExtendBlade\\ExtendedCompilerEngine->evaluatePath()
#7 /home/skytech/ISP-BILLING-main/vendor/livewire/livewire/src/Mechanisms/ExtendBlade/ExtendedCompilerEngine.php(10): Illuminate\\View\\Engines\\CompilerEngine->get()
#8 /home/skytech/ISP-BILLING-main/vendor/laravel/framework/src/Illuminate/View/View.php(208): Livewire\\Mechanisms\\ExtendBlade\\ExtendedCompilerEngine->get()
#9 /home/skytech/ISP-BILLING-main/vendor/laravel/framework/src/Illuminate/View/View.php(191): Illuminate\\View\\View->getContents()
#10 /home/skytech/ISP-BILLING-main/vendor/laravel/framework/src/Illuminate/View/View.php(160): Illuminate\\View\\View->renderContents()
#11 /home/skytech/ISP-BILLING-main/vendor/laravel/framework/src/Illuminate/Http/Response.php(78): Illuminate\\View\\View->render()
#12 /home/skytech/ISP-BILLING-main/vendor/laravel/framework/src/Illuminate/Http/Response.php(34): Illuminate\\Http\\Response->setContent()
#13 /home/skytech/ISP-BILLING-main/vendor/laravel/framework/src/Illuminate/Routing/Router.php(939): Illuminate\\Http\\Response->__construct()
#14 /home/skytech/ISP-BILLING-main/vendor/laravel/framework/src/Illuminate/Routing/Router.php(906): Illuminate\\Routing\\Router::toResponse()
#15 /home/skytech/ISP-BILLING-main/vendor/laravel/framework/src/Illuminate/Routing/Router.php(821): Illuminate\\Routing\\Router->prepareResponse()
#16 /home/skytech/ISP-BILLING-main/vendor/laravel/framework/src/Illuminate/Pipeline/Pipeline.php(180): Illuminate\\Routing\\Router->Illuminate\\Routing\\{closure}()
#17 /home/skytech/ISP-BILLING-main/app/Http/Middleware/RestrictHotelUserPortal.php(45): Illuminate\\Pipeline\\Pipeline->Illuminate\\Pipeline\\{closure}()
#18 /home/skytech/ISP-BILLING-main/vendor/laravel/framework/src/Illuminate/Pipeline/Pipeline.php(219): App\\Http\\Middleware\\RestrictHotelUserPortal->handle()
#19 /home/skytech/ISP-BILLING-main/app/Http/Middleware/ForcePortalPasswordChange.php(13): Illuminate\\Pipeline\\Pipeline->Illuminate\\Pipeline\\{closure}()
#20 /home/skytech/ISP-BILLING-main/vendor/laravel/framework/src/Illuminate/Pipeline/Pipeline.php(219): App\\Http\\Middleware\\ForcePortalPasswordChange->handle()
#21 /home/skytech/ISP-BILLING-main/app/Http/Middleware/RestrictToProfileIfNoPermissions.php(61): Illuminate\\Pipeline\\Pipeline->Illuminate\\Pipeline\\{closure}()
#22 /home/skytech/ISP-BILLING-main/vendor/laravel/framework/src/Illuminate/Pipeline/Pipeline.php(219): App\\Http\\Middleware\\RestrictToProfileIfNoPermissions->handle()
#23 /home/skytech/ISP-BILLING-main/vendor/laravel/framework/src/Illuminate/Auth/Middleware/EnsureEmailIsVerified.php(41): Illuminate\\Pipeline\\Pipeline->Illuminate\\Pipeline\\{closure}()
#24 /home/skytech/ISP-BILLING-main/vendor/laravel/framework/src/Illuminate/Pipeline/Pipeline.php(219): Illuminate\\Auth\\Middleware\\EnsureEmailIsVerified->handle()
#25 /home/skytech/ISP-BILLING-main/vendor/php-flasher/flasher-laravel/Middleware/FlasherMiddleware.php(21): Illuminate\\Pipeline\\Pipeline->Illuminate\\Pipeline\\{closure}()
#26 /home/skytech/ISP-BILLING-main/vendor/laravel/framework/src/Illuminate/Pipeline/Pipeline.php(219): Flasher\\Laravel\\Middleware\\FlasherMiddleware->handle()
#27 /home/skytech/ISP-BILLING-main/vendor/php-flasher/flasher-laravel/Middleware/SessionMiddleware.php(21): Illuminate\\Pipeline\\Pipeline->Illuminate\\Pipeline\\{closure}()
#28 /home/skytech/ISP-BILLING-main/vendor/laravel/framework/src/Illuminate/Pipeline/Pipeline.php(219): Flasher\\Laravel\\Middleware\\SessionMiddleware->handle()
#29 /home/skytech/ISP-BILLING-main/app/Http/Middleware/SetLocaleFromSession.php(42): Illuminate\\Pipeline\\Pipeline->Illuminate\\Pipeline\\{closure}()
#30 /home/skytech/ISP-BILLING-main/vendor/laravel/framework/src/Illuminate/Pipeline/Pipeline.php(219): App\\Http\\Middleware\\SetLocaleFromSession->handle()
#31 /home/skytech/ISP-BILLING-main/vendor/laravel/framework/src/Illuminate/Routing/Middleware/SubstituteBindings.php(50): Illuminate\\Pipeline\\Pipeline->Illuminate\\Pipeline\\{closure}()
#32 /home/skytech/ISP-BILLING-main/vendor/laravel/framework/src/Illuminate/Pipeline/Pipeline.php(219): Illuminate\\Routing\\Middleware\\SubstituteBindings->handle()
#33 /home/skytech/ISP-BILLING-main/vendor/laravel/framework/src/Illuminate/Session/Middleware/AuthenticateSession.php(70): Illuminate\\Pipeline\\Pipeline->Illuminate\\Pipeline\\{closure}()
#34 /home/skytech/ISP-BILLING-main/vendor/laravel/framework/src/Illuminate/Pipeline/Pipeline.php(219): Illuminate\\Session\\Middleware\\AuthenticateSession->handle()
#35 /home/skytech/ISP-BILLING-main/vendor/laravel/framework/src/Illuminate/Auth/Middleware/Authenticate.php(63): Illuminate\\Pipeline\\Pipeline->Illuminate\\Pipeline\\{closure}()
#36 /home/skytech/ISP-BILLING-main/vendor/laravel/framework/src/Illuminate/Pipeline/Pipeline.php(219): Illuminate\\Auth\\Middleware\\Authenticate->handle()
#37 /home/skytech/ISP-BILLING-main/vendor/laravel/framework/src/Illuminate/Foundation/Http/Middleware/VerifyCsrfToken.php(87): Illuminate\\Pipeline\\Pipeline->Illuminate\\Pipeline\\{closure}()
#38 /home/skytech/ISP-BILLING-main/vendor/laravel/framework/src/Illuminate/Pipeline/Pipeline.php(219): Illuminate\\Foundation\\Http\\Middleware\\VerifyCsrfToken->handle()
#39 /home/skytech/ISP-BILLING-main/vendor/laravel/framework/src/Illuminate/View/Middleware/ShareErrorsFromSession.php(48): Illuminate\\Pipeline\\Pipeline->Illuminate\\Pipeline\\{closure}()
#40 /home/skytech/ISP-BILLING-main/vendor/laravel/framework/src/Illuminate/Pipeline/Pipeline.php(219): Illuminate\\View\\Middleware\\ShareErrorsFromSession->handle()
#41 /home/skytech/ISP-BILLING-main/vendor/laravel/framework/src/Illuminate/Session/Middleware/StartSession.php(120): Illuminate\\Pipeline\\Pipeline->Illuminate\\Pipeline\\{closure}()
#42 /home/skytech/ISP-BILLING-main/vendor/laravel/framework/src/Illuminate/Session/Middleware/StartSession.php(63): Illuminate\\Session\\Middleware\\StartSession->handleStatefulRequest()
#43 /home/skytech/ISP-BILLING-main/vendor/laravel/framework/src/Illuminate/Pipeline/Pipeline.php(219): Illuminate\\Session\\Middleware\\StartSession->handle()
#44 /home/skytech/ISP-BILLING-main/vendor/laravel/framework/src/Illuminate/Cookie/Middleware/AddQueuedCookiesToResponse.php(36): Illuminate\\Pipeline\\Pipeline->Illuminate\\Pipeline\\{closure}()
#45 /home/skytech/ISP-BILLING-main/vendor/laravel/framework/src/Illuminate/Pipeline/Pipeline.php(219): Illuminate\\Cookie\\Middleware\\AddQueuedCookiesToResponse->handle()
#46 /home/skytech/ISP-BILLING-main/vendor/laravel/framework/src/Illuminate/Cookie/Middleware/EncryptCookies.php(74): Illuminate\\Pipeline\\Pipeline->Illuminate\\Pipeline\\{closure}()
#47 /home/skytech/ISP-BILLING-main/vendor/laravel/framework/src/Illuminate/Pipeline/Pipeline.php(219): Illuminate\\Cookie\\Middleware\\EncryptCookies->handle()
#48 /home/skytech/ISP-BILLING-main/vendor/laravel/framework/src/Illuminate/Pipeline/Pipeline.php(137): Illuminate\\Pipeline\\Pipeline->Illuminate\\Pipeline\\{closure}()
#49 /home/skytech/ISP-BILLING-main/vendor/laravel/framework/src/Illuminate/Routing/Router.php(821): Illuminate\\Pipeline\\Pipeline->then()
#50 /home/skytech/ISP-BILLING-main/vendor/laravel/framework/src/Illuminate/Routing/Router.php(800): Illuminate\\Routing\\Router->runRouteWithinStack()
#51 /home/skytech/ISP-BILLING-main/vendor/laravel/framework/src/Illuminate/Routing/Router.php(764): Illuminate\\Routing\\Router->runRoute()
#52 /home/skytech/ISP-BILLING-main/vendor/laravel/framework/src/Illuminate/Routing/Router.php(753): Illuminate\\Routing\\Router->dispatchToRoute()
#53 /home/skytech/ISP-BILLING-main/vendor/laravel/framework/src/Illuminate/Foundation/Http/Kernel.php(200): Illuminate\\Routing\\Router->dispatch()
#54 /home/skytech/ISP-BILLING-main/vendor/laravel/framework/src/Illuminate/Pipeline/Pipeline.php(180): Illuminate\\Foundation\\Http\\Kernel->Illuminate\\Foundation\\Http\\{closure}()
#55 /home/skytech/ISP-BILLING-main/vendor/livewire/livewire/src/Features/SupportDisablingBackButtonCache/DisableBackButtonCacheMiddleware.php(19): Illuminate\\Pipeline\\Pipeline->Illuminate\\Pipeline\\{closure}()
#56 /home/skytech/ISP-BILLING-main/vendor/laravel/framework/src/Illuminate/Pipeline/Pipeline.php(219): Livewire\\Features\\SupportDisablingBackButtonCache\\DisableBackButtonCacheMiddleware->handle()
#57 /home/skytech/ISP-BILLING-main/app/Http/Middleware/CheckSiteStatus.php(55): Illuminate\\Pipeline\\Pipeline->Illuminate\\Pipeline\\{closure}()
#58 /home/skytech/ISP-BILLING-main/vendor/laravel/framework/src/Illuminate/Pipeline/Pipeline.php(219): App\\Http\\Middleware\\CheckSiteStatus->handle()
#59 /home/skytech/ISP-BILLING-main/vendor/laravel/framework/src/Illuminate/Foundation/Http/Middleware/TransformsRequest.php(21): Illuminate\\Pipeline\\Pipeline->Illuminate\\Pipeline\\{closure}()
#60 /home/skytech/ISP-BILLING-main/vendor/laravel/framework/src/Illuminate/Foundation/Http/Middleware/ConvertEmptyStringsToNull.php(31): Illuminate\\Foundation\\Http\\Middleware\\TransformsRequest->handle()
#61 /home/skytech/ISP-BILLING-main/vendor/laravel/framework/src/Illuminate/Pipeline/Pipeline.php(219): Illuminate\\Foundation\\Http\\Middleware\\ConvertEmptyStringsToNull->handle()
#62 /home/skytech/ISP-BILLING-main/vendor/laravel/framework/src/Illuminate/Foundation/Http/Middleware/TransformsRequest.php(21): Illuminate\\Pipeline\\Pipeline->Illuminate\\Pipeline\\{closure}()
#63 /home/skytech/ISP-BILLING-main/vendor/laravel/framework/src/Illuminate/Foundation/Http/Middleware/TrimStrings.php(51): Illuminate\\Foundation\\Http\\Middleware\\TransformsRequest->handle()
#64 /home/skytech/ISP-BILLING-main/vendor/laravel/framework/src/Illuminate/Pipeline/Pipeline.php(219): Illuminate\\Foundation\\Http\\Middleware\\TrimStrings->handle()
#65 /home/skytech/ISP-BILLING-main/vendor/laravel/framework/src/Illuminate/Http/Middleware/ValidatePostSize.php(27): Illuminate\\Pipeline\\Pipeline->Illuminate\\Pipeline\\{closure}()
#66 /home/skytech/ISP-BILLING-main/vendor/laravel/framework/src/Illuminate/Pipeline/Pipeline.php(219): Illuminate\\Http\\Middleware\\ValidatePostSize->handle()
#67 /home/skytech/ISP-BILLING-main/vendor/laravel/framework/src/Illuminate/Foundation/Http/Middleware/PreventRequestsDuringMaintenance.php(109): Illuminate\\Pipeline\\Pipeline->Illuminate\\Pipeline\\{closure}()
#68 /home/skytech/ISP-BILLING-main/vendor/laravel/framework/src/Illuminate/Pipeline/Pipeline.php(219): Illuminate\\Foundation\\Http\\Middleware\\PreventRequestsDuringMaintenance->handle()
#69 /home/skytech/ISP-BILLING-main/vendor/laravel/framework/src/Illuminate/Http/Middleware/HandleCors.php(61): Illuminate\\Pipeline\\Pipeline->Illuminate\\Pipeline\\{closure}()
#70 /home/skytech/ISP-BILLING-main/vendor/laravel/framework/src/Illuminate/Pipeline/Pipeline.php(219): Illuminate\\Http\\Middleware\\HandleCors->handle()
#71 /home/skytech/ISP-BILLING-main/vendor/laravel/framework/src/Illuminate/Http/Middleware/TrustProxies.php(58): Illuminate\\Pipeline\\Pipeline->Illuminate\\Pipeline\\{closure}()
#72 /home/skytech/ISP-BILLING-main/vendor/laravel/framework/src/Illuminate/Pipeline/Pipeline.php(219): Illuminate\\Http\\Middleware\\TrustProxies->handle()
#73 /home/skytech/ISP-BILLING-main/vendor/laravel/framework/src/Illuminate/Foundation/Http/Middleware/InvokeDeferredCallbacks.php(22): Illuminate\\Pipeline\\Pipeline->Illuminate\\Pipeline\\{closure}()
#74 /home/skytech/ISP-BILLING-main/vendor/laravel/framework/src/Illuminate/Pipeline/Pipeline.php(219): Illuminate\\Foundation\\Http\\Middleware\\InvokeDeferredCallbacks->handle()
#75 /home/skytech/ISP-BILLING-main/vendor/laravel/framework/src/Illuminate/Http/Middleware/ValidatePathEncoding.php(26): Illuminate\\Pipeline\\Pipeline->Illuminate\\Pipeline\\{closure}()
#76 /home/skytech/ISP-BILLING-main/vendor/laravel/framework/src/Illuminate/Pipeline/Pipeline.php(219): Illuminate\\Http\\Middleware\\ValidatePathEncoding->handle()
#77 /home/skytech/ISP-BILLING-main/vendor/laravel/framework/src/Illuminate/Pipeline/Pipeline.php(137): Illuminate\\Pipeline\\Pipeline->Illuminate\\Pipeline\\{closure}()
#78 /home/skytech/ISP-BILLING-main/vendor/laravel/framework/src/Illuminate/Foundation/Http/Kernel.php(175): Illuminate\\Pipeline\\Pipeline->then()
#79 /home/skytech/ISP-BILLING-main/vendor/laravel/framework/src/Illuminate/Foundation/Http/Kernel.php(144): Illuminate\\Foundation\\Http\\Kernel->sendRequestThroughRouter()
#80 /home/skytech/ISP-BILLING-main/vendor/laravel/framework/src/Illuminate/Foundation/Application.php(1220): Illuminate\\Foundation\\Http\\Kernel->handle()
#81 /home/skytech/ISP-BILLING-main/public/index.php(20): Illuminate\\Foundation\\Application->handleRequest()
#82 {main}
"} 
[2026-09-25 14:10:43] production.ERROR: Undefined variable $assignedAdditionalRoles (View: /home/skytech/ISP-BILLING-main/resources/views/admin/resellers/edit.blade.php) {"userId":1,"exception":"[object] (Illuminate\\View\\ViewException(code: 0): Undefined variable $assignedAdditionalRoles (View: /home/skytech/ISP-BILLING-main/resources/views/admin/resellers/edit.blade.php) at /home/skytech/ISP-BILLING-main/storage/framework/views/b717d64fd9a0d72c4743c21b519a92bb.php:157)
[stacktrace]
#0 /home/skytech/ISP-BILLING-main/vendor/livewire/livewire/src/Mechanisms/ExtendBlade/ExtendedCompilerEngine.php(58): Illuminate\\View\\Engines\\CompilerEngine->handleViewException()
#1 /home/skytech/ISP-BILLING-main/vendor/laravel/framework/src/Illuminate/View/Engines/PhpEngine.php(59): Livewire\\Mechanisms\\ExtendBlade\\ExtendedCompilerEngine->handleViewException()
#2 /home/skytech/ISP-BILLING-main/vendor/livewire/livewire/src/Mechanisms/ExtendBlade/ExtendedCompilerEngine.php(22): Illuminate\\View\\Engines\\PhpEngine->evaluatePath()
#3 /home/skytech/ISP-BILLING-main/vendor/laravel/framework/src/Illuminate/View/Engines/CompilerEngine.php(76): Livewire\\Mechanisms\\ExtendBlade\\ExtendedCompilerEngine->evaluatePath()
#4 /home/skytech/ISP-BILLING-main/vendor/livewire/livewire/src/Mechanisms/ExtendBlade/ExtendedCompilerEngine.php(10): Illuminate\\View\\Engines\\CompilerEngine->get()
#5 /home/skytech/ISP-BILLING-main/vendor/laravel/framework/src/Illuminate/View/View.php(208): Livewire\\Mechanisms\\ExtendBlade\\ExtendedCompilerEngine->get()
#6 /home/skytech/ISP-BILLING-main/vendor/laravel/framework/src/Illuminate/View/View.php(191): Illuminate\\View\\View->getContents()
#7 /home/skytech/ISP-BILLING-main/vendor/laravel/framework/src/Illuminate/View/View.php(160): Illuminate\\View\\View->renderContents()
#8 /home/skytech/ISP-BILLING-main/vendor/laravel/framework/src/Illuminate/Http/Response.php(78): Illuminate\\View\\View->render()
#9 /home/skytech/ISP-BILLING-main/vendor/laravel/framework/src/Illuminate/Http/Response.php(34): Illuminate\\Http\\Response->setContent()
#10 /home/skytech/ISP-BILLING-main/vendor/laravel/framework/src/Illuminate/Routing/Router.php(939): Illuminate\\Http\\Response->__construct()
#11 /home/skytech/ISP-BILLING-main/vendor/laravel/framework/src/Illuminate/Routing/Router.php(906): Illuminate\\Routing\\Router::toResponse()
#12 /home/skytech/ISP-BILLING-main/vendor/laravel/framework/src/Illuminate/Routing/Router.php(821): Illuminate\\Routing\\Router->prepareResponse()
#13 /home/skytech/ISP-BILLING-main/vendor/laravel/framework/src/Illuminate/Pipeline/Pipeline.php(180): Illuminate\\Routing\\Router->Illuminate\\Routing\\{closure}()
#14 /home/skytech/ISP-BILLING-main/app/Http/Middleware/RestrictHotelUserPortal.php(45): Illuminate\\Pipeline\\Pipeline->Illuminate\\Pipeline\\{closure}()
#15 /home/skytech/ISP-BILLING-main/vendor/laravel/framework/src/Illuminate/Pipeline/Pipeline.php(219): App\\Http\\Middleware\\RestrictHotelUserPortal->handle()
#16 /home/skytech/ISP-BILLING-main/app/Http/Middleware/ForcePortalPasswordChange.php(13): Illuminate\\Pipeline\\Pipeline->Illuminate\\Pipeline\\{closure}()
#17 /home/skytech/ISP-BILLING-main/vendor/laravel/framework/src/Illuminate/Pipeline/Pipeline.php(219): App\\Http\\Middleware\\ForcePortalPasswordChange->handle()
#18 /home/skytech/ISP-BILLING-main/app/Http/Middleware/RestrictToProfileIfNoPermissions.php(61): Illuminate\\Pipeline\\Pipeline->Illuminate\\Pipeline\\{closure}()
#19 /home/skytech/ISP-BILLING-main/vendor/laravel/framework/src/Illuminate/Pipeline/Pipeline.php(219): App\\Http\\Middleware\\RestrictToProfileIfNoPermissions->handle()
#20 /home/skytech/ISP-BILLING-main/vendor/laravel/framework/src/Illuminate/Auth/Middleware/EnsureEmailIsVerified.php(41): Illuminate\\Pipeline\\Pipeline->Illuminate\\Pipeline\\{closure}()
#21 /home/skytech/ISP-BILLING-main/vendor/laravel/framework/src/Illuminate/Pipeline/Pipeline.php(219): Illuminate\\Auth\\Middleware\\EnsureEmailIsVerified->handle()
#22 /home/skytech/ISP-BILLING-main/vendor/php-flasher/flasher-laravel/Middleware/FlasherMiddleware.php(21): Illuminate\\Pipeline\\Pipeline->Illuminate\\Pipeline\\{closure}()
#23 /home/skytech/ISP-BILLING-main/vendor/laravel/framework/src/Illuminate/Pipeline/Pipeline.php(219): Flasher\\Laravel\\Middleware\\FlasherMiddleware->handle()
#24 /home/skytech/ISP-BILLING-main/vendor/php-flasher/flasher-laravel/Middleware/SessionMiddleware.php(21): Illuminate\\Pipeline\\Pipeline->Illuminate\\Pipeline\\{closure}()
#25 /home/skytech/ISP-BILLING-main/vendor/laravel/framework/src/Illuminate/Pipeline/Pipeline.php(219): Flasher\\Laravel\\Middleware\\SessionMiddleware->handle()
#26 /home/skytech/ISP-BILLING-main/app/Http/Middleware/SetLocaleFromSession.php(42): Illuminate\\Pipeline\\Pipeline->Illuminate\\Pipeline\\{closure}()
#27 /home/skytech/ISP-BILLING-main/vendor/laravel/framework/src/Illuminate/Pipeline/Pipeline.php(219): App\\Http\\Middleware\\SetLocaleFromSession->handle()
#28 /home/skytech/ISP-BILLING-main/vendor/laravel/framework/src/Illuminate/Routing/Middleware/SubstituteBindings.php(50): Illuminate\\Pipeline\\Pipeline->Illuminate\\Pipeline\\{closure}()
#29 /home/skytech/ISP-BILLING-main/vendor/laravel/framework/src/Illuminate/Pipeline/Pipeline.php(219): Illuminate\\Routing\\Middleware\\SubstituteBindings->handle()
#30 /home/skytech/ISP-BILLING-main/vendor/laravel/framework/src/Illuminate/Session/Middleware/AuthenticateSession.php(70): Illuminate\\Pipeline\\Pipeline->Illuminate\\Pipeline\\{closure}()
#31 /home/skytech/ISP-BILLING-main/vendor/laravel/framework/src/Illuminate/Pipeline/Pipeline.php(219): Illuminate\\Session\\Middleware\\AuthenticateSession->handle()
#32 /home/skytech/ISP-BILLING-main/vendor/laravel/framework/src/Illuminate/Auth/Middleware/Authenticate.php(63): Illuminate\\Pipeline\\Pipeline->Illuminate\\Pipeline\\{closure}()
#33 /home/skytech/ISP-BILLING-main/vendor/laravel/framework/src/Illuminate/Pipeline/Pipeline.php(219): Illuminate\\Auth\\Middleware\\Authenticate->handle()
#34 /home/skytech/ISP-BILLING-main/vendor/laravel/framework/src/Illuminate/Foundation/Http/Middleware/VerifyCsrfToken.php(87): Illuminate\\Pipeline\\Pipeline->Illuminate\\Pipeline\\{closure}()
#35 /home/skytech/ISP-BILLING-main/vendor/laravel/framework/src/Illuminate/Pipeline/Pipeline.php(219): Illuminate\\Foundation\\Http\\Middleware\\VerifyCsrfToken->handle()
#36 /home/skytech/ISP-BILLING-main/vendor/laravel/framework/src/Illuminate/View/Middleware/ShareErrorsFromSession.php(48): Illuminate\\Pipeline\\Pipeline->Illuminate\\Pipeline\\{closure}()
#37 /home/skytech/ISP-BILLING-main/vendor/laravel/framework/src/Illuminate/Pipeline/Pipeline.php(219): Illuminate\\View\\Middleware\\ShareErrorsFromSession->handle()
#38 /home/skytech/ISP-BILLING-main/vendor/laravel/framework/src/Illuminate/Session/Middleware/StartSession.php(120): Illuminate\\Pipeline\\Pipeline->Illuminate\\Pipeline\\{closure}()
#39 /home/skytech/ISP-BILLING-main/vendor/laravel/framework/src/Illuminate/Session/Middleware/StartSession.php(63): Illuminate\\Session\\Middleware\\StartSession->handleStatefulRequest()
#40 /home/skytech/ISP-BILLING-main/vendor/laravel/framework/src/Illuminate/Pipeline/Pipeline.php(219): Illuminate\\Session\\Middleware\\StartSession->handle()
#41 /home/skytech/ISP-BILLING-main/vendor/laravel/framework/src/Illuminate/Cookie/Middleware/AddQueuedCookiesToResponse.php(36): Illuminate\\Pipeline\\Pipeline->Illuminate\\Pipeline\\{closure}()
#42 /home/skytech/ISP-BILLING-main/vendor/laravel/framework/src/Illuminate/Pipeline/Pipeline.php(219): Illuminate\\Cookie\\Middleware\\AddQueuedCookiesToResponse->handle()
#43 /home/skytech/ISP-BILLING-main/vendor/laravel/framework/src/Illuminate/Cookie/Middleware/EncryptCookies.php(74): Illuminate\\Pipeline\\Pipeline->Illuminate\\Pipeline\\{closure}()
#44 /home/skytech/ISP-BILLING-main/vendor/laravel/framework/src/Illuminate/Pipeline/Pipeline.php(219): Illuminate\\Cookie\\Middleware\\EncryptCookies->handle()
#45 /home/skytech/ISP-BILLING-main/vendor/laravel/framework/src/Illuminate/Pipeline/Pipeline.php(137): Illuminate\\Pipeline\\Pipeline->Illuminate\\Pipeline\\{closure}()
#46 /home/skytech/ISP-BILLING-main/vendor/laravel/framework/src/Illuminate/Routing/Router.php(821): Illuminate\\Pipeline\\Pipeline->then()
#47 /home/skytech/ISP-BILLING-main/vendor/laravel/framework/src/Illuminate/Routing/Router.php(800): Illuminate\\Routing\\Router->runRouteWithinStack()
#48 /home/skytech/ISP-BILLING-main/vendor/laravel/framework/src/Illuminate/Routing/Router.php(764): Illuminate\\Routing\\Router->runRoute()
#49 /home/skytech/ISP-BILLING-main/vendor/laravel/framework/src/Illuminate/Routing/Router.php(753): Illuminate\\Routing\\Router->dispatchToRoute()
#50 /home/skytech/ISP-BILLING-main/vendor/laravel/framework/src/Illuminate/Foundation/Http/Kernel.php(200): Illuminate\\Routing\\Router->dispatch()
#51 /home/skytech/ISP-BILLING-main/vendor/laravel/framework/src/Illuminate/Pipeline/Pipeline.php(180): Illuminate\\Foundation\\Http\\Kernel->Illuminate\\Foundation\\Http\\{closure}()
#52 /home/skytech/ISP-BILLING-main/vendor/livewire/livewire/src/Features/SupportDisablingBackButtonCache/DisableBackButtonCacheMiddleware.php(19): Illuminate\\Pipeline\\Pipeline->Illuminate\\Pipeline\\{closure}()
#53 /home/skytech/ISP-BILLING-main/vendor/laravel/framework/src/Illuminate/Pipeline/Pipeline.php(219): Livewire\\Features\\SupportDisablingBackButtonCache\\DisableBackButtonCacheMiddleware->handle()
#54 /home/skytech/ISP-BILLING-main/app/Http/Middleware/CheckSiteStatus.php(55): Illuminate\\Pipeline\\Pipeline->Illuminate\\Pipeline\\{closure}()
#55 /home/skytech/ISP-BILLING-main/vendor/laravel/framework/src/Illuminate/Pipeline/Pipeline.php(219): App\\Http\\Middleware\\CheckSiteStatus->handle()
#56 /home/skytech/ISP-BILLING-main/vendor/laravel/framework/src/Illuminate/Foundation/Http/Middleware/TransformsRequest.php(21): Illuminate\\Pipeline\\Pipeline->Illuminate\\Pipeline\\{closure}()
#57 /home/skytech/ISP-BILLING-main/vendor/laravel/framework/src/Illuminate/Foundation/Http/Middleware/ConvertEmptyStringsToNull.php(31): Illuminate\\Foundation\\Http\\Middleware\\TransformsRequest->handle()
#58 /home/skytech/ISP-BILLING-main/vendor/laravel/framework/src/Illuminate/Pipeline/Pipeline.php(219): Illuminate\\Foundation\\Http\\Middleware\\ConvertEmptyStringsToNull->handle()
#59 /home/skytech/ISP-BILLING-main/vendor/laravel/framework/src/Illuminate/Foundation/Http/Middleware/TransformsRequest.php(21): Illuminate\\Pipeline\\Pipeline->Illuminate\\Pipeline\\{closure}()
#60 /home/skytech/ISP-BILLING-main/vendor/laravel/framework/src/Illuminate/Foundation/Http/Middleware/TrimStrings.php(51): Illuminate\\Foundation\\Http\\Middleware\\TransformsRequest->handle()
#61 /home/skytech/ISP-BILLING-main/vendor/laravel/framework/src/Illuminate/Pipeline/Pipeline.php(219): Illuminate\\Foundation\\Http\\Middleware\\TrimStrings->handle()
#62 /home/skytech/ISP-BILLING-main/vendor/laravel/framework/src/Illuminate/Http/Middleware/ValidatePostSize.php(27): Illuminate\\Pipeline\\Pipeline->Illuminate\\Pipeline\\{closure}()
#63 /home/skytech/ISP-BILLING-main/vendor/laravel/framework/src/Illuminate/Pipeline/Pipeline.php(219): Illuminate\\Http\\Middleware\\ValidatePostSize->handle()
#64 /home/skytech/ISP-BILLING-main/vendor/laravel/framework/src/Illuminate/Foundation/Http/Middleware/PreventRequestsDuringMaintenance.php(109): Illuminate\\Pipeline\\Pipeline->Illuminate\\Pipeline\\{closure}()
#65 /home/skytech/ISP-BILLING-main/vendor/laravel/framework/src/Illuminate/Pipeline/Pipeline.php(219): Illuminate\\Foundation\\Http\\Middleware\\PreventRequestsDuringMaintenance->handle()
#66 /home/skytech/ISP-BILLING-main/vendor/laravel/framework/src/Illuminate/Http/Middleware/HandleCors.php(61): Illuminate\\Pipeline\\Pipeline->Illuminate\\Pipeline\\{closure}()
#67 /home/skytech/ISP-BILLING-main/vendor/laravel/framework/src/Illuminate/Pipeline/Pipeline.php(219): Illuminate\\Http\\Middleware\\HandleCors->handle()
#68 /home/skytech/ISP-BILLING-main/vendor/laravel/framework/src/Illuminate/Http/Middleware/TrustProxies.php(58): Illuminate\\Pipeline\\Pipeline->Illuminate\\Pipeline\\{closure}()
#69 /home/skytech/ISP-BILLING-main/vendor/laravel/framework/src/Illuminate/Pipeline/Pipeline.php(219): Illuminate\\Http\\Middleware\\TrustProxies->handle()
#70 /home/skytech/ISP-BILLING-main/vendor/laravel/framework/src/Illuminate/Foundation/Http/Middleware/InvokeDeferredCallbacks.php(22): Illuminate\\Pipeline\\Pipeline->Illuminate\\Pipeline\\{closure}()
#71 /home/skytech/ISP-BILLING-main/vendor/laravel/framework/src/Illuminate/Pipeline/Pipeline.php(219): Illuminate\\Foundation\\Http\\Middleware\\InvokeDeferredCallbacks->handle()
#72 /home/skytech/ISP-BILLING-main/vendor/laravel/framework/src/Illuminate/Http/Middleware/ValidatePathEncoding.php(26): Illuminate\\Pipeline\\Pipeline->Illuminate\\Pipeline\\{closure}()
#73 /home/skytech/ISP-BILLING-main/vendor/laravel/framework/src/Illuminate/Pipeline/Pipeline.php(219): Illuminate\\Http\\Middleware\\ValidatePathEncoding->handle()
#74 /home/skytech/ISP-BILLING-main/vendor/laravel/framework/src/Illuminate/Pipeline/Pipeline.php(137): Illuminate\\Pipeline\\Pipeline->Illuminate\\Pipeline\\{closure}()
#75 /home/skytech/ISP-BILLING-main/vendor/laravel/framework/src/Illuminate/Foundation/Http/Kernel.php(175): Illuminate\\Pipeline\\Pipeline->then()
#76 /home/skytech/ISP-BILLING-main/vendor/laravel/framework/src/Illuminate/Foundation/Http/Kernel.php(144): Illuminate\\Foundation\\Http\\Kernel->sendRequestThroughRouter()
#77 /home/skytech/ISP-BILLING-main/vendor/laravel/framework/src/Illuminate/Foundation/Application.php(1220): Illuminate\\Foundation\\Http\\Kernel->handle()
#78 /home/skytech/ISP-BILLING-main/public/index.php(20): Illuminate\\Foundation\\Application->handleRequest()
#79 {main}

[previous exception] [object] (ErrorException(code: 0): Undefined variable $assignedAdditionalRoles at /home/skytech/ISP-BILLING-main/storage/framework/views/b717d64fd9a0d72c4743c21b519a92bb.php:157)
[stacktrace]
#0 /home/skytech/ISP-BILLING-main/vendor/laravel/framework/src/Illuminate/Foundation/Bootstrap/HandleExceptions.php(262): Illuminate\\Foundation\\Bootstrap\\HandleExceptions->handleError()
#1 /home/skytech/ISP-BILLING-main/storage/framework/views/b717d64fd9a0d72c4743c21b519a92bb.php(157): Illuminate\\Foundation\\Bootstrap\\HandleExceptions->Illuminate\\Foundation\\Bootstrap\\{closure}()
#2 /home/skytech/ISP-BILLING-main/vendor/laravel/framework/src/Illuminate/Filesystem/Filesystem.php(123): require('...')
#3 /home/skytech/ISP-BILLING-main/vendor/laravel/framework/src/Illuminate/Filesystem/Filesystem.php(124): Illuminate\\Filesystem\\Filesystem::Illuminate\\Filesystem\\{closure}()
#4 /home/skytech/ISP-BILLING-main/vendor/laravel/framework/src/Illuminate/View/Engines/PhpEngine.php(57): Illuminate\\Filesystem\\Filesystem->getRequire()
#5 /home/skytech/ISP-BILLING-main/vendor/livewire/livewire/src/Mechanisms/ExtendBlade/ExtendedCompilerEngine.php(22): Illuminate\\View\\Engines\\PhpEngine->evaluatePath()
#6 /home/skytech/ISP-BILLING-main/vendor/laravel/framework/src/Illuminate/View/Engines/CompilerEngine.php(76): Livewire\\Mechanisms\\ExtendBlade\\ExtendedCompilerEngine->evaluatePath()
#7 /home/skytech/ISP-BILLING-main/vendor/livewire/livewire/src/Mechanisms/ExtendBlade/ExtendedCompilerEngine.php(10): Illuminate\\View\\Engines\\CompilerEngine->get()
#8 /home/skytech/ISP-BILLING-main/vendor/laravel/framework/src/Illuminate/View/View.php(208): Livewire\\Mechanisms\\ExtendBlade\\ExtendedCompilerEngine->get()
#9 /home/skytech/ISP-BILLING-main/vendor/laravel/framework/src/Illuminate/View/View.php(191): Illuminate\\View\\View->getContents()
#10 /home/skytech/ISP-BILLING-main/vendor/laravel/framework/src/Illuminate/View/View.php(160): Illuminate\\View\\View->renderContents()
#11 /home/skytech/ISP-BILLING-main/vendor/laravel/framework/src/Illuminate/Http/Response.php(78): Illuminate\\View\\View->render()
#12 /home/skytech/ISP-BILLING-main/vendor/laravel/framework/src/Illuminate/Http/Response.php(34): Illuminate\\Http\\Response->setContent()
#13 /home/skytech/ISP-BILLING-main/vendor/laravel/framework/src/Illuminate/Routing/Router.php(939): Illuminate\\Http\\Response->__construct()
#14 /home/skytech/ISP-BILLING-main/vendor/laravel/framework/src/Illuminate/Routing/Router.php(906): Illuminate\\Routing\\Router::toResponse()
#15 /home/skytech/ISP-BILLING-main/vendor/laravel/framework/src/Illuminate/Routing/Router.php(821): Illuminate\\Routing\\Router->prepareResponse()
#16 /home/skytech/ISP-BILLING-main/vendor/laravel/framework/src/Illuminate/Pipeline/Pipeline.php(180): Illuminate\\Routing\\Router->Illuminate\\Routing\\{closure}()
#17 /home/skytech/ISP-BILLING-main/app/Http/Middleware/RestrictHotelUserPortal.php(45): Illuminate\\Pipeline\\Pipeline->Illuminate\\Pipeline\\{closure}()
#18 /home/skytech/ISP-BILLING-main/vendor/laravel/framework/src/Illuminate/Pipeline/Pipeline.php(219): App\\Http\\Middleware\\RestrictHotelUserPortal->handle()
#19 /home/skytech/ISP-BILLING-main/app/Http/Middleware/ForcePortalPasswordChange.php(13): Illuminate\\Pipeline\\Pipeline->Illuminate\\Pipeline\\{closure}()
#20 /home/skytech/ISP-BILLING-main/vendor/laravel/framework/src/Illuminate/Pipeline/Pipeline.php(219): App\\Http\\Middleware\\ForcePortalPasswordChange->handle()
#21 /home/skytech/ISP-BILLING-main/app/Http/Middleware/RestrictToProfileIfNoPermissions.php(61): Illuminate\\Pipeline\\Pipeline->Illuminate\\Pipeline\\{closure}()
#22 /home/skytech/ISP-BILLING-main/vendor/laravel/framework/src/Illuminate/Pipeline/Pipeline.php(219): App\\Http\\Middleware\\RestrictToProfileIfNoPermissions->handle()
#23 /home/skytech/ISP-BILLING-main/vendor/laravel/framework/src/Illuminate/Auth/Middleware/EnsureEmailIsVerified.php(41): Illuminate\\Pipeline\\Pipeline->Illuminate\\Pipeline\\{closure}()
#24 /home/skytech/ISP-BILLING-main/vendor/laravel/framework/src/Illuminate/Pipeline/Pipeline.php(219): Illuminate\\Auth\\Middleware\\EnsureEmailIsVerified->handle()
#25 /home/skytech/ISP-BILLING-main/vendor/php-flasher/flasher-laravel/Middleware/FlasherMiddleware.php(21): Illuminate\\Pipeline\\Pipeline->Illuminate\\Pipeline\\{closure}()
#26 /home/skytech/ISP-BILLING-main/vendor/laravel/framework/src/Illuminate/Pipeline/Pipeline.php(219): Flasher\\Laravel\\Middleware\\FlasherMiddleware->handle()
#27 /home/skytech/ISP-BILLING-main/vendor/php-flasher/flasher-laravel/Middleware/SessionMiddleware.php(21): Illuminate\\Pipeline\\Pipeline->Illuminate\\Pipeline\\{closure}()
#28 /home/skytech/ISP-BILLING-main/vendor/laravel/framework/src/Illuminate/Pipeline/Pipeline.php(219): Flasher\\Laravel\\Middleware\\SessionMiddleware->handle()
#29 /home/skytech/ISP-BILLING-main/app/Http/Middleware/SetLocaleFromSession.php(42): Illuminate\\Pipeline\\Pipeline->Illuminate\\Pipeline\\{closure}()
#30 /home/skytech/ISP-BILLING-main/vendor/laravel/framework/src/Illuminate/Pipeline/Pipeline.php(219): App\\Http\\Middleware\\SetLocaleFromSession->handle()
#31 /home/skytech/ISP-BILLING-main/vendor/laravel/framework/src/Illuminate/Routing/Middleware/SubstituteBindings.php(50): Illuminate\\Pipeline\\Pipeline->Illuminate\\Pipeline\\{closure}()
#32 /home/skytech/ISP-BILLING-main/vendor/laravel/framework/src/Illuminate/Pipeline/Pipeline.php(219): Illuminate\\Routing\\Middleware\\SubstituteBindings->handle()
#33 /home/skytech/ISP-BILLING-main/vendor/laravel/framework/src/Illuminate/Session/Middleware/AuthenticateSession.php(70): Illuminate\\Pipeline\\Pipeline->Illuminate\\Pipeline\\{closure}()
#34 /home/skytech/ISP-BILLING-main/vendor/laravel/framework/src/Illuminate/Pipeline/Pipeline.php(219): Illuminate\\Session\\Middleware\\AuthenticateSession->handle()
#35 /home/skytech/ISP-BILLING-main/vendor/laravel/framework/src/Illuminate/Auth/Middleware/Authenticate.php(63): Illuminate\\Pipeline\\Pipeline->Illuminate\\Pipeline\\{closure}()
#36 /home/skytech/ISP-BILLING-main/vendor/laravel/framework/src/Illuminate/Pipeline/Pipeline.php(219): Illuminate\\Auth\\Middleware\\Authenticate->handle()
#37 /home/skytech/ISP-BILLING-main/vendor/laravel/framework/src/Illuminate/Foundation/Http/Middleware/VerifyCsrfToken.php(87): Illuminate\\Pipeline\\Pipeline->Illuminate\\Pipeline\\{closure}()
#38 /home/skytech/ISP-BILLING-main/vendor/laravel/framework/src/Illuminate/Pipeline/Pipeline.php(219): Illuminate\\Foundation\\Http\\Middleware\\VerifyCsrfToken->handle()
#39 /home/skytech/ISP-BILLING-main/vendor/laravel/framework/src/Illuminate/View/Middleware/ShareErrorsFromSession.php(48): Illuminate\\Pipeline\\Pipeline->Illuminate\\Pipeline\\{closure}()
#40 /home/skytech/ISP-BILLING-main/vendor/laravel/framework/src/Illuminate/Pipeline/Pipeline.php(219): Illuminate\\View\\Middleware\\ShareErrorsFromSession->handle()
#41 /home/skytech/ISP-BILLING-main/vendor/laravel/framework/src/Illuminate/Session/Middleware/StartSession.php(120): Illuminate\\Pipeline\\Pipeline->Illuminate\\Pipeline\\{closure}()
#42 /home/skytech/ISP-BILLING-main/vendor/laravel/framework/src/Illuminate/Session/Middleware/StartSession.php(63): Illuminate\\Session\\Middleware\\StartSession->handleStatefulRequest()
#43 /home/skytech/ISP-BILLING-main/vendor/laravel/framework/src/Illuminate/Pipeline/Pipeline.php(219): Illuminate\\Session\\Middleware\\StartSession->handle()
#44 /home/skytech/ISP-BILLING-main/vendor/laravel/framework/src/Illuminate/Cookie/Middleware/AddQueuedCookiesToResponse.php(36): Illuminate\\Pipeline\\Pipeline->Illuminate\\Pipeline\\{closure}()
#45 /home/skytech/ISP-BILLING-main/vendor/laravel/framework/src/Illuminate/Pipeline/Pipeline.php(219): Illuminate\\Cookie\\Middleware\\AddQueuedCookiesToResponse->handle()
#46 /home/skytech/ISP-BILLING-main/vendor/laravel/framework/src/Illuminate/Cookie/Middleware/EncryptCookies.php(74): Illuminate\\Pipeline\\Pipeline->Illuminate\\Pipeline\\{closure}()
#47 /home/skytech/ISP-BILLING-main/vendor/laravel/framework/src/Illuminate/Pipeline/Pipeline.php(219): Illuminate\\Cookie\\Middleware\\EncryptCookies->handle()
#48 /home/skytech/ISP-BILLING-main/vendor/laravel/framework/src/Illuminate/Pipeline/Pipeline.php(137): Illuminate\\Pipeline\\Pipeline->Illuminate\\Pipeline\\{closure}()
#49 /home/skytech/ISP-BILLING-main/vendor/laravel/framework/src/Illuminate/Routing/Router.php(821): Illuminate\\Pipeline\\Pipeline->then()
#50 /home/skytech/ISP-BILLING-main/vendor/laravel/framework/src/Illuminate/Routing/Router.php(800): Illuminate\\Routing\\Router->runRouteWithinStack()
#51 /home/skytech/ISP-BILLING-main/vendor/laravel/framework/src/Illuminate/Routing/Router.php(764): Illuminate\\Routing\\Router->runRoute()
#52 /home/skytech/ISP-BILLING-main/vendor/laravel/framework/src/Illuminate/Routing/Router.php(753): Illuminate\\Routing\\Router->dispatchToRoute()
#53 /home/skytech/ISP-BILLING-main/vendor/laravel/framework/src/Illuminate/Foundation/Http/Kernel.php(200): Illuminate\\Routing\\Router->dispatch()
#54 /home/skytech/ISP-BILLING-main/vendor/laravel/framework/src/Illuminate/Pipeline/Pipeline.php(180): Illuminate\\Foundation\\Http\\Kernel->Illuminate\\Foundation\\Http\\{closure}()
#55 /home/skytech/ISP-BILLING-main/vendor/livewire/livewire/src/Features/SupportDisablingBackButtonCache/DisableBackButtonCacheMiddleware.php(19): Illuminate\\Pipeline\\Pipeline->Illuminate\\Pipeline\\{closure}()
#56 /home/skytech/ISP-BILLING-main/vendor/laravel/framework/src/Illuminate/Pipeline/Pipeline.php(219): Livewire\\Features\\SupportDisablingBackButtonCache\\DisableBackButtonCacheMiddleware->handle()
#57 /home/skytech/ISP-BILLING-main/app/Http/Middleware/CheckSiteStatus.php(55): Illuminate\\Pipeline\\Pipeline->Illuminate\\Pipeline\\{closure}()
#58 /home/skytech/ISP-BILLING-main/vendor/laravel/framework/src/Illuminate/Pipeline/Pipeline.php(219): App\\Http\\Middleware\\CheckSiteStatus->handle()
#59 /home/skytech/ISP-BILLING-main/vendor/laravel/framework/src/Illuminate/Foundation/Http/Middleware/TransformsRequest.php(21): Illuminate\\Pipeline\\Pipeline->Illuminate\\Pipeline\\{closure}()
#60 /home/skytech/ISP-BILLING-main/vendor/laravel/framework/src/Illuminate/Foundation/Http/Middleware/ConvertEmptyStringsToNull.php(31): Illuminate\\Foundation\\Http\\Middleware\\TransformsRequest->handle()
#61 /home/skytech/ISP-BILLING-main/vendor/laravel/framework/src/Illuminate/Pipeline/Pipeline.php(219): Illuminate\\Foundation\\Http\\Middleware\\ConvertEmptyStringsToNull->handle()
#62 /home/skytech/ISP-BILLING-main/vendor/laravel/framework/src/Illuminate/Foundation/Http/Middleware/TransformsRequest.php(21): Illuminate\\Pipeline\\Pipeline->Illuminate\\Pipeline\\{closure}()
#63 /home/skytech/ISP-BILLING-main/vendor/laravel/framework/src/Illuminate/Foundation/Http/Middleware/TrimStrings.php(51): Illuminate\\Foundation\\Http\\Middleware\\TransformsRequest->handle()
#64 /home/skytech/ISP-BILLING-main/vendor/laravel/framework/src/Illuminate/Pipeline/Pipeline.php(219): Illuminate\\Foundation\\Http\\Middleware\\TrimStrings->handle()
#65 /home/skytech/ISP-BILLING-main/vendor/laravel/framework/src/Illuminate/Http/Middleware/ValidatePostSize.php(27): Illuminate\\Pipeline\\Pipeline->Illuminate\\Pipeline\\{closure}()
#66 /home/skytech/ISP-BILLING-main/vendor/laravel/framework/src/Illuminate/Pipeline/Pipeline.php(219): Illuminate\\Http\\Middleware\\ValidatePostSize->handle()
#67 /home/skytech/ISP-BILLING-main/vendor/laravel/framework/src/Illuminate/Foundation/Http/Middleware/PreventRequestsDuringMaintenance.php(109): Illuminate\\Pipeline\\Pipeline->Illuminate\\Pipeline\\{closure}()
#68 /home/skytech/ISP-BILLING-main/vendor/laravel/framework/src/Illuminate/Pipeline/Pipeline.php(219): Illuminate\\Foundation\\Http\\Middleware\\PreventRequestsDuringMaintenance->handle()
#69 /home/skytech/ISP-BILLING-main/vendor/laravel/framework/src/Illuminate/Http/Middleware/HandleCors.php(61): Illuminate\\Pipeline\\Pipeline->Illuminate\\Pipeline\\{closure}()
#70 /home/skytech/ISP-BILLING-main/vendor/laravel/framework/src/Illuminate/Pipeline/Pipeline.php(219): Illuminate\\Http\\Middleware\\HandleCors->handle()
#71 /home/skytech/ISP-BILLING-main/vendor/laravel/framework/src/Illuminate/Http/Middleware/TrustProxies.php(58): Illuminate\\Pipeline\\Pipeline->Illuminate\\Pipeline\\{closure}()
#72 /home/skytech/ISP-BILLING-main/vendor/laravel/framework/src/Illuminate/Pipeline/Pipeline.php(219): Illuminate\\Http\\Middleware\\TrustProxies->handle()
#73 /home/skytech/ISP-BILLING-main/vendor/laravel/framework/src/Illuminate/Foundation/Http/Middleware/InvokeDeferredCallbacks.php(22): Illuminate\\Pipeline\\Pipeline->Illuminate\\Pipeline\\{closure}()
#74 /home/skytech/ISP-BILLING-main/vendor/laravel/framework/src/Illuminate/Pipeline/Pipeline.php(219): Illuminate\\Foundation\\Http\\Middleware\\InvokeDeferredCallbacks->handle()
#75 /home/skytech/ISP-BILLING-main/vendor/laravel/framework/src/Illuminate/Http/Middleware/ValidatePathEncoding.php(26): Illuminate\\Pipeline\\Pipeline->Illuminate\\Pipeline\\{closure}()
#76 /home/skytech/ISP-BILLING-main/vendor/laravel/framework/src/Illuminate/Pipeline/Pipeline.php(219): Illuminate\\Http\\Middleware\\ValidatePathEncoding->handle()
#77 /home/skytech/ISP-BILLING-main/vendor/laravel/framework/src/Illuminate/Pipeline/Pipeline.php(137): Illuminate\\Pipeline\\Pipeline->Illuminate\\Pipeline\\{closure}()
#78 /home/skytech/ISP-BILLING-main/vendor/laravel/framework/src/Illuminate/Foundation/Http/Kernel.php(175): Illuminate\\Pipeline\\Pipeline->then()
#79 /home/skytech/ISP-BILLING-main/vendor/laravel/framework/src/Illuminate/Foundation/Http/Kernel.php(144): Illuminate\\Foundation\\Http\\Kernel->sendRequestThroughRouter()
#80 /home/skytech/ISP-BILLING-main/vendor/laravel/framework/src/Illuminate/Foundation/Application.php(1220): Illuminate\\Foundation\\Http\\Kernel->handle()
#81 /home/skytech/ISP-BILLING-main/public/index.php(20): Illuminate\\Foundation\\Application->handleRequest()
#82 {main}
"} 
[2026-09-25 14:11:51] production.ERROR: Undefined variable $assignedAdditionalRoles (View: /home/skytech/ISP-BILLING-main/resources/views/admin/resellers/edit.blade.php) {"userId":1,"exception":"[object] (Illuminate\\View\\ViewException(code: 0): Undefined variable $assignedAdditionalRoles (View: /home/skytech/ISP-BILLING-main/resources/views/admin/resellers/edit.blade.php) at /home/skytech/ISP-BILLING-main/storage/framework/views/b717d64fd9a0d72c4743c21b519a92bb.php:157)
[stacktrace]
#0 /home/skytech/ISP-BILLING-main/vendor/livewire/livewire/src/Mechanisms/ExtendBlade/ExtendedCompilerEngine.php(58): Illuminate\\View\\Engines\\CompilerEngine->handleViewException()
#1 /home/skytech/ISP-BILLING-main/vendor/laravel/framework/src/Illuminate/View/Engines/PhpEngine.php(59): Livewire\\Mechanisms\\ExtendBlade\\ExtendedCompilerEngine->handleViewException()
#2 /home/skytech/ISP-BILLING-main/vendor/livewire/livewire/src/Mechanisms/ExtendBlade/ExtendedCompilerEngine.php(22): Illuminate\\View\\Engines\\PhpEngine->evaluatePath()
#3 /home/skytech/ISP-BILLING-main/vendor/laravel/framework/src/Illuminate/View/Engines/CompilerEngine.php(76): Livewire\\Mechanisms\\ExtendBlade\\ExtendedCompilerEngine->evaluatePath()
#4 /home/skytech/ISP-BILLING-main/vendor/livewire/livewire/src/Mechanisms/ExtendBlade/ExtendedCompilerEngine.php(10): Illuminate\\View\\Engines\\CompilerEngine->get()
#5 /home/skytech/ISP-BILLING-main/vendor/laravel/framework/src/Illuminate/View/View.php(208): Livewire\\Mechanisms\\ExtendBlade\\ExtendedCompilerEngine->get()
#6 /home/skytech/ISP-BILLING-main/vendor/laravel/framework/src/Illuminate/View/View.php(191): Illuminate\\View\\View->getContents()
#7 /home/skytech/ISP-BILLING-main/vendor/laravel/framework/src/Illuminate/View/View.php(160): Illuminate\\View\\View->renderContents()
#8 /home/skytech/ISP-BILLING-main/vendor/laravel/framework/src/Illuminate/Http/Response.php(78): Illuminate\\View\\View->render()
#9 /home/skytech/ISP-BILLING-main/vendor/laravel/framework/src/Illuminate/Http/Response.php(34): Illuminate\\Http\\Response->setContent()
#10 /home/skytech/ISP-BILLING-main/vendor/laravel/framework/src/Illuminate/Routing/Router.php(939): Illuminate\\Http\\Response->__construct()
#11 /home/skytech/ISP-BILLING-main/vendor/laravel/framework/src/Illuminate/Routing/Router.php(906): Illuminate\\Routing\\Router::toResponse()
#12 /home/skytech/ISP-BILLING-main/vendor/laravel/framework/src/Illuminate/Routing/Router.php(821): Illuminate\\Routing\\Router->prepareResponse()
#13 /home/skytech/ISP-BILLING-main/vendor/laravel/framework/src/Illuminate/Pipeline/Pipeline.php(180): Illuminate\\Routing\\Router->Illuminate\\Routing\\{closure}()
#14 /home/skytech/ISP-BILLING-main/app/Http/Middleware/RestrictHotelUserPortal.php(45): Illuminate\\Pipeline\\Pipeline->Illuminate\\Pipeline\\{closure}()
#15 /home/skytech/ISP-BILLING-main/vendor/laravel/framework/src/Illuminate/Pipeline/Pipeline.php(219): App\\Http\\Middleware\\RestrictHotelUserPortal->handle()
#16 /home/skytech/ISP-BILLING-main/app/Http/Middleware/ForcePortalPasswordChange.php(13): Illuminate\\Pipeline\\Pipeline->Illuminate\\Pipeline\\{closure}()
#17 /home/skytech/ISP-BILLING-main/vendor/laravel/framework/src/Illuminate/Pipeline/Pipeline.php(219): App\\Http\\Middleware\\ForcePortalPasswordChange->handle()
#18 /home/skytech/ISP-BILLING-main/app/Http/Middleware/RestrictToProfileIfNoPermissions.php(61): Illuminate\\Pipeline\\Pipeline->Illuminate\\Pipeline\\{closure}()
#19 /home/skytech/ISP-BILLING-main/vendor/laravel/framework/src/Illuminate/Pipeline/Pipeline.php(219): App\\Http\\Middleware\\RestrictToProfileIfNoPermissions->handle()
#20 /home/skytech/ISP-BILLING-main/vendor/laravel/framework/src/Illuminate/Auth/Middleware/EnsureEmailIsVerified.php(41): Illuminate\\Pipeline\\Pipeline->Illuminate\\Pipeline\\{closure}()
#21 /home/skytech/ISP-BILLING-main/vendor/laravel/framework/src/Illuminate/Pipeline/Pipeline.php(219): Illuminate\\Auth\\Middleware\\EnsureEmailIsVerified->handle()
#22 /home/skytech/ISP-BILLING-main/vendor/php-flasher/flasher-laravel/Middleware/FlasherMiddleware.php(21): Illuminate\\Pipeline\\Pipeline->Illuminate\\Pipeline\\{closure}()
#23 /home/skytech/ISP-BILLING-main/vendor/laravel/framework/src/Illuminate/Pipeline/Pipeline.php(219): Flasher\\Laravel\\Middleware\\FlasherMiddleware->handle()
#24 /home/skytech/ISP-BILLING-main/vendor/php-flasher/flasher-laravel/Middleware/SessionMiddleware.php(21): Illuminate\\Pipeline\\Pipeline->Illuminate\\Pipeline\\{closure}()
#25 /home/skytech/ISP-BILLING-main/vendor/laravel/framework/src/Illuminate/Pipeline/Pipeline.php(219): Flasher\\Laravel\\Middleware\\SessionMiddleware->handle()
#26 /home/skytech/ISP-BILLING-main/app/Http/Middleware/SetLocaleFromSession.php(42): Illuminate\\Pipeline\\Pipeline->Illuminate\\Pipeline\\{closure}()
#27 /home/skytech/ISP-BILLING-main/vendor/laravel/framework/src/Illuminate/Pipeline/Pipeline.php(219): App\\Http\\Middleware\\SetLocaleFromSession->handle()
#28 /home/skytech/ISP-BILLING-main/vendor/laravel/framework/src/Illuminate/Routing/Middleware/SubstituteBindings.php(50): Illuminate\\Pipeline\\Pipeline->Illuminate\\Pipeline\\{closure}()
#29 /home/skytech/ISP-BILLING-main/vendor/laravel/framework/src/Illuminate/Pipeline/Pipeline.php(219): Illuminate\\Routing\\Middleware\\SubstituteBindings->handle()
#30 /home/skytech/ISP-BILLING-main/vendor/laravel/framework/src/Illuminate/Session/Middleware/AuthenticateSession.php(70): Illuminate\\Pipeline\\Pipeline->Illuminate\\Pipeline\\{closure}()
#31 /home/skytech/ISP-BILLING-main/vendor/laravel/framework/src/Illuminate/Pipeline/Pipeline.php(219): Illuminate\\Session\\Middleware\\AuthenticateSession->handle()
#32 /home/skytech/ISP-BILLING-main/vendor/laravel/framework/src/Illuminate/Auth/Middleware/Authenticate.php(63): Illuminate\\Pipeline\\Pipeline->Illuminate\\Pipeline\\{closure}()
#33 /home/skytech/ISP-BILLING-main/vendor/laravel/framework/src/Illuminate/Pipeline/Pipeline.php(219): Illuminate\\Auth\\Middleware\\Authenticate->handle()
#34 /home/skytech/ISP-BILLING-main/vendor/laravel/framework/src/Illuminate/Foundation/Http/Middleware/VerifyCsrfToken.php(87): Illuminate\\Pipeline\\Pipeline->Illuminate\\Pipeline\\{closure}()
#35 /home/skytech/ISP-BILLING-main/vendor/laravel/framework/src/Illuminate/Pipeline/Pipeline.php(219): Illuminate\\Foundation\\Http\\Middleware\\VerifyCsrfToken->handle()
#36 /home/skytech/ISP-BILLING-main/vendor/laravel/framework/src/Illuminate/View/Middleware/ShareErrorsFromSession.php(48): Illuminate\\Pipeline\\Pipeline->Illuminate\\Pipeline\\{closure}()
#37 /home/skytech/ISP-BILLING-main/vendor/laravel/framework/src/Illuminate/Pipeline/Pipeline.php(219): Illuminate\\View\\Middleware\\ShareErrorsFromSession->handle()
#38 /home/skytech/ISP-BILLING-main/vendor/laravel/framework/src/Illuminate/Session/Middleware/StartSession.php(120): Illuminate\\Pipeline\\Pipeline->Illuminate\\Pipeline\\{closure}()
#39 /home/skytech/ISP-BILLING-main/vendor/laravel/framework/src/Illuminate/Session/Middleware/StartSession.php(63): Illuminate\\Session\\Middleware\\StartSession->handleStatefulRequest()
#40 /home/skytech/ISP-BILLING-main/vendor/laravel/framework/src/Illuminate/Pipeline/Pipeline.php(219): Illuminate\\Session\\Middleware\\StartSession->handle()
#41 /home/skytech/ISP-BILLING-main/vendor/laravel/framework/src/Illuminate/Cookie/Middleware/AddQueuedCookiesToResponse.php(36): Illuminate\\Pipeline\\Pipeline->Illuminate\\Pipeline\\{closure}()
#42 /home/skytech/ISP-BILLING-main/vendor/laravel/framework/src/Illuminate/Pipeline/Pipeline.php(219): Illuminate\\Cookie\\Middleware\\AddQueuedCookiesToResponse->handle()
#43 /home/skytech/ISP-BILLING-main/vendor/laravel/framework/src/Illuminate/Cookie/Middleware/EncryptCookies.php(74): Illuminate\\Pipeline\\Pipeline->Illuminate\\Pipeline\\{closure}()
#44 /home/skytech/ISP-BILLING-main/vendor/laravel/framework/src/Illuminate/Pipeline/Pipeline.php(219): Illuminate\\Cookie\\Middleware\\EncryptCookies->handle()
#45 /home/skytech/ISP-BILLING-main/vendor/laravel/framework/src/Illuminate/Pipeline/Pipeline.php(137): Illuminate\\Pipeline\\Pipeline->Illuminate\\Pipeline\\{closure}()
#46 /home/skytech/ISP-BILLING-main/vendor/laravel/framework/src/Illuminate/Routing/Router.php(821): Illuminate\\Pipeline\\Pipeline->then()
#47 /home/skytech/ISP-BILLING-main/vendor/laravel/framework/src/Illuminate/Routing/Router.php(800): Illuminate\\Routing\\Router->runRouteWithinStack()
#48 /home/skytech/ISP-BILLING-main/vendor/laravel/framework/src/Illuminate/Routing/Router.php(764): Illuminate\\Routing\\Router->runRoute()
#49 /home/skytech/ISP-BILLING-main/vendor/laravel/framework/src/Illuminate/Routing/Router.php(753): Illuminate\\Routing\\Router->dispatchToRoute()
#50 /home/skytech/ISP-BILLING-main/vendor/laravel/framework/src/Illuminate/Foundation/Http/Kernel.php(200): Illuminate\\Routing\\Router->dispatch()
#51 /home/skytech/ISP-BILLING-main/vendor/laravel/framework/src/Illuminate/Pipeline/Pipeline.php(180): Illuminate\\Foundation\\Http\\Kernel->Illuminate\\Foundation\\Http\\{closure}()
#52 /home/skytech/ISP-BILLING-main/vendor/livewire/livewire/src/Features/SupportDisablingBackButtonCache/DisableBackButtonCacheMiddleware.php(19): Illuminate\\Pipeline\\Pipeline->Illuminate\\Pipeline\\{closure}()
#53 /home/skytech/ISP-BILLING-main/vendor/laravel/framework/src/Illuminate/Pipeline/Pipeline.php(219): Livewire\\Features\\SupportDisablingBackButtonCache\\DisableBackButtonCacheMiddleware->handle()
#54 /home/skytech/ISP-BILLING-main/app/Http/Middleware/CheckSiteStatus.php(55): Illuminate\\Pipeline\\Pipeline->Illuminate\\Pipeline\\{closure}()
#55 /home/skytech/ISP-BILLING-main/vendor/laravel/framework/src/Illuminate/Pipeline/Pipeline.php(219): App\\Http\\Middleware\\CheckSiteStatus->handle()
#56 /home/skytech/ISP-BILLING-main/vendor/laravel/framework/src/Illuminate/Foundation/Http/Middleware/TransformsRequest.php(21): Illuminate\\Pipeline\\Pipeline->Illuminate\\Pipeline\\{closure}()
#57 /home/skytech/ISP-BILLING-main/vendor/laravel/framework/src/Illuminate/Foundation/Http/Middleware/ConvertEmptyStringsToNull.php(31): Illuminate\\Foundation\\Http\\Middleware\\TransformsRequest->handle()
#58 /home/skytech/ISP-BILLING-main/vendor/laravel/framework/src/Illuminate/Pipeline/Pipeline.php(219): Illuminate\\Foundation\\Http\\Middleware\\ConvertEmptyStringsToNull->handle()
#59 /home/skytech/ISP-BILLING-main/vendor/laravel/framework/src/Illuminate/Foundation/Http/Middleware/TransformsRequest.php(21): Illuminate\\Pipeline\\Pipeline->Illuminate\\Pipeline\\{closure}()
#60 /home/skytech/ISP-BILLING-main/vendor/laravel/framework/src/Illuminate/Foundation/Http/Middleware/TrimStrings.php(51): Illuminate\\Foundation\\Http\\Middleware\\TransformsRequest->handle()
#61 /home/skytech/ISP-BILLING-main/vendor/laravel/framework/src/Illuminate/Pipeline/Pipeline.php(219): Illuminate\\Foundation\\Http\\Middleware\\TrimStrings->handle()
#62 /home/skytech/ISP-BILLING-main/vendor/laravel/framework/src/Illuminate/Http/Middleware/ValidatePostSize.php(27): Illuminate\\Pipeline\\Pipeline->Illuminate\\Pipeline\\{closure}()
#63 /home/skytech/ISP-BILLING-main/vendor/laravel/framework/src/Illuminate/Pipeline/Pipeline.php(219): Illuminate\\Http\\Middleware\\ValidatePostSize->handle()
#64 /home/skytech/ISP-BILLING-main/vendor/laravel/framework/src/Illuminate/Foundation/Http/Middleware/PreventRequestsDuringMaintenance.php(109): Illuminate\\Pipeline\\Pipeline->Illuminate\\Pipeline\\{closure}()
#65 /home/skytech/ISP-BILLING-main/vendor/laravel/framework/src/Illuminate/Pipeline/Pipeline.php(219): Illuminate\\Foundation\\Http\\Middleware\\PreventRequestsDuringMaintenance->handle()
#66 /home/skytech/ISP-BILLING-main/vendor/laravel/framework/src/Illuminate/Http/Middleware/HandleCors.php(61): Illuminate\\Pipeline\\Pipeline->Illuminate\\Pipeline\\{closure}()
#67 /home/skytech/ISP-BILLING-main/vendor/laravel/framework/src/Illuminate/Pipeline/Pipeline.php(219): Illuminate\\Http\\Middleware\\HandleCors->handle()
#68 /home/skytech/ISP-BILLING-main/vendor/laravel/framework/src/Illuminate/Http/Middleware/TrustProxies.php(58): Illuminate\\Pipeline\\Pipeline->Illuminate\\Pipeline\\{closure}()
#69 /home/skytech/ISP-BILLING-main/vendor/laravel/framework/src/Illuminate/Pipeline/Pipeline.php(219): Illuminate\\Http\\Middleware\\TrustProxies->handle()
#70 /home/skytech/ISP-BILLING-main/vendor/laravel/framework/src/Illuminate/Foundation/Http/Middleware/InvokeDeferredCallbacks.php(22): Illuminate\\Pipeline\\Pipeline->Illuminate\\Pipeline\\{closure}()
#71 /home/skytech/ISP-BILLING-main/vendor/laravel/framework/src/Illuminate/Pipeline/Pipeline.php(219): Illuminate\\Foundation\\Http\\Middleware\\InvokeDeferredCallbacks->handle()
#72 /home/skytech/ISP-BILLING-main/vendor/laravel/framework/src/Illuminate/Http/Middleware/ValidatePathEncoding.php(26): Illuminate\\Pipeline\\Pipeline->Illuminate\\Pipeline\\{closure}()
#73 /home/skytech/ISP-BILLING-main/vendor/laravel/framework/src/Illuminate/Pipeline/Pipeline.php(219): Illuminate\\Http\\Middleware\\ValidatePathEncoding->handle()
#74 /home/skytech/ISP-BILLING-main/vendor/laravel/framework/src/Illuminate/Pipeline/Pipeline.php(137): Illuminate\\Pipeline\\Pipeline->Illuminate\\Pipeline\\{closure}()
#75 /home/skytech/ISP-BILLING-main/vendor/laravel/framework/src/Illuminate/Foundation/Http/Kernel.php(175): Illuminate\\Pipeline\\Pipeline->then()
#76 /home/skytech/ISP-BILLING-main/vendor/laravel/framework/src/Illuminate/Foundation/Http/Kernel.php(144): Illuminate\\Foundation\\Http\\Kernel->sendRequestThroughRouter()
#77 /home/skytech/ISP-BILLING-main/vendor/laravel/framework/src/Illuminate/Foundation/Application.php(1220): Illuminate\\Foundation\\Http\\Kernel->handle()
#78 /home/skytech/ISP-BILLING-main/public/index.php(20): Illuminate\\Foundation\\Application->handleRequest()
#79 {main}

[previous exception] [object] (ErrorException(code: 0): Undefined variable $assignedAdditionalRoles at /home/skytech/ISP-BILLING-main/storage/framework/views/b717d64fd9a0d72c4743c21b519a92bb.php:157)
[stacktrace]
#0 /home/skytech/ISP-BILLING-main/vendor/laravel/framework/src/Illuminate/Foundation/Bootstrap/HandleExceptions.php(262): Illuminate\\Foundation\\Bootstrap\\HandleExceptions->handleError()
#1 /home/skytech/ISP-BILLING-main/storage/framework/views/b717d64fd9a0d72c4743c21b519a92bb.php(157): Illuminate\\Foundation\\Bootstrap\\HandleExceptions->Illuminate\\Foundation\\Bootstrap\\{closure}()
#2 /home/skytech/ISP-BILLING-main/vendor/laravel/framework/src/Illuminate/Filesystem/Filesystem.php(123): require('...')
#3 /home/skytech/ISP-BILLING-main/vendor/laravel/framework/src/Illuminate/Filesystem/Filesystem.php(124): Illuminate\\Filesystem\\Filesystem::Illuminate\\Filesystem\\{closure}()
#4 /home/skytech/ISP-BILLING-main/vendor/laravel/framework/src/Illuminate/View/Engines/PhpEngine.php(57): Illuminate\\Filesystem\\Filesystem->getRequire()
#5 /home/skytech/ISP-BILLING-main/vendor/livewire/livewire/src/Mechanisms/ExtendBlade/ExtendedCompilerEngine.php(22): Illuminate\\View\\Engines\\PhpEngine->evaluatePath()
#6 /home/skytech/ISP-BILLING-main/vendor/laravel/framework/src/Illuminate/View/Engines/CompilerEngine.php(76): Livewire\\Mechanisms\\ExtendBlade\\ExtendedCompilerEngine->evaluatePath()
#7 /home/skytech/ISP-BILLING-main/vendor/livewire/livewire/src/Mechanisms/ExtendBlade/ExtendedCompilerEngine.php(10): Illuminate\\View\\Engines\\CompilerEngine->get()
#8 /home/skytech/ISP-BILLING-main/vendor/laravel/framework/src/Illuminate/View/View.php(208): Livewire\\Mechanisms\\ExtendBlade\\ExtendedCompilerEngine->get()
#9 /home/skytech/ISP-BILLING-main/vendor/laravel/framework/src/Illuminate/View/View.php(191): Illuminate\\View\\View->getContents()
#10 /home/skytech/ISP-BILLING-main/vendor/laravel/framework/src/Illuminate/View/View.php(160): Illuminate\\View\\View->renderContents()
#11 /home/skytech/ISP-BILLING-main/vendor/laravel/framework/src/Illuminate/Http/Response.php(78): Illuminate\\View\\View->render()
#12 /home/skytech/ISP-BILLING-main/vendor/laravel/framework/src/Illuminate/Http/Response.php(34): Illuminate\\Http\\Response->setContent()
#13 /home/skytech/ISP-BILLING-main/vendor/laravel/framework/src/Illuminate/Routing/Router.php(939): Illuminate\\Http\\Response->__construct()
#14 /home/skytech/ISP-BILLING-main/vendor/laravel/framework/src/Illuminate/Routing/Router.php(906): Illuminate\\Routing\\Router::toResponse()
#15 /home/skytech/ISP-BILLING-main/vendor/laravel/framework/src/Illuminate/Routing/Router.php(821): Illuminate\\Routing\\Router->prepareResponse()
#16 /home/skytech/ISP-BILLING-main/vendor/laravel/framework/src/Illuminate/Pipeline/Pipeline.php(180): Illuminate\\Routing\\Router->Illuminate\\Routing\\{closure}()
#17 /home/skytech/ISP-BILLING-main/app/Http/Middleware/RestrictHotelUserPortal.php(45): Illuminate\\Pipeline\\Pipeline->Illuminate\\Pipeline\\{closure}()
#18 /home/skytech/ISP-BILLING-main/vendor/laravel/framework/src/Illuminate/Pipeline/Pipeline.php(219): App\\Http\\Middleware\\RestrictHotelUserPortal->handle()
#19 /home/skytech/ISP-BILLING-main/app/Http/Middleware/ForcePortalPasswordChange.php(13): Illuminate\\Pipeline\\Pipeline->Illuminate\\Pipeline\\{closure}()
#20 /home/skytech/ISP-BILLING-main/vendor/laravel/framework/src/Illuminate/Pipeline/Pipeline.php(219): App\\Http\\Middleware\\ForcePortalPasswordChange->handle()
#21 /home/skytech/ISP-BILLING-main/app/Http/Middleware/RestrictToProfileIfNoPermissions.php(61): Illuminate\\Pipeline\\Pipeline->Illuminate\\Pipeline\\{closure}()
#22 /home/skytech/ISP-BILLING-main/vendor/laravel/framework/src/Illuminate/Pipeline/Pipeline.php(219): App\\Http\\Middleware\\RestrictToProfileIfNoPermissions->handle()
#23 /home/skytech/ISP-BILLING-main/vendor/laravel/framework/src/Illuminate/Auth/Middleware/EnsureEmailIsVerified.php(41): Illuminate\\Pipeline\\Pipeline->Illuminate\\Pipeline\\{closure}()
#24 /home/skytech/ISP-BILLING-main/vendor/laravel/framework/src/Illuminate/Pipeline/Pipeline.php(219): Illuminate\\Auth\\Middleware\\EnsureEmailIsVerified->handle()
#25 /home/skytech/ISP-BILLING-main/vendor/php-flasher/flasher-laravel/Middleware/FlasherMiddleware.php(21): Illuminate\\Pipeline\\Pipeline->Illuminate\\Pipeline\\{closure}()
#26 /home/skytech/ISP-BILLING-main/vendor/laravel/framework/src/Illuminate/Pipeline/Pipeline.php(219): Flasher\\Laravel\\Middleware\\FlasherMiddleware->handle()
#27 /home/skytech/ISP-BILLING-main/vendor/php-flasher/flasher-laravel/Middleware/SessionMiddleware.php(21): Illuminate\\Pipeline\\Pipeline->Illuminate\\Pipeline\\{closure}()
#28 /home/skytech/ISP-BILLING-main/vendor/laravel/framework/src/Illuminate/Pipeline/Pipeline.php(219): Flasher\\Laravel\\Middleware\\SessionMiddleware->handle()
#29 /home/skytech/ISP-BILLING-main/app/Http/Middleware/SetLocaleFromSession.php(42): Illuminate\\Pipeline\\Pipeline->Illuminate\\Pipeline\\{closure}()
#30 /home/skytech/ISP-BILLING-main/vendor/laravel/framework/src/Illuminate/Pipeline/Pipeline.php(219): App\\Http\\Middleware\\SetLocaleFromSession->handle()
#31 /home/skytech/ISP-BILLING-main/vendor/laravel/framework/src/Illuminate/Routing/Middleware/SubstituteBindings.php(50): Illuminate\\Pipeline\\Pipeline->Illuminate\\Pipeline\\{closure}()
#32 /home/skytech/ISP-BILLING-main/vendor/laravel/framework/src/Illuminate/Pipeline/Pipeline.php(219): Illuminate\\Routing\\Middleware\\SubstituteBindings->handle()
#33 /home/skytech/ISP-BILLING-main/vendor/laravel/framework/src/Illuminate/Session/Middleware/AuthenticateSession.php(70): Illuminate\\Pipeline\\Pipeline->Illuminate\\Pipeline\\{closure}()
#34 /home/skytech/ISP-BILLING-main/vendor/laravel/framework/src/Illuminate/Pipeline/Pipeline.php(219): Illuminate\\Session\\Middleware\\AuthenticateSession->handle()
#35 /home/skytech/ISP-BILLING-main/vendor/laravel/framework/src/Illuminate/Auth/Middleware/Authenticate.php(63): Illuminate\\Pipeline\\Pipeline->Illuminate\\Pipeline\\{closure}()
#36 /home/skytech/ISP-BILLING-main/vendor/laravel/framework/src/Illuminate/Pipeline/Pipeline.php(219): Illuminate\\Auth\\Middleware\\Authenticate->handle()
#37 /home/skytech/ISP-BILLING-main/vendor/laravel/framework/src/Illuminate/Foundation/Http/Middleware/VerifyCsrfToken.php(87): Illuminate\\Pipeline\\Pipeline->Illuminate\\Pipeline\\{closure}()
#38 /home/skytech/ISP-BILLING-main/vendor/laravel/framework/src/Illuminate/Pipeline/Pipeline.php(219): Illuminate\\Foundation\\Http\\Middleware\\VerifyCsrfToken->handle()
#39 /home/skytech/ISP-BILLING-main/vendor/laravel/framework/src/Illuminate/View/Middleware/ShareErrorsFromSession.php(48): Illuminate\\Pipeline\\Pipeline->Illuminate\\Pipeline\\{closure}()
#40 /home/skytech/ISP-BILLING-main/vendor/laravel/framework/src/Illuminate/Pipeline/Pipeline.php(219): Illuminate\\View\\Middleware\\ShareErrorsFromSession->handle()
#41 /home/skytech/ISP-BILLING-main/vendor/laravel/framework/src/Illuminate/Session/Middleware/StartSession.php(120): Illuminate\\Pipeline\\Pipeline->Illuminate\\Pipeline\\{closure}()
#42 /home/skytech/ISP-BILLING-main/vendor/laravel/framework/src/Illuminate/Session/Middleware/StartSession.php(63): Illuminate\\Session\\Middleware\\StartSession->handleStatefulRequest()
#43 /home/skytech/ISP-BILLING-main/vendor/laravel/framework/src/Illuminate/Pipeline/Pipeline.php(219): Illuminate\\Session\\Middleware\\StartSession->handle()
#44 /home/skytech/ISP-BILLING-main/vendor/laravel/framework/src/Illuminate/Cookie/Middleware/AddQueuedCookiesToResponse.php(36): Illuminate\\Pipeline\\Pipeline->Illuminate\\Pipeline\\{closure}()
#45 /home/skytech/ISP-BILLING-main/vendor/laravel/framework/src/Illuminate/Pipeline/Pipeline.php(219): Illuminate\\Cookie\\Middleware\\AddQueuedCookiesToResponse->handle()
#46 /home/skytech/ISP-BILLING-main/vendor/laravel/framework/src/Illuminate/Cookie/Middleware/EncryptCookies.php(74): Illuminate\\Pipeline\\Pipeline->Illuminate\\Pipeline\\{closure}()
#47 /home/skytech/ISP-BILLING-main/vendor/laravel/framework/src/Illuminate/Pipeline/Pipeline.php(219): Illuminate\\Cookie\\Middleware\\EncryptCookies->handle()
#48 /home/skytech/ISP-BILLING-main/vendor/laravel/framework/src/Illuminate/Pipeline/Pipeline.php(137): Illuminate\\Pipeline\\Pipeline->Illuminate\\Pipeline\\{closure}()
#49 /home/skytech/ISP-BILLING-main/vendor/laravel/framework/src/Illuminate/Routing/Router.php(821): Illuminate\\Pipeline\\Pipeline->then()
#50 /home/skytech/ISP-BILLING-main/vendor/laravel/framework/src/Illuminate/Routing/Router.php(800): Illuminate\\Routing\\Router->runRouteWithinStack()
#51 /home/skytech/ISP-BILLING-main/vendor/laravel/framework/src/Illuminate/Routing/Router.php(764): Illuminate\\Routing\\Router->runRoute()
#52 /home/skytech/ISP-BILLING-main/vendor/laravel/framework/src/Illuminate/Routing/Router.php(753): Illuminate\\Routing\\Router->dispatchToRoute()
#53 /home/skytech/ISP-BILLING-main/vendor/laravel/framework/src/Illuminate/Foundation/Http/Kernel.php(200): Illuminate\\Routing\\Router->dispatch()
#54 /home/skytech/ISP-BILLING-main/vendor/laravel/framework/src/Illuminate/Pipeline/Pipeline.php(180): Illuminate\\Foundation\\Http\\Kernel->Illuminate\\Foundation\\Http\\{closure}()
#55 /home/skytech/ISP-BILLING-main/vendor/livewire/livewire/src/Features/SupportDisablingBackButtonCache/DisableBackButtonCacheMiddleware.php(19): Illuminate\\Pipeline\\Pipeline->Illuminate\\Pipeline\\{closure}()
#56 /home/skytech/ISP-BILLING-main/vendor/laravel/framework/src/Illuminate/Pipeline/Pipeline.php(219): Livewire\\Features\\SupportDisablingBackButtonCache\\DisableBackButtonCacheMiddleware->handle()
#57 /home/skytech/ISP-BILLING-main/app/Http/Middleware/CheckSiteStatus.php(55): Illuminate\\Pipeline\\Pipeline->Illuminate\\Pipeline\\{closure}()
#58 /home/skytech/ISP-BILLING-main/vendor/laravel/framework/src/Illuminate/Pipeline/Pipeline.php(219): App\\Http\\Middleware\\CheckSiteStatus->handle()
#59 /home/skytech/ISP-BILLING-main/vendor/laravel/framework/src/Illuminate/Foundation/Http/Middleware/TransformsRequest.php(21): Illuminate\\Pipeline\\Pipeline->Illuminate\\Pipeline\\{closure}()
#60 /home/skytech/ISP-BILLING-main/vendor/laravel/framework/src/Illuminate/Foundation/Http/Middleware/ConvertEmptyStringsToNull.php(31): Illuminate\\Foundation\\Http\\Middleware\\TransformsRequest->handle()
#61 /home/skytech/ISP-BILLING-main/vendor/laravel/framework/src/Illuminate/Pipeline/Pipeline.php(219): Illuminate\\Foundation\\Http\\Middleware\\ConvertEmptyStringsToNull->handle()
#62 /home/skytech/ISP-BILLING-main/vendor/laravel/framework/src/Illuminate/Foundation/Http/Middleware/TransformsRequest.php(21): Illuminate\\Pipeline\\Pipeline->Illuminate\\Pipeline\\{closure}()
#63 /home/skytech/ISP-BILLING-main/vendor/laravel/framework/src/Illuminate/Foundation/Http/Middleware/TrimStrings.php(51): Illuminate\\Foundation\\Http\\Middleware\\TransformsRequest->handle()
#64 /home/skytech/ISP-BILLING-main/vendor/laravel/framework/src/Illuminate/Pipeline/Pipeline.php(219): Illuminate\\Foundation\\Http\\Middleware\\TrimStrings->handle()
#65 /home/skytech/ISP-BILLING-main/vendor/laravel/framework/src/Illuminate/Http/Middleware/ValidatePostSize.php(27): Illuminate\\Pipeline\\Pipeline->Illuminate\\Pipeline\\{closure}()
#66 /home/skytech/ISP-BILLING-main/vendor/laravel/framework/src/Illuminate/Pipeline/Pipeline.php(219): Illuminate\\Http\\Middleware\\ValidatePostSize->handle()
#67 /home/skytech/ISP-BILLING-main/vendor/laravel/framework/src/Illuminate/Foundation/Http/Middleware/PreventRequestsDuringMaintenance.php(109): Illuminate\\Pipeline\\Pipeline->Illuminate\\Pipeline\\{closure}()
#68 /home/skytech/ISP-BILLING-main/vendor/laravel/framework/src/Illuminate/Pipeline/Pipeline.php(219): Illuminate\\Foundation\\Http\\Middleware\\PreventRequestsDuringMaintenance->handle()
#69 /home/skytech/ISP-BILLING-main/vendor/laravel/framework/src/Illuminate/Http/Middleware/HandleCors.php(61): Illuminate\\Pipeline\\Pipeline->Illuminate\\Pipeline\\{closure}()
#70 /home/skytech/ISP-BILLING-main/vendor/laravel/framework/src/Illuminate/Pipeline/Pipeline.php(219): Illuminate\\Http\\Middleware\\HandleCors->handle()
#71 /home/skytech/ISP-BILLING-main/vendor/laravel/framework/src/Illuminate/Http/Middleware/TrustProxies.php(58): Illuminate\\Pipeline\\Pipeline->Illuminate\\Pipeline\\{closure}()
#72 /home/skytech/ISP-BILLING-main/vendor/laravel/framework/src/Illuminate/Pipeline/Pipeline.php(219): Illuminate\\Http\\Middleware\\TrustProxies->handle()
#73 /home/skytech/ISP-BILLING-main/vendor/laravel/framework/src/Illuminate/Foundation/Http/Middleware/InvokeDeferredCallbacks.php(22): Illuminate\\Pipeline\\Pipeline->Illuminate\\Pipeline\\{closure}()
#74 /home/skytech/ISP-BILLING-main/vendor/laravel/framework/src/Illuminate/Pipeline/Pipeline.php(219): Illuminate\\Foundation\\Http\\Middleware\\InvokeDeferredCallbacks->handle()
#75 /home/skytech/ISP-BILLING-main/vendor/laravel/framework/src/Illuminate/Http/Middleware/ValidatePathEncoding.php(26): Illuminate\\Pipeline\\Pipeline->Illuminate\\Pipeline\\{closure}()
#76 /home/skytech/ISP-BILLING-main/vendor/laravel/framework/src/Illuminate/Pipeline/Pipeline.php(219): Illuminate\\Http\\Middleware\\ValidatePathEncoding->handle()
#77 /home/skytech/ISP-BILLING-main/vendor/laravel/framework/src/Illuminate/Pipeline/Pipeline.php(137): Illuminate\\Pipeline\\Pipeline->Illuminate\\Pipeline\\{closure}()
#78 /home/skytech/ISP-BILLING-main/vendor/laravel/framework/src/Illuminate/Foundation/Http/Kernel.php(175): Illuminate\\Pipeline\\Pipeline->then()
#79 /home/skytech/ISP-BILLING-main/vendor/laravel/framework/src/Illuminate/Foundation/Http/Kernel.php(144): Illuminate\\Foundation\\Http\\Kernel->sendRequestThroughRouter()
#80 /home/skytech/ISP-BILLING-main/vendor/laravel/framework/src/Illuminate/Foundation/Application.php(1220): Illuminate\\Foundation\\Http\\Kernel->handle()
#81 /home/skytech/ISP-BILLING-main/public/index.php(20): Illuminate\\Foundation\\Application->handleRequest()
#82 {main}
"} 
[2026-09-25 14:12:59] production.ERROR: Undefined variable $assignedAdditionalRoles (View: /home/skytech/ISP-BILLING-main/resources/views/admin/resellers/edit.blade.php) {"userId":1,"exception":"[object] (Illuminate\\View\\ViewException(code: 0): Undefined variable $assignedAdditionalRoles (View: /home/skytech/ISP-BILLING-main/resources/views/admin/resellers/edit.blade.php) at /home/skytech/ISP-BILLING-main/storage/framework/views/b717d64fd9a0d72c4743c21b519a92bb.php:157)
[stacktrace]
#0 /home/skytech/ISP-BILLING-main/vendor/livewire/livewire/src/Mechanisms/ExtendBlade/ExtendedCompilerEngine.php(58): Illuminate\\View\\Engines\\CompilerEngine->handleViewException()
#1 /home/skytech/ISP-BILLING-main/vendor/laravel/framework/src/Illuminate/View/Engines/PhpEngine.php(59): Livewire\\Mechanisms\\ExtendBlade\\ExtendedCompilerEngine->handleViewException()
#2 /home/skytech/ISP-BILLING-main/vendor/livewire/livewire/src/Mechanisms/ExtendBlade/ExtendedCompilerEngine.php(22): Illuminate\\View\\Engines\\PhpEngine->evaluatePath()
#3 /home/skytech/ISP-BILLING-main/vendor/laravel/framework/src/Illuminate/View/Engines/CompilerEngine.php(76): Livewire\\Mechanisms\\ExtendBlade\\ExtendedCompilerEngine->evaluatePath()
#4 /home/skytech/ISP-BILLING-main/vendor/livewire/livewire/src/Mechanisms/ExtendBlade/ExtendedCompilerEngine.php(10): Illuminate\\View\\Engines\\CompilerEngine->get()
#5 /home/skytech/ISP-BILLING-main/vendor/laravel/framework/src/Illuminate/View/View.php(208): Livewire\\Mechanisms\\ExtendBlade\\ExtendedCompilerEngine->get()
#6 /home/skytech/ISP-BILLING-main/vendor/laravel/framework/src/Illuminate/View/View.php(191): Illuminate\\View\\View->getContents()
#7 /home/skytech/ISP-BILLING-main/vendor/laravel/framework/src/Illuminate/View/View.php(160): Illuminate\\View\\View->renderContents()
#8 /home/skytech/ISP-BILLING-main/vendor/laravel/framework/src/Illuminate/Http/Response.php(78): Illuminate\\View\\View->render()
#9 /home/skytech/ISP-BILLING-main/vendor/laravel/framework/src/Illuminate/Http/Response.php(34): Illuminate\\Http\\Response->setContent()
#10 /home/skytech/ISP-BILLING-main/vendor/laravel/framework/src/Illuminate/Routing/Router.php(939): Illuminate\\Http\\Response->__construct()
#11 /home/skytech/ISP-BILLING-main/vendor/laravel/framework/src/Illuminate/Routing/Router.php(906): Illuminate\\Routing\\Router::toResponse()
#12 /home/skytech/ISP-BILLING-main/vendor/laravel/framework/src/Illuminate/Routing/Router.php(821): Illuminate\\Routing\\Router->prepareResponse()
#13 /home/skytech/ISP-BILLING-main/vendor/laravel/framework/src/Illuminate/Pipeline/Pipeline.php(180): Illuminate\\Routing\\Router->Illuminate\\Routing\\{closure}()
#14 /home/skytech/ISP-BILLING-main/app/Http/Middleware/RestrictHotelUserPortal.php(45): Illuminate\\Pipeline\\Pipeline->Illuminate\\Pipeline\\{closure}()
#15 /home/skytech/ISP-BILLING-main/vendor/laravel/framework/src/Illuminate/Pipeline/Pipeline.php(219): App\\Http\\Middleware\\RestrictHotelUserPortal->handle()
#16 /home/skytech/ISP-BILLING-main/app/Http/Middleware/ForcePortalPasswordChange.php(13): Illuminate\\Pipeline\\Pipeline->Illuminate\\Pipeline\\{closure}()
#17 /home/skytech/ISP-BILLING-main/vendor/laravel/framework/src/Illuminate/Pipeline/Pipeline.php(219): App\\Http\\Middleware\\ForcePortalPasswordChange->handle()
#18 /home/skytech/ISP-BILLING-main/app/Http/Middleware/RestrictToProfileIfNoPermissions.php(61): Illuminate\\Pipeline\\Pipeline->Illuminate\\Pipeline\\{closure}()
#19 /home/skytech/ISP-BILLING-main/vendor/laravel/framework/src/Illuminate/Pipeline/Pipeline.php(219): App\\Http\\Middleware\\RestrictToProfileIfNoPermissions->handle()
#20 /home/skytech/ISP-BILLING-main/vendor/laravel/framework/src/Illuminate/Auth/Middleware/EnsureEmailIsVerified.php(41): Illuminate\\Pipeline\\Pipeline->Illuminate\\Pipeline\\{closure}()
#21 /home/skytech/ISP-BILLING-main/vendor/laravel/framework/src/Illuminate/Pipeline/Pipeline.php(219): Illuminate\\Auth\\Middleware\\EnsureEmailIsVerified->handle()
#22 /home/skytech/ISP-BILLING-main/vendor/php-flasher/flasher-laravel/Middleware/FlasherMiddleware.php(21): Illuminate\\Pipeline\\Pipeline->Illuminate\\Pipeline\\{closure}()
#23 /home/skytech/ISP-BILLING-main/vendor/laravel/framework/src/Illuminate/Pipeline/Pipeline.php(219): Flasher\\Laravel\\Middleware\\FlasherMiddleware->handle()
#24 /home/skytech/ISP-BILLING-main/vendor/php-flasher/flasher-laravel/Middleware/SessionMiddleware.php(21): Illuminate\\Pipeline\\Pipeline->Illuminate\\Pipeline\\{closure}()
#25 /home/skytech/ISP-BILLING-main/vendor/laravel/framework/src/Illuminate/Pipeline/Pipeline.php(219): Flasher\\Laravel\\Middleware\\SessionMiddleware->handle()
#26 /home/skytech/ISP-BILLING-main/app/Http/Middleware/SetLocaleFromSession.php(42): Illuminate\\Pipeline\\Pipeline->Illuminate\\Pipeline\\{closure}()
#27 /home/skytech/ISP-BILLING-main/vendor/laravel/framework/src/Illuminate/Pipeline/Pipeline.php(219): App\\Http\\Middleware\\SetLocaleFromSession->handle()
#28 /home/skytech/ISP-BILLING-main/vendor/laravel/framework/src/Illuminate/Routing/Middleware/SubstituteBindings.php(50): Illuminate\\Pipeline\\Pipeline->Illuminate\\Pipeline\\{closure}()
#29 /home/skytech/ISP-BILLING-main/vendor/laravel/framework/src/Illuminate/Pipeline/Pipeline.php(219): Illuminate\\Routing\\Middleware\\SubstituteBindings->handle()
#30 /home/skytech/ISP-BILLING-main/vendor/laravel/framework/src/Illuminate/Session/Middleware/AuthenticateSession.php(70): Illuminate\\Pipeline\\Pipeline->Illuminate\\Pipeline\\{closure}()
#31 /home/skytech/ISP-BILLING-main/vendor/laravel/framework/src/Illuminate/Pipeline/Pipeline.php(219): Illuminate\\Session\\Middleware\\AuthenticateSession->handle()
#32 /home/skytech/ISP-BILLING-main/vendor/laravel/framework/src/Illuminate/Auth/Middleware/Authenticate.php(63): Illuminate\\Pipeline\\Pipeline->Illuminate\\Pipeline\\{closure}()
#33 /home/skytech/ISP-BILLING-main/vendor/laravel/framework/src/Illuminate/Pipeline/Pipeline.php(219): Illuminate\\Auth\\Middleware\\Authenticate->handle()
#34 /home/skytech/ISP-BILLING-main/vendor/laravel/framework/src/Illuminate/Foundation/Http/Middleware/VerifyCsrfToken.php(87): Illuminate\\Pipeline\\Pipeline->Illuminate\\Pipeline\\{closure}()
#35 /home/skytech/ISP-BILLING-main/vendor/laravel/framework/src/Illuminate/Pipeline/Pipeline.php(219): Illuminate\\Foundation\\Http\\Middleware\\VerifyCsrfToken->handle()
#36 /home/skytech/ISP-BILLING-main/vendor/laravel/framework/src/Illuminate/View/Middleware/ShareErrorsFromSession.php(48): Illuminate\\Pipeline\\Pipeline->Illuminate\\Pipeline\\{closure}()
#37 /home/skytech/ISP-BILLING-main/vendor/laravel/framework/src/Illuminate/Pipeline/Pipeline.php(219): Illuminate\\View\\Middleware\\ShareErrorsFromSession->handle()
#38 /home/skytech/ISP-BILLING-main/vendor/laravel/framework/src/Illuminate/Session/Middleware/StartSession.php(120): Illuminate\\Pipeline\\Pipeline->Illuminate\\Pipeline\\{closure}()
#39 /home/skytech/ISP-BILLING-main/vendor/laravel/framework/src/Illuminate/Session/Middleware/StartSession.php(63): Illuminate\\Session\\Middleware\\StartSession->handleStatefulRequest()
#40 /home/skytech/ISP-BILLING-main/vendor/laravel/framework/src/Illuminate/Pipeline/Pipeline.php(219): Illuminate\\Session\\Middleware\\StartSession->handle()
#41 /home/skytech/ISP-BILLING-main/vendor/laravel/framework/src/Illuminate/Cookie/Middleware/AddQueuedCookiesToResponse.php(36): Illuminate\\Pipeline\\Pipeline->Illuminate\\Pipeline\\{closure}()
#42 /home/skytech/ISP-BILLING-main/vendor/laravel/framework/src/Illuminate/Pipeline/Pipeline.php(219): Illuminate\\Cookie\\Middleware\\AddQueuedCookiesToResponse->handle()
#43 /home/skytech/ISP-BILLING-main/vendor/laravel/framework/src/Illuminate/Cookie/Middleware/EncryptCookies.php(74): Illuminate\\Pipeline\\Pipeline->Illuminate\\Pipeline\\{closure}()
#44 /home/skytech/ISP-BILLING-main/vendor/laravel/framework/src/Illuminate/Pipeline/Pipeline.php(219): Illuminate\\Cookie\\Middleware\\EncryptCookies->handle()
#45 /home/skytech/ISP-BILLING-main/vendor/laravel/framework/src/Illuminate/Pipeline/Pipeline.php(137): Illuminate\\Pipeline\\Pipeline->Illuminate\\Pipeline\\{closure}()
#46 /home/skytech/ISP-BILLING-main/vendor/laravel/framework/src/Illuminate/Routing/Router.php(821): Illuminate\\Pipeline\\Pipeline->then()
#47 /home/skytech/ISP-BILLING-main/vendor/laravel/framework/src/Illuminate/Routing/Router.php(800): Illuminate\\Routing\\Router->runRouteWithinStack()
#48 /home/skytech/ISP-BILLING-main/vendor/laravel/framework/src/Illuminate/Routing/Router.php(764): Illuminate\\Routing\\Router->runRoute()
#49 /home/skytech/ISP-BILLING-main/vendor/laravel/framework/src/Illuminate/Routing/Router.php(753): Illuminate\\Routing\\Router->dispatchToRoute()
#50 /home/skytech/ISP-BILLING-main/vendor/laravel/framework/src/Illuminate/Foundation/Http/Kernel.php(200): Illuminate\\Routing\\Router->dispatch()
#51 /home/skytech/ISP-BILLING-main/vendor/laravel/framework/src/Illuminate/Pipeline/Pipeline.php(180): Illuminate\\Foundation\\Http\\Kernel->Illuminate\\Foundation\\Http\\{closure}()
#52 /home/skytech/ISP-BILLING-main/vendor/livewire/livewire/src/Features/SupportDisablingBackButtonCache/DisableBackButtonCacheMiddleware.php(19): Illuminate\\Pipeline\\Pipeline->Illuminate\\Pipeline\\{closure}()
#53 /home/skytech/ISP-BILLING-main/vendor/laravel/framework/src/Illuminate/Pipeline/Pipeline.php(219): Livewire\\Features\\SupportDisablingBackButtonCache\\DisableBackButtonCacheMiddleware->handle()
#54 /home/skytech/ISP-BILLING-main/app/Http/Middleware/CheckSiteStatus.php(55): Illuminate\\Pipeline\\Pipeline->Illuminate\\Pipeline\\{closure}()
#55 /home/skytech/ISP-BILLING-main/vendor/laravel/framework/src/Illuminate/Pipeline/Pipeline.php(219): App\\Http\\Middleware\\CheckSiteStatus->handle()
#56 /home/skytech/ISP-BILLING-main/vendor/laravel/framework/src/Illuminate/Foundation/Http/Middleware/TransformsRequest.php(21): Illuminate\\Pipeline\\Pipeline->Illuminate\\Pipeline\\{closure}()
#57 /home/skytech/ISP-BILLING-main/vendor/laravel/framework/src/Illuminate/Foundation/Http/Middleware/ConvertEmptyStringsToNull.php(31): Illuminate\\Foundation\\Http\\Middleware\\TransformsRequest->handle()
#58 /home/skytech/ISP-BILLING-main/vendor/laravel/framework/src/Illuminate/Pipeline/Pipeline.php(219): Illuminate\\Foundation\\Http\\Middleware\\ConvertEmptyStringsToNull->handle()
#59 /home/skytech/ISP-BILLING-main/vendor/laravel/framework/src/Illuminate/Foundation/Http/Middleware/TransformsRequest.php(21): Illuminate\\Pipeline\\Pipeline->Illuminate\\Pipeline\\{closure}()
#60 /home/skytech/ISP-BILLING-main/vendor/laravel/framework/src/Illuminate/Foundation/Http/Middleware/TrimStrings.php(51): Illuminate\\Foundation\\Http\\Middleware\\TransformsRequest->handle()
#61 /home/skytech/ISP-BILLING-main/vendor/laravel/framework/src/Illuminate/Pipeline/Pipeline.php(219): Illuminate\\Foundation\\Http\\Middleware\\TrimStrings->handle()
#62 /home/skytech/ISP-BILLING-main/vendor/laravel/framework/src/Illuminate/Http/Middleware/ValidatePostSize.php(27): Illuminate\\Pipeline\\Pipeline->Illuminate\\Pipeline\\{closure}()
#63 /home/skytech/ISP-BILLING-main/vendor/laravel/framework/src/Illuminate/Pipeline/Pipeline.php(219): Illuminate\\Http\\Middleware\\ValidatePostSize->handle()
#64 /home/skytech/ISP-BILLING-main/vendor/laravel/framework/src/Illuminate/Foundation/Http/Middleware/PreventRequestsDuringMaintenance.php(109): Illuminate\\Pipeline\\Pipeline->Illuminate\\Pipeline\\{closure}()
#65 /home/skytech/ISP-BILLING-main/vendor/laravel/framework/src/Illuminate/Pipeline/Pipeline.php(219): Illuminate\\Foundation\\Http\\Middleware\\PreventRequestsDuringMaintenance->handle()
#66 /home/skytech/ISP-BILLING-main/vendor/laravel/framework/src/Illuminate/Http/Middleware/HandleCors.php(61): Illuminate\\Pipeline\\Pipeline->Illuminate\\Pipeline\\{closure}()
#67 /home/skytech/ISP-BILLING-main/vendor/laravel/framework/src/Illuminate/Pipeline/Pipeline.php(219): Illuminate\\Http\\Middleware\\HandleCors->handle()
#68 /home/skytech/ISP-BILLING-main/vendor/laravel/framework/src/Illuminate/Http/Middleware/TrustProxies.php(58): Illuminate\\Pipeline\\Pipeline->Illuminate\\Pipeline\\{closure}()
#69 /home/skytech/ISP-BILLING-main/vendor/laravel/framework/src/Illuminate/Pipeline/Pipeline.php(219): Illuminate\\Http\\Middleware\\TrustProxies->handle()
#70 /home/skytech/ISP-BILLING-main/vendor/laravel/framework/src/Illuminate/Foundation/Http/Middleware/InvokeDeferredCallbacks.php(22): Illuminate\\Pipeline\\Pipeline->Illuminate\\Pipeline\\{closure}()
#71 /home/skytech/ISP-BILLING-main/vendor/laravel/framework/src/Illuminate/Pipeline/Pipeline.php(219): Illuminate\\Foundation\\Http\\Middleware\\InvokeDeferredCallbacks->handle()
#72 /home/skytech/ISP-BILLING-main/vendor/laravel/framework/src/Illuminate/Http/Middleware/ValidatePathEncoding.php(26): Illuminate\\Pipeline\\Pipeline->Illuminate\\Pipeline\\{closure}()
#73 /home/skytech/ISP-BILLING-main/vendor/laravel/framework/src/Illuminate/Pipeline/Pipeline.php(219): Illuminate\\Http\\Middleware\\ValidatePathEncoding->handle()
#74 /home/skytech/ISP-BILLING-main/vendor/laravel/framework/src/Illuminate/Pipeline/Pipeline.php(137): Illuminate\\Pipeline\\Pipeline->Illuminate\\Pipeline\\{closure}()
#75 /home/skytech/ISP-BILLING-main/vendor/laravel/framework/src/Illuminate/Foundation/Http/Kernel.php(175): Illuminate\\Pipeline\\Pipeline->then()
#76 /home/skytech/ISP-BILLING-main/vendor/laravel/framework/src/Illuminate/Foundation/Http/Kernel.php(144): Illuminate\\Foundation\\Http\\Kernel->sendRequestThroughRouter()
#77 /home/skytech/ISP-BILLING-main/vendor/laravel/framework/src/Illuminate/Foundation/Application.php(1220): Illuminate\\Foundation\\Http\\Kernel->handle()
#78 /home/skytech/ISP-BILLING-main/public/index.php(20): Illuminate\\Foundation\\Application->handleRequest()
#79 {main}

[previous exception] [object] (ErrorException(code: 0): Undefined variable $assignedAdditionalRoles at /home/skytech/ISP-BILLING-main/storage/framework/views/b717d64fd9a0d72c4743c21b519a92bb.php:157)
[stacktrace]
#0 /home/skytech/ISP-BILLING-main/vendor/laravel/framework/src/Illuminate/Foundation/Bootstrap/HandleExceptions.php(262): Illuminate\\Foundation\\Bootstrap\\HandleExceptions->handleError()
#1 /home/skytech/ISP-BILLING-main/storage/framework/views/b717d64fd9a0d72c4743c21b519a92bb.php(157): Illuminate\\Foundation\\Bootstrap\\HandleExceptions->Illuminate\\Foundation\\Bootstrap\\{closure}()
#2 /home/skytech/ISP-BILLING-main/vendor/laravel/framework/src/Illuminate/Filesystem/Filesystem.php(123): require('...')
#3 /home/skytech/ISP-BILLING-main/vendor/laravel/framework/src/Illuminate/Filesystem/Filesystem.php(124): Illuminate\\Filesystem\\Filesystem::Illuminate\\Filesystem\\{closure}()
#4 /home/skytech/ISP-BILLING-main/vendor/laravel/framework/src/Illuminate/View/Engines/PhpEngine.php(57): Illuminate\\Filesystem\\Filesystem->getRequire()
#5 /home/skytech/ISP-BILLING-main/vendor/livewire/livewire/src/Mechanisms/ExtendBlade/ExtendedCompilerEngine.php(22): Illuminate\\View\\Engines\\PhpEngine->evaluatePath()
#6 /home/skytech/ISP-BILLING-main/vendor/laravel/framework/src/Illuminate/View/Engines/CompilerEngine.php(76): Livewire\\Mechanisms\\ExtendBlade\\ExtendedCompilerEngine->evaluatePath()
#7 /home/skytech/ISP-BILLING-main/vendor/livewire/livewire/src/Mechanisms/ExtendBlade/ExtendedCompilerEngine.php(10): Illuminate\\View\\Engines\\CompilerEngine->get()
#8 /home/skytech/ISP-BILLING-main/vendor/laravel/framework/src/Illuminate/View/View.php(208): Livewire\\Mechanisms\\ExtendBlade\\ExtendedCompilerEngine->get()
#9 /home/skytech/ISP-BILLING-main/vendor/laravel/framework/src/Illuminate/View/View.php(191): Illuminate\\View\\View->getContents()
#10 /home/skytech/ISP-BILLING-main/vendor/laravel/framework/src/Illuminate/View/View.php(160): Illuminate\\View\\View->renderContents()
#11 /home/skytech/ISP-BILLING-main/vendor/laravel/framework/src/Illuminate/Http/Response.php(78): Illuminate\\View\\View->render()
#12 /home/skytech/ISP-BILLING-main/vendor/laravel/framework/src/Illuminate/Http/Response.php(34): Illuminate\\Http\\Response->setContent()
#13 /home/skytech/ISP-BILLING-main/vendor/laravel/framework/src/Illuminate/Routing/Router.php(939): Illuminate\\Http\\Response->__construct()
#14 /home/skytech/ISP-BILLING-main/vendor/laravel/framework/src/Illuminate/Routing/Router.php(906): Illuminate\\Routing\\Router::toResponse()
#15 /home/skytech/ISP-BILLING-main/vendor/laravel/framework/src/Illuminate/Routing/Router.php(821): Illuminate\\Routing\\Router->prepareResponse()
#16 /home/skytech/ISP-BILLING-main/vendor/laravel/framework/src/Illuminate/Pipeline/Pipeline.php(180): Illuminate\\Routing\\Router->Illuminate\\Routing\\{closure}()
#17 /home/skytech/ISP-BILLING-main/app/Http/Middleware/RestrictHotelUserPortal.php(45): Illuminate\\Pipeline\\Pipeline->Illuminate\\Pipeline\\{closure}()
#18 /home/skytech/ISP-BILLING-main/vendor/laravel/framework/src/Illuminate/Pipeline/Pipeline.php(219): App\\Http\\Middleware\\RestrictHotelUserPortal->handle()
#19 /home/skytech/ISP-BILLING-main/app/Http/Middleware/ForcePortalPasswordChange.php(13): Illuminate\\Pipeline\\Pipeline->Illuminate\\Pipeline\\{closure}()
#20 /home/skytech/ISP-BILLING-main/vendor/laravel/framework/src/Illuminate/Pipeline/Pipeline.php(219): App\\Http\\Middleware\\ForcePortalPasswordChange->handle()
#21 /home/skytech/ISP-BILLING-main/app/Http/Middleware/RestrictToProfileIfNoPermissions.php(61): Illuminate\\Pipeline\\Pipeline->Illuminate\\Pipeline\\{closure}()
#22 /home/skytech/ISP-BILLING-main/vendor/laravel/framework/src/Illuminate/Pipeline/Pipeline.php(219): App\\Http\\Middleware\\RestrictToProfileIfNoPermissions->handle()
#23 /home/skytech/ISP-BILLING-main/vendor/laravel/framework/src/Illuminate/Auth/Middleware/EnsureEmailIsVerified.php(41): Illuminate\\Pipeline\\Pipeline->Illuminate\\Pipeline\\{closure}()
#24 /home/skytech/ISP-BILLING-main/vendor/laravel/framework/src/Illuminate/Pipeline/Pipeline.php(219): Illuminate\\Auth\\Middleware\\EnsureEmailIsVerified->handle()
#25 /home/skytech/ISP-BILLING-main/vendor/php-flasher/flasher-laravel/Middleware/FlasherMiddleware.php(21): Illuminate\\Pipeline\\Pipeline->Illuminate\\Pipeline\\{closure}()
#26 /home/skytech/ISP-BILLING-main/vendor/laravel/framework/src/Illuminate/Pipeline/Pipeline.php(219): Flasher\\Laravel\\Middleware\\FlasherMiddleware->handle()
#27 /home/skytech/ISP-BILLING-main/vendor/php-flasher/flasher-laravel/Middleware/SessionMiddleware.php(21): Illuminate\\Pipeline\\Pipeline->Illuminate\\Pipeline\\{closure}()
#28 /home/skytech/ISP-BILLING-main/vendor/laravel/framework/src/Illuminate/Pipeline/Pipeline.php(219): Flasher\\Laravel\\Middleware\\SessionMiddleware->handle()
#29 /home/skytech/ISP-BILLING-main/app/Http/Middleware/SetLocaleFromSession.php(42): Illuminate\\Pipeline\\Pipeline->Illuminate\\Pipeline\\{closure}()
#30 /home/skytech/ISP-BILLING-main/vendor/laravel/framework/src/Illuminate/Pipeline/Pipeline.php(219): App\\Http\\Middleware\\SetLocaleFromSession->handle()
#31 /home/skytech/ISP-BILLING-main/vendor/laravel/framework/src/Illuminate/Routing/Middleware/SubstituteBindings.php(50): Illuminate\\Pipeline\\Pipeline->Illuminate\\Pipeline\\{closure}()
#32 /home/skytech/ISP-BILLING-main/vendor/laravel/framework/src/Illuminate/Pipeline/Pipeline.php(219): Illuminate\\Routing\\Middleware\\SubstituteBindings->handle()
#33 /home/skytech/ISP-BILLING-main/vendor/laravel/framework/src/Illuminate/Session/Middleware/AuthenticateSession.php(70): Illuminate\\Pipeline\\Pipeline->Illuminate\\Pipeline\\{closure}()
#34 /home/skytech/ISP-BILLING-main/vendor/laravel/framework/src/Illuminate/Pipeline/Pipeline.php(219): Illuminate\\Session\\Middleware\\AuthenticateSession->handle()
#35 /home/skytech/ISP-BILLING-main/vendor/laravel/framework/src/Illuminate/Auth/Middleware/Authenticate.php(63): Illuminate\\Pipeline\\Pipeline->Illuminate\\Pipeline\\{closure}()
#36 /home/skytech/ISP-BILLING-main/vendor/laravel/framework/src/Illuminate/Pipeline/Pipeline.php(219): Illuminate\\Auth\\Middleware\\Authenticate->handle()
#37 /home/skytech/ISP-BILLING-main/vendor/laravel/framework/src/Illuminate/Foundation/Http/Middleware/VerifyCsrfToken.php(87): Illuminate\\Pipeline\\Pipeline->Illuminate\\Pipeline\\{closure}()
#38 /home/skytech/ISP-BILLING-main/vendor/laravel/framework/src/Illuminate/Pipeline/Pipeline.php(219): Illuminate\\Foundation\\Http\\Middleware\\VerifyCsrfToken->handle()
#39 /home/skytech/ISP-BILLING-main/vendor/laravel/framework/src/Illuminate/View/Middleware/ShareErrorsFromSession.php(48): Illuminate\\Pipeline\\Pipeline->Illuminate\\Pipeline\\{closure}()
#40 /home/skytech/ISP-BILLING-main/vendor/laravel/framework/src/Illuminate/Pipeline/Pipeline.php(219): Illuminate\\View\\Middleware\\ShareErrorsFromSession->handle()
#41 /home/skytech/ISP-BILLING-main/vendor/laravel/framework/src/Illuminate/Session/Middleware/StartSession.php(120): Illuminate\\Pipeline\\Pipeline->Illuminate\\Pipeline\\{closure}()
#42 /home/skytech/ISP-BILLING-main/vendor/laravel/framework/src/Illuminate/Session/Middleware/StartSession.php(63): Illuminate\\Session\\Middleware\\StartSession->handleStatefulRequest()
#43 /home/skytech/ISP-BILLING-main/vendor/laravel/framework/src/Illuminate/Pipeline/Pipeline.php(219): Illuminate\\Session\\Middleware\\StartSession->handle()
#44 /home/skytech/ISP-BILLING-main/vendor/laravel/framework/src/Illuminate/Cookie/Middleware/AddQueuedCookiesToResponse.php(36): Illuminate\\Pipeline\\Pipeline->Illuminate\\Pipeline\\{closure}()
#45 /home/skytech/ISP-BILLING-main/vendor/laravel/framework/src/Illuminate/Pipeline/Pipeline.php(219): Illuminate\\Cookie\\Middleware\\AddQueuedCookiesToResponse->handle()
#46 /home/skytech/ISP-BILLING-main/vendor/laravel/framework/src/Illuminate/Cookie/Middleware/EncryptCookies.php(74): Illuminate\\Pipeline\\Pipeline->Illuminate\\Pipeline\\{closure}()
#47 /home/skytech/ISP-BILLING-main/vendor/laravel/framework/src/Illuminate/Pipeline/Pipeline.php(219): Illuminate\\Cookie\\Middleware\\EncryptCookies->handle()
#48 /home/skytech/ISP-BILLING-main/vendor/laravel/framework/src/Illuminate/Pipeline/Pipeline.php(137): Illuminate\\Pipeline\\Pipeline->Illuminate\\Pipeline\\{closure}()
#49 /home/skytech/ISP-BILLING-main/vendor/laravel/framework/src/Illuminate/Routing/Router.php(821): Illuminate\\Pipeline\\Pipeline->then()
#50 /home/skytech/ISP-BILLING-main/vendor/laravel/framework/src/Illuminate/Routing/Router.php(800): Illuminate\\Routing\\Router->runRouteWithinStack()
#51 /home/skytech/ISP-BILLING-main/vendor/laravel/framework/src/Illuminate/Routing/Router.php(764): Illuminate\\Routing\\Router->runRoute()
#52 /home/skytech/ISP-BILLING-main/vendor/laravel/framework/src/Illuminate/Routing/Router.php(753): Illuminate\\Routing\\Router->dispatchToRoute()
#53 /home/skytech/ISP-BILLING-main/vendor/laravel/framework/src/Illuminate/Foundation/Http/Kernel.php(200): Illuminate\\Routing\\Router->dispatch()
#54 /home/skytech/ISP-BILLING-main/vendor/laravel/framework/src/Illuminate/Pipeline/Pipeline.php(180): Illuminate\\Foundation\\Http\\Kernel->Illuminate\\Foundation\\Http\\{closure}()
#55 /home/skytech/ISP-BILLING-main/vendor/livewire/livewire/src/Features/SupportDisablingBackButtonCache/DisableBackButtonCacheMiddleware.php(19): Illuminate\\Pipeline\\Pipeline->Illuminate\\Pipeline\\{closure}()
#56 /home/skytech/ISP-BILLING-main/vendor/laravel/framework/src/Illuminate/Pipeline/Pipeline.php(219): Livewire\\Features\\SupportDisablingBackButtonCache\\DisableBackButtonCacheMiddleware->handle()
#57 /home/skytech/ISP-BILLING-main/app/Http/Middleware/CheckSiteStatus.php(55): Illuminate\\Pipeline\\Pipeline->Illuminate\\Pipeline\\{closure}()
#58 /home/skytech/ISP-BILLING-main/vendor/laravel/framework/src/Illuminate/Pipeline/Pipeline.php(219): App\\Http\\Middleware\\CheckSiteStatus->handle()
#59 /home/skytech/ISP-BILLING-main/vendor/laravel/framework/src/Illuminate/Foundation/Http/Middleware/TransformsRequest.php(21): Illuminate\\Pipeline\\Pipeline->Illuminate\\Pipeline\\{closure}()
#60 /home/skytech/ISP-BILLING-main/vendor/laravel/framework/src/Illuminate/Foundation/Http/Middleware/ConvertEmptyStringsToNull.php(31): Illuminate\\Foundation\\Http\\Middleware\\TransformsRequest->handle()
#61 /home/skytech/ISP-BILLING-main/vendor/laravel/framework/src/Illuminate/Pipeline/Pipeline.php(219): Illuminate\\Foundation\\Http\\Middleware\\ConvertEmptyStringsToNull->handle()
#62 /home/skytech/ISP-BILLING-main/vendor/laravel/framework/src/Illuminate/Foundation/Http/Middleware/TransformsRequest.php(21): Illuminate\\Pipeline\\Pipeline->Illuminate\\Pipeline\\{closure}()
#63 /home/skytech/ISP-BILLING-main/vendor/laravel/framework/src/Illuminate/Foundation/Http/Middleware/TrimStrings.php(51): Illuminate\\Foundation\\Http\\Middleware\\TransformsRequest->handle()
#64 /home/skytech/ISP-BILLING-main/vendor/laravel/framework/src/Illuminate/Pipeline/Pipeline.php(219): Illuminate\\Foundation\\Http\\Middleware\\TrimStrings->handle()
#65 /home/skytech/ISP-BILLING-main/vendor/laravel/framework/src/Illuminate/Http/Middleware/ValidatePostSize.php(27): Illuminate\\Pipeline\\Pipeline->Illuminate\\Pipeline\\{closure}()
#66 /home/skytech/ISP-BILLING-main/vendor/laravel/framework/src/Illuminate/Pipeline/Pipeline.php(219): Illuminate\\Http\\Middleware\\ValidatePostSize->handle()
#67 /home/skytech/ISP-BILLING-main/vendor/laravel/framework/src/Illuminate/Foundation/Http/Middleware/PreventRequestsDuringMaintenance.php(109): Illuminate\\Pipeline\\Pipeline->Illuminate\\Pipeline\\{closure}()
#68 /home/skytech/ISP-BILLING-main/vendor/laravel/framework/src/Illuminate/Pipeline/Pipeline.php(219): Illuminate\\Foundation\\Http\\Middleware\\PreventRequestsDuringMaintenance->handle()
#69 /home/skytech/ISP-BILLING-main/vendor/laravel/framework/src/Illuminate/Http/Middleware/HandleCors.php(61): Illuminate\\Pipeline\\Pipeline->Illuminate\\Pipeline\\{closure}()
#70 /home/skytech/ISP-BILLING-main/vendor/laravel/framework/src/Illuminate/Pipeline/Pipeline.php(219): Illuminate\\Http\\Middleware\\HandleCors->handle()
#71 /home/skytech/ISP-BILLING-main/vendor/laravel/framework/src/Illuminate/Http/Middleware/TrustProxies.php(58): Illuminate\\Pipeline\\Pipeline->Illuminate\\Pipeline\\{closure}()
#72 /home/skytech/ISP-BILLING-main/vendor/laravel/framework/src/Illuminate/Pipeline/Pipeline.php(219): Illuminate\\Http\\Middleware\\TrustProxies->handle()
#73 /home/skytech/ISP-BILLING-main/vendor/laravel/framework/src/Illuminate/Foundation/Http/Middleware/InvokeDeferredCallbacks.php(22): Illuminate\\Pipeline\\Pipeline->Illuminate\\Pipeline\\{closure}()
#74 /home/skytech/ISP-BILLING-main/vendor/laravel/framework/src/Illuminate/Pipeline/Pipeline.php(219): Illuminate\\Foundation\\Http\\Middleware\\InvokeDeferredCallbacks->handle()
#75 /home/skytech/ISP-BILLING-main/vendor/laravel/framework/src/Illuminate/Http/Middleware/ValidatePathEncoding.php(26): Illuminate\\Pipeline\\Pipeline->Illuminate\\Pipeline\\{closure}()
#76 /home/skytech/ISP-BILLING-main/vendor/laravel/framework/src/Illuminate/Pipeline/Pipeline.php(219): Illuminate\\Http\\Middleware\\ValidatePathEncoding->handle()
#77 /home/skytech/ISP-BILLING-main/vendor/laravel/framework/src/Illuminate/Pipeline/Pipeline.php(137): Illuminate\\Pipeline\\Pipeline->Illuminate\\Pipeline\\{closure}()
#78 /home/skytech/ISP-BILLING-main/vendor/laravel/framework/src/Illuminate/Foundation/Http/Kernel.php(175): Illuminate\\Pipeline\\Pipeline->then()
#79 /home/skytech/ISP-BILLING-main/vendor/laravel/framework/src/Illuminate/Foundation/Http/Kernel.php(144): Illuminate\\Foundation\\Http\\Kernel->sendRequestThroughRouter()
#80 /home/skytech/ISP-BILLING-main/vendor/laravel/framework/src/Illuminate/Foundation/Application.php(1220): Illuminate\\Foundation\\Http\\Kernel->handle()
#81 /home/skytech/ISP-BILLING-main/public/index.php(20): Illuminate\\Foundation\\Application->handleRequest()
#82 {main}
"} 
[2026-09-25 14:14:18] production.ERROR: Undefined variable $assignedAdditionalRoles (View: /home/skytech/ISP-BILLING-main/resources/views/admin/resellers/edit.blade.php) {"userId":1,"exception":"[object] (Illuminate\\View\\ViewException(code: 0): Undefined variable $assignedAdditionalRoles (View: /home/skytech/ISP-BILLING-main/resources/views/admin/resellers/edit.blade.php) at /home/skytech/ISP-BILLING-main/storage/framework/views/b717d64fd9a0d72c4743c21b519a92bb.php:157)
[stacktrace]
#0 /home/skytech/ISP-BILLING-main/vendor/livewire/livewire/src/Mechanisms/ExtendBlade/ExtendedCompilerEngine.php(58): Illuminate\\View\\Engines\\CompilerEngine->handleViewException()
#1 /home/skytech/ISP-BILLING-main/vendor/laravel/framework/src/Illuminate/View/Engines/PhpEngine.php(59): Livewire\\Mechanisms\\ExtendBlade\\ExtendedCompilerEngine->handleViewException()
#2 /home/skytech/ISP-BILLING-main/vendor/livewire/livewire/src/Mechanisms/ExtendBlade/ExtendedCompilerEngine.php(22): Illuminate\\View\\Engines\\PhpEngine->evaluatePath()
#3 /home/skytech/ISP-BILLING-main/vendor/laravel/framework/src/Illuminate/View/Engines/CompilerEngine.php(76): Livewire\\Mechanisms\\ExtendBlade\\ExtendedCompilerEngine->evaluatePath()
#4 /home/skytech/ISP-BILLING-main/vendor/livewire/livewire/src/Mechanisms/ExtendBlade/ExtendedCompilerEngine.php(10): Illuminate\\View\\Engines\\CompilerEngine->get()
#5 /home/skytech/ISP-BILLING-main/vendor/laravel/framework/src/Illuminate/View/View.php(208): Livewire\\Mechanisms\\ExtendBlade\\ExtendedCompilerEngine->get()
#6 /home/skytech/ISP-BILLING-main/vendor/laravel/framework/src/Illuminate/View/View.php(191): Illuminate\\View\\View->getContents()
#7 /home/skytech/ISP-BILLING-main/vendor/laravel/framework/src/Illuminate/View/View.php(160): Illuminate\\View\\View->renderContents()
#8 /home/skytech/ISP-BILLING-main/vendor/laravel/framework/src/Illuminate/Http/Response.php(78): Illuminate\\View\\View->render()
#9 /home/skytech/ISP-BILLING-main/vendor/laravel/framework/src/Illuminate/Http/Response.php(34): Illuminate\\Http\\Response->setContent()
#10 /home/skytech/ISP-BILLING-main/vendor/laravel/framework/src/Illuminate/Routing/Router.php(939): Illuminate\\Http\\Response->__construct()
#11 /home/skytech/ISP-BILLING-main/vendor/laravel/framework/src/Illuminate/Routing/Router.php(906): Illuminate\\Routing\\Router::toResponse()
#12 /home/skytech/ISP-BILLING-main/vendor/laravel/framework/src/Illuminate/Routing/Router.php(821): Illuminate\\Routing\\Router->prepareResponse()
#13 /home/skytech/ISP-BILLING-main/vendor/laravel/framework/src/Illuminate/Pipeline/Pipeline.php(180): Illuminate\\Routing\\Router->Illuminate\\Routing\\{closure}()
#14 /home/skytech/ISP-BILLING-main/app/Http/Middleware/RestrictHotelUserPortal.php(45): Illuminate\\Pipeline\\Pipeline->Illuminate\\Pipeline\\{closure}()
#15 /home/skytech/ISP-BILLING-main/vendor/laravel/framework/src/Illuminate/Pipeline/Pipeline.php(219): App\\Http\\Middleware\\RestrictHotelUserPortal->handle()
#16 /home/skytech/ISP-BILLING-main/app/Http/Middleware/ForcePortalPasswordChange.php(13): Illuminate\\Pipeline\\Pipeline->Illuminate\\Pipeline\\{closure}()
#17 /home/skytech/ISP-BILLING-main/vendor/laravel/framework/src/Illuminate/Pipeline/Pipeline.php(219): App\\Http\\Middleware\\ForcePortalPasswordChange->handle()
#18 /home/skytech/ISP-BILLING-main/app/Http/Middleware/RestrictToProfileIfNoPermissions.php(61): Illuminate\\Pipeline\\Pipeline->Illuminate\\Pipeline\\{closure}()
#19 /home/skytech/ISP-BILLING-main/vendor/laravel/framework/src/Illuminate/Pipeline/Pipeline.php(219): App\\Http\\Middleware\\RestrictToProfileIfNoPermissions->handle()
#20 /home/skytech/ISP-BILLING-main/vendor/laravel/framework/src/Illuminate/Auth/Middleware/EnsureEmailIsVerified.php(41): Illuminate\\Pipeline\\Pipeline->Illuminate\\Pipeline\\{closure}()
#21 /home/skytech/ISP-BILLING-main/vendor/laravel/framework/src/Illuminate/Pipeline/Pipeline.php(219): Illuminate\\Auth\\Middleware\\EnsureEmailIsVerified->handle()
#22 /home/skytech/ISP-BILLING-main/vendor/php-flasher/flasher-laravel/Middleware/FlasherMiddleware.php(21): Illuminate\\Pipeline\\Pipeline->Illuminate\\Pipeline\\{closure}()
#23 /home/skytech/ISP-BILLING-main/vendor/laravel/framework/src/Illuminate/Pipeline/Pipeline.php(219): Flasher\\Laravel\\Middleware\\FlasherMiddleware->handle()
#24 /home/skytech/ISP-BILLING-main/vendor/php-flasher/flasher-laravel/Middleware/SessionMiddleware.php(21): Illuminate\\Pipeline\\Pipeline->Illuminate\\Pipeline\\{closure}()
#25 /home/skytech/ISP-BILLING-main/vendor/laravel/framework/src/Illuminate/Pipeline/Pipeline.php(219): Flasher\\Laravel\\Middleware\\SessionMiddleware->handle()
#26 /home/skytech/ISP-BILLING-main/app/Http/Middleware/SetLocaleFromSession.php(42): Illuminate\\Pipeline\\Pipeline->Illuminate\\Pipeline\\{closure}()
#27 /home/skytech/ISP-BILLING-main/vendor/laravel/framework/src/Illuminate/Pipeline/Pipeline.php(219): App\\Http\\Middleware\\SetLocaleFromSession->handle()
#28 /home/skytech/ISP-BILLING-main/vendor/laravel/framework/src/Illuminate/Routing/Middleware/SubstituteBindings.php(50): Illuminate\\Pipeline\\Pipeline->Illuminate\\Pipeline\\{closure}()
#29 /home/skytech/ISP-BILLING-main/vendor/laravel/framework/src/Illuminate/Pipeline/Pipeline.php(219): Illuminate\\Routing\\Middleware\\SubstituteBindings->handle()
#30 /home/skytech/ISP-BILLING-main/vendor/laravel/framework/src/Illuminate/Session/Middleware/AuthenticateSession.php(70): Illuminate\\Pipeline\\Pipeline->Illuminate\\Pipeline\\{closure}()
#31 /home/skytech/ISP-BILLING-main/vendor/laravel/framework/src/Illuminate/Pipeline/Pipeline.php(219): Illuminate\\Session\\Middleware\\AuthenticateSession->handle()
#32 /home/skytech/ISP-BILLING-main/vendor/laravel/framework/src/Illuminate/Auth/Middleware/Authenticate.php(63): Illuminate\\Pipeline\\Pipeline->Illuminate\\Pipeline\\{closure}()
#33 /home/skytech/ISP-BILLING-main/vendor/laravel/framework/src/Illuminate/Pipeline/Pipeline.php(219): Illuminate\\Auth\\Middleware\\Authenticate->handle()
#34 /home/skytech/ISP-BILLING-main/vendor/laravel/framework/src/Illuminate/Foundation/Http/Middleware/VerifyCsrfToken.php(87): Illuminate\\Pipeline\\Pipeline->Illuminate\\Pipeline\\{closure}()
#35 /home/skytech/ISP-BILLING-main/vendor/laravel/framework/src/Illuminate/Pipeline/Pipeline.php(219): Illuminate\\Foundation\\Http\\Middleware\\VerifyCsrfToken->handle()
#36 /home/skytech/ISP-BILLING-main/vendor/laravel/framework/src/Illuminate/View/Middleware/ShareErrorsFromSession.php(48): Illuminate\\Pipeline\\Pipeline->Illuminate\\Pipeline\\{closure}()
#37 /home/skytech/ISP-BILLING-main/vendor/laravel/framework/src/Illuminate/Pipeline/Pipeline.php(219): Illuminate\\View\\Middleware\\ShareErrorsFromSession->handle()
#38 /home/skytech/ISP-BILLING-main/vendor/laravel/framework/src/Illuminate/Session/Middleware/StartSession.php(120): Illuminate\\Pipeline\\Pipeline->Illuminate\\Pipeline\\{closure}()
#39 /home/skytech/ISP-BILLING-main/vendor/laravel/framework/src/Illuminate/Session/Middleware/StartSession.php(63): Illuminate\\Session\\Middleware\\StartSession->handleStatefulRequest()
#40 /home/skytech/ISP-BILLING-main/vendor/laravel/framework/src/Illuminate/Pipeline/Pipeline.php(219): Illuminate\\Session\\Middleware\\StartSession->handle()
#41 /home/skytech/ISP-BILLING-main/vendor/laravel/framework/src/Illuminate/Cookie/Middleware/AddQueuedCookiesToResponse.php(36): Illuminate\\Pipeline\\Pipeline->Illuminate\\Pipeline\\{closure}()
#42 /home/skytech/ISP-BILLING-main/vendor/laravel/framework/src/Illuminate/Pipeline/Pipeline.php(219): Illuminate\\Cookie\\Middleware\\AddQueuedCookiesToResponse->handle()
#43 /home/skytech/ISP-BILLING-main/vendor/laravel/framework/src/Illuminate/Cookie/Middleware/EncryptCookies.php(74): Illuminate\\Pipeline\\Pipeline->Illuminate\\Pipeline\\{closure}()
#44 /home/skytech/ISP-BILLING-main/vendor/laravel/framework/src/Illuminate/Pipeline/Pipeline.php(219): Illuminate\\Cookie\\Middleware\\EncryptCookies->handle()
#45 /home/skytech/ISP-BILLING-main/vendor/laravel/framework/src/Illuminate/Pipeline/Pipeline.php(137): Illuminate\\Pipeline\\Pipeline->Illuminate\\Pipeline\\{closure}()
#46 /home/skytech/ISP-BILLING-main/vendor/laravel/framework/src/Illuminate/Routing/Router.php(821): Illuminate\\Pipeline\\Pipeline->then()
#47 /home/skytech/ISP-BILLING-main/vendor/laravel/framework/src/Illuminate/Routing/Router.php(800): Illuminate\\Routing\\Router->runRouteWithinStack()
#48 /home/skytech/ISP-BILLING-main/vendor/laravel/framework/src/Illuminate/Routing/Router.php(764): Illuminate\\Routing\\Router->runRoute()
#49 /home/skytech/ISP-BILLING-main/vendor/laravel/framework/src/Illuminate/Routing/Router.php(753): Illuminate\\Routing\\Router->dispatchToRoute()
#50 /home/skytech/ISP-BILLING-main/vendor/laravel/framework/src/Illuminate/Foundation/Http/Kernel.php(200): Illuminate\\Routing\\Router->dispatch()
#51 /home/skytech/ISP-BILLING-main/vendor/laravel/framework/src/Illuminate/Pipeline/Pipeline.php(180): Illuminate\\Foundation\\Http\\Kernel->Illuminate\\Foundation\\Http\\{closure}()
#52 /home/skytech/ISP-BILLING-main/vendor/livewire/livewire/src/Features/SupportDisablingBackButtonCache/DisableBackButtonCacheMiddleware.php(19): Illuminate\\Pipeline\\Pipeline->Illuminate\\Pipeline\\{closure}()
#53 /home/skytech/ISP-BILLING-main/vendor/laravel/framework/src/Illuminate/Pipeline/Pipeline.php(219): Livewire\\Features\\SupportDisablingBackButtonCache\\DisableBackButtonCacheMiddleware->handle()
#54 /home/skytech/ISP-BILLING-main/app/Http/Middleware/CheckSiteStatus.php(55): Illuminate\\Pipeline\\Pipeline->Illuminate\\Pipeline\\{closure}()
#55 /home/skytech/ISP-BILLING-main/vendor/laravel/framework/src/Illuminate/Pipeline/Pipeline.php(219): App\\Http\\Middleware\\CheckSiteStatus->handle()
#56 /home/skytech/ISP-BILLING-main/vendor/laravel/framework/src/Illuminate/Foundation/Http/Middleware/TransformsRequest.php(21): Illuminate\\Pipeline\\Pipeline->Illuminate\\Pipeline\\{closure}()
#57 /home/skytech/ISP-BILLING-main/vendor/laravel/framework/src/Illuminate/Foundation/Http/Middleware/ConvertEmptyStringsToNull.php(31): Illuminate\\Foundation\\Http\\Middleware\\TransformsRequest->handle()
#58 /home/skytech/ISP-BILLING-main/vendor/laravel/framework/src/Illuminate/Pipeline/Pipeline.php(219): Illuminate\\Foundation\\Http\\Middleware\\ConvertEmptyStringsToNull->handle()
#59 /home/skytech/ISP-BILLING-main/vendor/laravel/framework/src/Illuminate/Foundation/Http/Middleware/TransformsRequest.php(21): Illuminate\\Pipeline\\Pipeline->Illuminate\\Pipeline\\{closure}()
#60 /home/skytech/ISP-BILLING-main/vendor/laravel/framework/src/Illuminate/Foundation/Http/Middleware/TrimStrings.php(51): Illuminate\\Foundation\\Http\\Middleware\\TransformsRequest->handle()
#61 /home/skytech/ISP-BILLING-main/vendor/laravel/framework/src/Illuminate/Pipeline/Pipeline.php(219): Illuminate\\Foundation\\Http\\Middleware\\TrimStrings->handle()
#62 /home/skytech/ISP-BILLING-main/vendor/laravel/framework/src/Illuminate/Http/Middleware/ValidatePostSize.php(27): Illuminate\\Pipeline\\Pipeline->Illuminate\\Pipeline\\{closure}()
#63 /home/skytech/ISP-BILLING-main/vendor/laravel/framework/src/Illuminate/Pipeline/Pipeline.php(219): Illuminate\\Http\\Middleware\\ValidatePostSize->handle()
#64 /home/skytech/ISP-BILLING-main/vendor/laravel/framework/src/Illuminate/Foundation/Http/Middleware/PreventRequestsDuringMaintenance.php(109): Illuminate\\Pipeline\\Pipeline->Illuminate\\Pipeline\\{closure}()
#65 /home/skytech/ISP-BILLING-main/vendor/laravel/framework/src/Illuminate/Pipeline/Pipeline.php(219): Illuminate\\Foundation\\Http\\Middleware\\PreventRequestsDuringMaintenance->handle()
#66 /home/skytech/ISP-BILLING-main/vendor/laravel/framework/src/Illuminate/Http/Middleware/HandleCors.php(61): Illuminate\\Pipeline\\Pipeline->Illuminate\\Pipeline\\{closure}()
#67 /home/skytech/ISP-BILLING-main/vendor/laravel/framework/src/Illuminate/Pipeline/Pipeline.php(219): Illuminate\\Http\\Middleware\\HandleCors->handle()
#68 /home/skytech/ISP-BILLING-main/vendor/laravel/framework/src/Illuminate/Http/Middleware/TrustProxies.php(58): Illuminate\\Pipeline\\Pipeline->Illuminate\\Pipeline\\{closure}()
#69 /home/skytech/ISP-BILLING-main/vendor/laravel/framework/src/Illuminate/Pipeline/Pipeline.php(219): Illuminate\\Http\\Middleware\\TrustProxies->handle()
#70 /home/skytech/ISP-BILLING-main/vendor/laravel/framework/src/Illuminate/Foundation/Http/Middleware/InvokeDeferredCallbacks.php(22): Illuminate\\Pipeline\\Pipeline->Illuminate\\Pipeline\\{closure}()
#71 /home/skytech/ISP-BILLING-main/vendor/laravel/framework/src/Illuminate/Pipeline/Pipeline.php(219): Illuminate\\Foundation\\Http\\Middleware\\InvokeDeferredCallbacks->handle()
#72 /home/skytech/ISP-BILLING-main/vendor/laravel/framework/src/Illuminate/Http/Middleware/ValidatePathEncoding.php(26): Illuminate\\Pipeline\\Pipeline->Illuminate\\Pipeline\\{closure}()
#73 /home/skytech/ISP-BILLING-main/vendor/laravel/framework/src/Illuminate/Pipeline/Pipeline.php(219): Illuminate\\Http\\Middleware\\ValidatePathEncoding->handle()
#74 /home/skytech/ISP-BILLING-main/vendor/laravel/framework/src/Illuminate/Pipeline/Pipeline.php(137): Illuminate\\Pipeline\\Pipeline->Illuminate\\Pipeline\\{closure}()
#75 /home/skytech/ISP-BILLING-main/vendor/laravel/framework/src/Illuminate/Foundation/Http/Kernel.php(175): Illuminate\\Pipeline\\Pipeline->then()
#76 /home/skytech/ISP-BILLING-main/vendor/laravel/framework/src/Illuminate/Foundation/Http/Kernel.php(144): Illuminate\\Foundation\\Http\\Kernel->sendRequestThroughRouter()
#77 /home/skytech/ISP-BILLING-main/vendor/laravel/framework/src/Illuminate/Foundation/Application.php(1220): Illuminate\\Foundation\\Http\\Kernel->handle()
#78 /home/skytech/ISP-BILLING-main/public/index.php(20): Illuminate\\Foundation\\Application->handleRequest()
#79 {main}

[previous exception] [object] (ErrorException(code: 0): Undefined variable $assignedAdditionalRoles at /home/skytech/ISP-BILLING-main/storage/framework/views/b717d64fd9a0d72c4743c21b519a92bb.php:157)
[stacktrace]
#0 /home/skytech/ISP-BILLING-main/vendor/laravel/framework/src/Illuminate/Foundation/Bootstrap/HandleExceptions.php(262): Illuminate\\Foundation\\Bootstrap\\HandleExceptions->handleError()
#1 /home/skytech/ISP-BILLING-main/storage/framework/views/b717d64fd9a0d72c4743c21b519a92bb.php(157): Illuminate\\Foundation\\Bootstrap\\HandleExceptions->Illuminate\\Foundation\\Bootstrap\\{closure}()
#2 /home/skytech/ISP-BILLING-main/vendor/laravel/framework/src/Illuminate/Filesystem/Filesystem.php(123): require('...')
#3 /home/skytech/ISP-BILLING-main/vendor/laravel/framework/src/Illuminate/Filesystem/Filesystem.php(124): Illuminate\\Filesystem\\Filesystem::Illuminate\\Filesystem\\{closure}()
#4 /home/skytech/ISP-BILLING-main/vendor/laravel/framework/src/Illuminate/View/Engines/PhpEngine.php(57): Illuminate\\Filesystem\\Filesystem->getRequire()
#5 /home/skytech/ISP-BILLING-main/vendor/livewire/livewire/src/Mechanisms/ExtendBlade/ExtendedCompilerEngine.php(22): Illuminate\\View\\Engines\\PhpEngine->evaluatePath()
#6 /home/skytech/ISP-BILLING-main/vendor/laravel/framework/src/Illuminate/View/Engines/CompilerEngine.php(76): Livewire\\Mechanisms\\ExtendBlade\\ExtendedCompilerEngine->evaluatePath()
#7 /home/skytech/ISP-BILLING-main/vendor/livewire/livewire/src/Mechanisms/ExtendBlade/ExtendedCompilerEngine.php(10): Illuminate\\View\\Engines\\CompilerEngine->get()
#8 /home/skytech/ISP-BILLING-main/vendor/laravel/framework/src/Illuminate/View/View.php(208): Livewire\\Mechanisms\\ExtendBlade\\ExtendedCompilerEngine->get()
#9 /home/skytech/ISP-BILLING-main/vendor/laravel/framework/src/Illuminate/View/View.php(191): Illuminate\\View\\View->getContents()
#10 /home/skytech/ISP-BILLING-main/vendor/laravel/framework/src/Illuminate/View/View.php(160): Illuminate\\View\\View->renderContents()
#11 /home/skytech/ISP-BILLING-main/vendor/laravel/framework/src/Illuminate/Http/Response.php(78): Illuminate\\View\\View->render()
#12 /home/skytech/ISP-BILLING-main/vendor/laravel/framework/src/Illuminate/Http/Response.php(34): Illuminate\\Http\\Response->setContent()
#13 /home/skytech/ISP-BILLING-main/vendor/laravel/framework/src/Illuminate/Routing/Router.php(939): Illuminate\\Http\\Response->__construct()
#14 /home/skytech/ISP-BILLING-main/vendor/laravel/framework/src/Illuminate/Routing/Router.php(906): Illuminate\\Routing\\Router::toResponse()
#15 /home/skytech/ISP-BILLING-main/vendor/laravel/framework/src/Illuminate/Routing/Router.php(821): Illuminate\\Routing\\Router->prepareResponse()
#16 /home/skytech/ISP-BILLING-main/vendor/laravel/framework/src/Illuminate/Pipeline/Pipeline.php(180): Illuminate\\Routing\\Router->Illuminate\\Routing\\{closure}()
#17 /home/skytech/ISP-BILLING-main/app/Http/Middleware/RestrictHotelUserPortal.php(45): Illuminate\\Pipeline\\Pipeline->Illuminate\\Pipeline\\{closure}()
#18 /home/skytech/ISP-BILLING-main/vendor/laravel/framework/src/Illuminate/Pipeline/Pipeline.php(219): App\\Http\\Middleware\\RestrictHotelUserPortal->handle()
#19 /home/skytech/ISP-BILLING-main/app/Http/Middleware/ForcePortalPasswordChange.php(13): Illuminate\\Pipeline\\Pipeline->Illuminate\\Pipeline\\{closure}()
#20 /home/skytech/ISP-BILLING-main/vendor/laravel/framework/src/Illuminate/Pipeline/Pipeline.php(219): App\\Http\\Middleware\\ForcePortalPasswordChange->handle()
#21 /home/skytech/ISP-BILLING-main/app/Http/Middleware/RestrictToProfileIfNoPermissions.php(61): Illuminate\\Pipeline\\Pipeline->Illuminate\\Pipeline\\{closure}()
#22 /home/skytech/ISP-BILLING-main/vendor/laravel/framework/src/Illuminate/Pipeline/Pipeline.php(219): App\\Http\\Middleware\\RestrictToProfileIfNoPermissions->handle()
#23 /home/skytech/ISP-BILLING-main/vendor/laravel/framework/src/Illuminate/Auth/Middleware/EnsureEmailIsVerified.php(41): Illuminate\\Pipeline\\Pipeline->Illuminate\\Pipeline\\{closure}()
#24 /home/skytech/ISP-BILLING-main/vendor/laravel/framework/src/Illuminate/Pipeline/Pipeline.php(219): Illuminate\\Auth\\Middleware\\EnsureEmailIsVerified->handle()
#25 /home/skytech/ISP-BILLING-main/vendor/php-flasher/flasher-laravel/Middleware/FlasherMiddleware.php(21): Illuminate\\Pipeline\\Pipeline->Illuminate\\Pipeline\\{closure}()
#26 /home/skytech/ISP-BILLING-main/vendor/laravel/framework/src/Illuminate/Pipeline/Pipeline.php(219): Flasher\\Laravel\\Middleware\\FlasherMiddleware->handle()
#27 /home/skytech/ISP-BILLING-main/vendor/php-flasher/flasher-laravel/Middleware/SessionMiddleware.php(21): Illuminate\\Pipeline\\Pipeline->Illuminate\\Pipeline\\{closure}()
#28 /home/skytech/ISP-BILLING-main/vendor/laravel/framework/src/Illuminate/Pipeline/Pipeline.php(219): Flasher\\Laravel\\Middleware\\SessionMiddleware->handle()
#29 /home/skytech/ISP-BILLING-main/app/Http/Middleware/SetLocaleFromSession.php(42): Illuminate\\Pipeline\\Pipeline->Illuminate\\Pipeline\\{closure}()
#30 /home/skytech/ISP-BILLING-main/vendor/laravel/framework/src/Illuminate/Pipeline/Pipeline.php(219): App\\Http\\Middleware\\SetLocaleFromSession->handle()
#31 /home/skytech/ISP-BILLING-main/vendor/laravel/framework/src/Illuminate/Routing/Middleware/SubstituteBindings.php(50): Illuminate\\Pipeline\\Pipeline->Illuminate\\Pipeline\\{closure}()
#32 /home/skytech/ISP-BILLING-main/vendor/laravel/framework/src/Illuminate/Pipeline/Pipeline.php(219): Illuminate\\Routing\\Middleware\\SubstituteBindings->handle()
#33 /home/skytech/ISP-BILLING-main/vendor/laravel/framework/src/Illuminate/Session/Middleware/AuthenticateSession.php(70): Illuminate\\Pipeline\\Pipeline->Illuminate\\Pipeline\\{closure}()
#34 /home/skytech/ISP-BILLING-main/vendor/laravel/framework/src/Illuminate/Pipeline/Pipeline.php(219): Illuminate\\Session\\Middleware\\AuthenticateSession->handle()
#35 /home/skytech/ISP-BILLING-main/vendor/laravel/framework/src/Illuminate/Auth/Middleware/Authenticate.php(63): Illuminate\\Pipeline\\Pipeline->Illuminate\\Pipeline\\{closure}()
#36 /home/skytech/ISP-BILLING-main/vendor/laravel/framework/src/Illuminate/Pipeline/Pipeline.php(219): Illuminate\\Auth\\Middleware\\Authenticate->handle()
#37 /home/skytech/ISP-BILLING-main/vendor/laravel/framework/src/Illuminate/Foundation/Http/Middleware/VerifyCsrfToken.php(87): Illuminate\\Pipeline\\Pipeline->Illuminate\\Pipeline\\{closure}()
#38 /home/skytech/ISP-BILLING-main/vendor/laravel/framework/src/Illuminate/Pipeline/Pipeline.php(219): Illuminate\\Foundation\\Http\\Middleware\\VerifyCsrfToken->handle()
#39 /home/skytech/ISP-BILLING-main/vendor/laravel/framework/src/Illuminate/View/Middleware/ShareErrorsFromSession.php(48): Illuminate\\Pipeline\\Pipeline->Illuminate\\Pipeline\\{closure}()
#40 /home/skytech/ISP-BILLING-main/vendor/laravel/framework/src/Illuminate/Pipeline/Pipeline.php(219): Illuminate\\View\\Middleware\\ShareErrorsFromSession->handle()
#41 /home/skytech/ISP-BILLING-main/vendor/laravel/framework/src/Illuminate/Session/Middleware/StartSession.php(120): Illuminate\\Pipeline\\Pipeline->Illuminate\\Pipeline\\{closure}()
#42 /home/skytech/ISP-BILLING-main/vendor/laravel/framework/src/Illuminate/Session/Middleware/StartSession.php(63): Illuminate\\Session\\Middleware\\StartSession->handleStatefulRequest()
#43 /home/skytech/ISP-BILLING-main/vendor/laravel/framework/src/Illuminate/Pipeline/Pipeline.php(219): Illuminate\\Session\\Middleware\\StartSession->handle()
#44 /home/skytech/ISP-BILLING-main/vendor/laravel/framework/src/Illuminate/Cookie/Middleware/AddQueuedCookiesToResponse.php(36): Illuminate\\Pipeline\\Pipeline->Illuminate\\Pipeline\\{closure}()
#45 /home/skytech/ISP-BILLING-main/vendor/laravel/framework/src/Illuminate/Pipeline/Pipeline.php(219): Illuminate\\Cookie\\Middleware\\AddQueuedCookiesToResponse->handle()
#46 /home/skytech/ISP-BILLING-main/vendor/laravel/framework/src/Illuminate/Cookie/Middleware/EncryptCookies.php(74): Illuminate\\Pipeline\\Pipeline->Illuminate\\Pipeline\\{closure}()
#47 /home/skytech/ISP-BILLING-main/vendor/laravel/framework/src/Illuminate/Pipeline/Pipeline.php(219): Illuminate\\Cookie\\Middleware\\EncryptCookies->handle()
#48 /home/skytech/ISP-BILLING-main/vendor/laravel/framework/src/Illuminate/Pipeline/Pipeline.php(137): Illuminate\\Pipeline\\Pipeline->Illuminate\\Pipeline\\{closure}()
#49 /home/skytech/ISP-BILLING-main/vendor/laravel/framework/src/Illuminate/Routing/Router.php(821): Illuminate\\Pipeline\\Pipeline->then()
#50 /home/skytech/ISP-BILLING-main/vendor/laravel/framework/src/Illuminate/Routing/Router.php(800): Illuminate\\Routing\\Router->runRouteWithinStack()
#51 /home/skytech/ISP-BILLING-main/vendor/laravel/framework/src/Illuminate/Routing/Router.php(764): Illuminate\\Routing\\Router->runRoute()
#52 /home/skytech/ISP-BILLING-main/vendor/laravel/framework/src/Illuminate/Routing/Router.php(753): Illuminate\\Routing\\Router->dispatchToRoute()
#53 /home/skytech/ISP-BILLING-main/vendor/laravel/framework/src/Illuminate/Foundation/Http/Kernel.php(200): Illuminate\\Routing\\Router->dispatch()
#54 /home/skytech/ISP-BILLING-main/vendor/laravel/framework/src/Illuminate/Pipeline/Pipeline.php(180): Illuminate\\Foundation\\Http\\Kernel->Illuminate\\Foundation\\Http\\{closure}()
#55 /home/skytech/ISP-BILLING-main/vendor/livewire/livewire/src/Features/SupportDisablingBackButtonCache/DisableBackButtonCacheMiddleware.php(19): Illuminate\\Pipeline\\Pipeline->Illuminate\\Pipeline\\{closure}()
#56 /home/skytech/ISP-BILLING-main/vendor/laravel/framework/src/Illuminate/Pipeline/Pipeline.php(219): Livewire\\Features\\SupportDisablingBackButtonCache\\DisableBackButtonCacheMiddleware->handle()
#57 /home/skytech/ISP-BILLING-main/app/Http/Middleware/CheckSiteStatus.php(55): Illuminate\\Pipeline\\Pipeline->Illuminate\\Pipeline\\{closure}()
#58 /home/skytech/ISP-BILLING-main/vendor/laravel/framework/src/Illuminate/Pipeline/Pipeline.php(219): App\\Http\\Middleware\\CheckSiteStatus->handle()
#59 /home/skytech/ISP-BILLING-main/vendor/laravel/framework/src/Illuminate/Foundation/Http/Middleware/TransformsRequest.php(21): Illuminate\\Pipeline\\Pipeline->Illuminate\\Pipeline\\{closure}()
#60 /home/skytech/ISP-BILLING-main/vendor/laravel/framework/src/Illuminate/Foundation/Http/Middleware/ConvertEmptyStringsToNull.php(31): Illuminate\\Foundation\\Http\\Middleware\\TransformsRequest->handle()
#61 /home/skytech/ISP-BILLING-main/vendor/laravel/framework/src/Illuminate/Pipeline/Pipeline.php(219): Illuminate\\Foundation\\Http\\Middleware\\ConvertEmptyStringsToNull->handle()
#62 /home/skytech/ISP-BILLING-main/vendor/laravel/framework/src/Illuminate/Foundation/Http/Middleware/TransformsRequest.php(21): Illuminate\\Pipeline\\Pipeline->Illuminate\\Pipeline\\{closure}()
#63 /home/skytech/ISP-BILLING-main/vendor/laravel/framework/src/Illuminate/Foundation/Http/Middleware/TrimStrings.php(51): Illuminate\\Foundation\\Http\\Middleware\\TransformsRequest->handle()
#64 /home/skytech/ISP-BILLING-main/vendor/laravel/framework/src/Illuminate/Pipeline/Pipeline.php(219): Illuminate\\Foundation\\Http\\Middleware\\TrimStrings->handle()
#65 /home/skytech/ISP-BILLING-main/vendor/laravel/framework/src/Illuminate/Http/Middleware/ValidatePostSize.php(27): Illuminate\\Pipeline\\Pipeline->Illuminate\\Pipeline\\{closure}()
#66 /home/skytech/ISP-BILLING-main/vendor/laravel/framework/src/Illuminate/Pipeline/Pipeline.php(219): Illuminate\\Http\\Middleware\\ValidatePostSize->handle()
#67 /home/skytech/ISP-BILLING-main/vendor/laravel/framework/src/Illuminate/Foundation/Http/Middleware/PreventRequestsDuringMaintenance.php(109): Illuminate\\Pipeline\\Pipeline->Illuminate\\Pipeline\\{closure}()
#68 /home/skytech/ISP-BILLING-main/vendor/laravel/framework/src/Illuminate/Pipeline/Pipeline.php(219): Illuminate\\Foundation\\Http\\Middleware\\PreventRequestsDuringMaintenance->handle()
#69 /home/skytech/ISP-BILLING-main/vendor/laravel/framework/src/Illuminate/Http/Middleware/HandleCors.php(61): Illuminate\\Pipeline\\Pipeline->Illuminate\\Pipeline\\{closure}()
#70 /home/skytech/ISP-BILLING-main/vendor/laravel/framework/src/Illuminate/Pipeline/Pipeline.php(219): Illuminate\\Http\\Middleware\\HandleCors->handle()
#71 /home/skytech/ISP-BILLING-main/vendor/laravel/framework/src/Illuminate/Http/Middleware/TrustProxies.php(58): Illuminate\\Pipeline\\Pipeline->Illuminate\\Pipeline\\{closure}()
#72 /home/skytech/ISP-BILLING-main/vendor/laravel/framework/src/Illuminate/Pipeline/Pipeline.php(219): Illuminate\\Http\\Middleware\\TrustProxies->handle()
#73 /home/skytech/ISP-BILLING-main/vendor/laravel/framework/src/Illuminate/Foundation/Http/Middleware/InvokeDeferredCallbacks.php(22): Illuminate\\Pipeline\\Pipeline->Illuminate\\Pipeline\\{closure}()
#74 /home/skytech/ISP-BILLING-main/vendor/laravel/framework/src/Illuminate/Pipeline/Pipeline.php(219): Illuminate\\Foundation\\Http\\Middleware\\InvokeDeferredCallbacks->handle()
#75 /home/skytech/ISP-BILLING-main/vendor/laravel/framework/src/Illuminate/Http/Middleware/ValidatePathEncoding.php(26): Illuminate\\Pipeline\\Pipeline->Illuminate\\Pipeline\\{closure}()
#76 /home/skytech/ISP-BILLING-main/vendor/laravel/framework/src/Illuminate/Pipeline/Pipeline.php(219): Illuminate\\Http\\Middleware\\ValidatePathEncoding->handle()
#77 /home/skytech/ISP-BILLING-main/vendor/laravel/framework/src/Illuminate/Pipeline/Pipeline.php(137): Illuminate\\Pipeline\\Pipeline->Illuminate\\Pipeline\\{closure}()
#78 /home/skytech/ISP-BILLING-main/vendor/laravel/framework/src/Illuminate/Foundation/Http/Kernel.php(175): Illuminate\\Pipeline\\Pipeline->then()
#79 /home/skytech/ISP-BILLING-main/vendor/laravel/framework/src/Illuminate/Foundation/Http/Kernel.php(144): Illuminate\\Foundation\\Http\\Kernel->sendRequestThroughRouter()
#80 /home/skytech/ISP-BILLING-main/vendor/laravel/framework/src/Illuminate/Foundation/Application.php(1220): Illuminate\\Foundation\\Http\\Kernel->handle()
#81 /home/skytech/ISP-BILLING-main/public/index.php(20): Illuminate\\Foundation\\Application->handleRequest()
#82 {main}
"} 
[2026-09-25 14:16:42] production.ERROR: compact(): Undefined variable $assignedAdditionalRoles {"userId":1,"exception":"[object] (ErrorException(code: 0): compact(): Undefined variable $assignedAdditionalRoles at /home/skytech/ISP-BILLING-main/app/Http/Controllers/Admin/ResellerController.php:229)
[stacktrace]
#0 /home/skytech/ISP-BILLING-main/vendor/laravel/framework/src/Illuminate/Foundation/Bootstrap/HandleExceptions.php(262): Illuminate\\Foundation\\Bootstrap\\HandleExceptions->handleError()
#1 [internal function]: Illuminate\\Foundation\\Bootstrap\\HandleExceptions->Illuminate\\Foundation\\Bootstrap\\{closure}()
#2 /home/skytech/ISP-BILLING-main/app/Http/Controllers/Admin/ResellerController.php(229): compact()
#3 /home/skytech/ISP-BILLING-main/vendor/laravel/framework/src/Illuminate/Routing/ControllerDispatcher.php(46): App\\Http\\Controllers\\Admin\\ResellerController->edit()
#4 /home/skytech/ISP-BILLING-main/vendor/laravel/framework/src/Illuminate/Routing/Route.php(265): Illuminate\\Routing\\ControllerDispatcher->dispatch()
#5 /home/skytech/ISP-BILLING-main/vendor/laravel/framework/src/Illuminate/Routing/Route.php(211): Illuminate\\Routing\\Route->runController()
#6 /home/skytech/ISP-BILLING-main/vendor/laravel/framework/src/Illuminate/Routing/Router.php(822): Illuminate\\Routing\\Route->run()
#7 /home/skytech/ISP-BILLING-main/vendor/laravel/framework/src/Illuminate/Pipeline/Pipeline.php(180): Illuminate\\Routing\\Router->Illuminate\\Routing\\{closure}()
#8 /home/skytech/ISP-BILLING-main/app/Http/Middleware/RestrictHotelUserPortal.php(45): Illuminate\\Pipeline\\Pipeline->Illuminate\\Pipeline\\{closure}()
#9 /home/skytech/ISP-BILLING-main/vendor/laravel/framework/src/Illuminate/Pipeline/Pipeline.php(219): App\\Http\\Middleware\\RestrictHotelUserPortal->handle()
#10 /home/skytech/ISP-BILLING-main/app/Http/Middleware/ForcePortalPasswordChange.php(13): Illuminate\\Pipeline\\Pipeline->Illuminate\\Pipeline\\{closure}()
#11 /home/skytech/ISP-BILLING-main/vendor/laravel/framework/src/Illuminate/Pipeline/Pipeline.php(219): App\\Http\\Middleware\\ForcePortalPasswordChange->handle()
#12 /home/skytech/ISP-BILLING-main/app/Http/Middleware/RestrictToProfileIfNoPermissions.php(61): Illuminate\\Pipeline\\Pipeline->Illuminate\\Pipeline\\{closure}()
#13 /home/skytech/ISP-BILLING-main/vendor/laravel/framework/src/Illuminate/Pipeline/Pipeline.php(219): App\\Http\\Middleware\\RestrictToProfileIfNoPermissions->handle()
#14 /home/skytech/ISP-BILLING-main/vendor/laravel/framework/src/Illuminate/Auth/Middleware/EnsureEmailIsVerified.php(41): Illuminate\\Pipeline\\Pipeline->Illuminate\\Pipeline\\{closure}()
#15 /home/skytech/ISP-BILLING-main/vendor/laravel/framework/src/Illuminate/Pipeline/Pipeline.php(219): Illuminate\\Auth\\Middleware\\EnsureEmailIsVerified->handle()
#16 /home/skytech/ISP-BILLING-main/vendor/php-flasher/flasher-laravel/Middleware/FlasherMiddleware.php(21): Illuminate\\Pipeline\\Pipeline->Illuminate\\Pipeline\\{closure}()
#17 /home/skytech/ISP-BILLING-main/vendor/laravel/framework/src/Illuminate/Pipeline/Pipeline.php(219): Flasher\\Laravel\\Middleware\\FlasherMiddleware->handle()
#18 /home/skytech/ISP-BILLING-main/vendor/php-flasher/flasher-laravel/Middleware/SessionMiddleware.php(21): Illuminate\\Pipeline\\Pipeline->Illuminate\\Pipeline\\{closure}()
#19 /home/skytech/ISP-BILLING-main/vendor/laravel/framework/src/Illuminate/Pipeline/Pipeline.php(219): Flasher\\Laravel\\Middleware\\SessionMiddleware->handle()
#20 /home/skytech/ISP-BILLING-main/app/Http/Middleware/SetLocaleFromSession.php(42): Illuminate\\Pipeline\\Pipeline->Illuminate\\Pipeline\\{closure}()
#21 /home/skytech/ISP-BILLING-main/vendor/laravel/framework/src/Illuminate/Pipeline/Pipeline.php(219): App\\Http\\Middleware\\SetLocaleFromSession->handle()
#22 /home/skytech/ISP-BILLING-main/vendor/laravel/framework/src/Illuminate/Routing/Middleware/SubstituteBindings.php(50): Illuminate\\Pipeline\\Pipeline->Illuminate\\Pipeline\\{closure}()
#23 /home/skytech/ISP-BILLING-main/vendor/laravel/framework/src/Illuminate/Pipeline/Pipeline.php(219): Illuminate\\Routing\\Middleware\\SubstituteBindings->handle()
#24 /home/skytech/ISP-BILLING-main/vendor/laravel/framework/src/Illuminate/Session/Middleware/AuthenticateSession.php(70): Illuminate\\Pipeline\\Pipeline->Illuminate\\Pipeline\\{closure}()
#25 /home/skytech/ISP-BILLING-main/vendor/laravel/framework/src/Illuminate/Pipeline/Pipeline.php(219): Illuminate\\Session\\Middleware\\AuthenticateSession->handle()
#26 /home/skytech/ISP-BILLING-main/vendor/laravel/framework/src/Illuminate/Auth/Middleware/Authenticate.php(63): Illuminate\\Pipeline\\Pipeline->Illuminate\\Pipeline\\{closure}()
#27 /home/skytech/ISP-BILLING-main/vendor/laravel/framework/src/Illuminate/Pipeline/Pipeline.php(219): Illuminate\\Auth\\Middleware\\Authenticate->handle()
#28 /home/skytech/ISP-BILLING-main/vendor/laravel/framework/src/Illuminate/Foundation/Http/Middleware/VerifyCsrfToken.php(87): Illuminate\\Pipeline\\Pipeline->Illuminate\\Pipeline\\{closure}()
#29 /home/skytech/ISP-BILLING-main/vendor/laravel/framework/src/Illuminate/Pipeline/Pipeline.php(219): Illuminate\\Foundation\\Http\\Middleware\\VerifyCsrfToken->handle()
#30 /home/skytech/ISP-BILLING-main/vendor/laravel/framework/src/Illuminate/View/Middleware/ShareErrorsFromSession.php(48): Illuminate\\Pipeline\\Pipeline->Illuminate\\Pipeline\\{closure}()
#31 /home/skytech/ISP-BILLING-main/vendor/laravel/framework/src/Illuminate/Pipeline/Pipeline.php(219): Illuminate\\View\\Middleware\\ShareErrorsFromSession->handle()
#32 /home/skytech/ISP-BILLING-main/vendor/laravel/framework/src/Illuminate/Session/Middleware/StartSession.php(120): Illuminate\\Pipeline\\Pipeline->Illuminate\\Pipeline\\{closure}()
#33 /home/skytech/ISP-BILLING-main/vendor/laravel/framework/src/Illuminate/Session/Middleware/StartSession.php(63): Illuminate\\Session\\Middleware\\StartSession->handleStatefulRequest()
#34 /home/skytech/ISP-BILLING-main/vendor/laravel/framework/src/Illuminate/Pipeline/Pipeline.php(219): Illuminate\\Session\\Middleware\\StartSession->handle()
#35 /home/skytech/ISP-BILLING-main/vendor/laravel/framework/src/Illuminate/Cookie/Middleware/AddQueuedCookiesToResponse.php(36): Illuminate\\Pipeline\\Pipeline->Illuminate\\Pipeline\\{closure}()
#36 /home/skytech/ISP-BILLING-main/vendor/laravel/framework/src/Illuminate/Pipeline/Pipeline.php(219): Illuminate\\Cookie\\Middleware\\AddQueuedCookiesToResponse->handle()
#37 /home/skytech/ISP-BILLING-main/vendor/laravel/framework/src/Illuminate/Cookie/Middleware/EncryptCookies.php(74): Illuminate\\Pipeline\\Pipeline->Illuminate\\Pipeline\\{closure}()
#38 /home/skytech/ISP-BILLING-main/vendor/laravel/framework/src/Illuminate/Pipeline/Pipeline.php(219): Illuminate\\Cookie\\Middleware\\EncryptCookies->handle()
#39 /home/skytech/ISP-BILLING-main/vendor/laravel/framework/src/Illuminate/Pipeline/Pipeline.php(137): Illuminate\\Pipeline\\Pipeline->Illuminate\\Pipeline\\{closure}()
#40 /home/skytech/ISP-BILLING-main/vendor/laravel/framework/src/Illuminate/Routing/Router.php(821): Illuminate\\Pipeline\\Pipeline->then()
#41 /home/skytech/ISP-BILLING-main/vendor/laravel/framework/src/Illuminate/Routing/Router.php(800): Illuminate\\Routing\\Router->runRouteWithinStack()
#42 /home/skytech/ISP-BILLING-main/vendor/laravel/framework/src/Illuminate/Routing/Router.php(764): Illuminate\\Routing\\Router->runRoute()
#43 /home/skytech/ISP-BILLING-main/vendor/laravel/framework/src/Illuminate/Routing/Router.php(753): Illuminate\\Routing\\Router->dispatchToRoute()
#44 /home/skytech/ISP-BILLING-main/vendor/laravel/framework/src/Illuminate/Foundation/Http/Kernel.php(200): Illuminate\\Routing\\Router->dispatch()
#45 /home/skytech/ISP-BILLING-main/vendor/laravel/framework/src/Illuminate/Pipeline/Pipeline.php(180): Illuminate\\Foundation\\Http\\Kernel->Illuminate\\Foundation\\Http\\{closure}()
#46 /home/skytech/ISP-BILLING-main/vendor/livewire/livewire/src/Features/SupportDisablingBackButtonCache/DisableBackButtonCacheMiddleware.php(19): Illuminate\\Pipeline\\Pipeline->Illuminate\\Pipeline\\{closure}()
#47 /home/skytech/ISP-BILLING-main/vendor/laravel/framework/src/Illuminate/Pipeline/Pipeline.php(219): Livewire\\Features\\SupportDisablingBackButtonCache\\DisableBackButtonCacheMiddleware->handle()
#48 /home/skytech/ISP-BILLING-main/app/Http/Middleware/CheckSiteStatus.php(55): Illuminate\\Pipeline\\Pipeline->Illuminate\\Pipeline\\{closure}()
#49 /home/skytech/ISP-BILLING-main/vendor/laravel/framework/src/Illuminate/Pipeline/Pipeline.php(219): App\\Http\\Middleware\\CheckSiteStatus->handle()
#50 /home/skytech/ISP-BILLING-main/vendor/laravel/framework/src/Illuminate/Foundation/Http/Middleware/TransformsRequest.php(21): Illuminate\\Pipeline\\Pipeline->Illuminate\\Pipeline\\{closure}()
#51 /home/skytech/ISP-BILLING-main/vendor/laravel/framework/src/Illuminate/Foundation/Http/Middleware/ConvertEmptyStringsToNull.php(31): Illuminate\\Foundation\\Http\\Middleware\\TransformsRequest->handle()
#52 /home/skytech/ISP-BILLING-main/vendor/laravel/framework/src/Illuminate/Pipeline/Pipeline.php(219): Illuminate\\Foundation\\Http\\Middleware\\ConvertEmptyStringsToNull->handle()
#53 /home/skytech/ISP-BILLING-main/vendor/laravel/framework/src/Illuminate/Foundation/Http/Middleware/TransformsRequest.php(21): Illuminate\\Pipeline\\Pipeline->Illuminate\\Pipeline\\{closure}()
#54 /home/skytech/ISP-BILLING-main/vendor/laravel/framework/src/Illuminate/Foundation/Http/Middleware/TrimStrings.php(51): Illuminate\\Foundation\\Http\\Middleware\\TransformsRequest->handle()
#55 /home/skytech/ISP-BILLING-main/vendor/laravel/framework/src/Illuminate/Pipeline/Pipeline.php(219): Illuminate\\Foundation\\Http\\Middleware\\TrimStrings->handle()
#56 /home/skytech/ISP-BILLING-main/vendor/laravel/framework/src/Illuminate/Http/Middleware/ValidatePostSize.php(27): Illuminate\\Pipeline\\Pipeline->Illuminate\\Pipeline\\{closure}()
#57 /home/skytech/ISP-BILLING-main/vendor/laravel/framework/src/Illuminate/Pipeline/Pipeline.php(219): Illuminate\\Http\\Middleware\\ValidatePostSize->handle()
#58 /home/skytech/ISP-BILLING-main/vendor/laravel/framework/src/Illuminate/Foundation/Http/Middleware/PreventRequestsDuringMaintenance.php(109): Illuminate\\Pipeline\\Pipeline->Illuminate\\Pipeline\\{closure}()
#59 /home/skytech/ISP-BILLING-main/vendor/laravel/framework/src/Illuminate/Pipeline/Pipeline.php(219): Illuminate\\Foundation\\Http\\Middleware\\PreventRequestsDuringMaintenance->handle()
#60 /home/skytech/ISP-BILLING-main/vendor/laravel/framework/src/Illuminate/Http/Middleware/HandleCors.php(61): Illuminate\\Pipeline\\Pipeline->Illuminate\\Pipeline\\{closure}()
#61 /home/skytech/ISP-BILLING-main/vendor/laravel/framework/src/Illuminate/Pipeline/Pipeline.php(219): Illuminate\\Http\\Middleware\\HandleCors->handle()
#62 /home/skytech/ISP-BILLING-main/vendor/laravel/framework/src/Illuminate/Http/Middleware/TrustProxies.php(58): Illuminate\\Pipeline\\Pipeline->Illuminate\\Pipeline\\{closure}()
#63 /home/skytech/ISP-BILLING-main/vendor/laravel/framework/src/Illuminate/Pipeline/Pipeline.php(219): Illuminate\\Http\\Middleware\\TrustProxies->handle()
#64 /home/skytech/ISP-BILLING-main/vendor/laravel/framework/src/Illuminate/Foundation/Http/Middleware/InvokeDeferredCallbacks.php(22): Illuminate\\Pipeline\\Pipeline->Illuminate\\Pipeline\\{closure}()
#65 /home/skytech/ISP-BILLING-main/vendor/laravel/framework/src/Illuminate/Pipeline/Pipeline.php(219): Illuminate\\Foundation\\Http\\Middleware\\InvokeDeferredCallbacks->handle()
#66 /home/skytech/ISP-BILLING-main/vendor/laravel/framework/src/Illuminate/Http/Middleware/ValidatePathEncoding.php(26): Illuminate\\Pipeline\\Pipeline->Illuminate\\Pipeline\\{closure}()
#67 /home/skytech/ISP-BILLING-main/vendor/laravel/framework/src/Illuminate/Pipeline/Pipeline.php(219): Illuminate\\Http\\Middleware\\ValidatePathEncoding->handle()
#68 /home/skytech/ISP-BILLING-main/vendor/laravel/framework/src/Illuminate/Pipeline/Pipeline.php(137): Illuminate\\Pipeline\\Pipeline->Illuminate\\Pipeline\\{closure}()
#69 /home/skytech/ISP-BILLING-main/vendor/laravel/framework/src/Illuminate/Foundation/Http/Kernel.php(175): Illuminate\\Pipeline\\Pipeline->then()
#70 /home/skytech/ISP-BILLING-main/vendor/laravel/framework/src/Illuminate/Foundation/Http/Kernel.php(144): Illuminate\\Foundation\\Http\\Kernel->sendRequestThroughRouter()
#71 /home/skytech/ISP-BILLING-main/vendor/laravel/framework/src/Illuminate/Foundation/Application.php(1220): Illuminate\\Foundation\\Http\\Kernel->handle()
#72 /home/skytech/ISP-BILLING-main/public/index.php(20): Illuminate\\Foundation\\Application->handleRequest()
#73 {main}
"} 
[2026-09-25 14:18:50] production.DEBUG: Mikrotik [UVINZA] read cache invalidated.  
[2026-09-25 14:18:50] production.DEBUG: Mikrotik [HOPE] read cache invalidated.  
[2026-09-25 14:18:50] production.DEBUG: Mikrotik [UVINZA DC] read cache invalidated.  
[2026-09-25 14:18:50] production.DEBUG: Mikrotik [MATYAZO] read cache invalidated.  
[2026-09-25 14:19:06] production.DEBUG: Mikrotik [UVINZA DC] read cache invalidated.  
[2026-09-25 14:19:12] production.DEBUG: Mikrotik [MATYAZO] read cache invalidated.  
[2026-09-25 14:21:40] production.DEBUG: Mikrotik [UVINZA] read cache invalidated.  
[2026-09-25 14:21:40] production.DEBUG: Mikrotik [HOPE] read cache invalidated.  
[2026-09-25 14:21:40] production.DEBUG: Mikrotik [UVINZA DC] read cache invalidated.  
[2026-09-25 14:21:40] production.DEBUG: Mikrotik [MATYAZO] read cache invalidated.  
[2026-09-25 14:21:56] production.DEBUG: Mikrotik [UVINZA DC] read cache invalidated.  
[2026-09-25 14:22:01] production.DEBUG: Mikrotik [MATYAZO] read cache invalidated.  
[2026-09-25 14:22:38] production.INFO: PackageListSetup: Starting createPackage for id=4 name=becon-profile-85657c2b  
[2026-09-25 14:22:38] production.DEBUG: PackageListSetup: Detected edit mode. Previous name=becon-profile-85657c2b  
[2026-09-25 14:22:38] production.DEBUG: PackageListSetup: MikroTik service sync: service_type=both, PPP=YES, Hotspot=YES, push=TRUE, router=MATYAZO  
[2026-09-25 14:22:38] production.INFO: PackageListSetup: Syncing PPP profile 'becon-profile-85657c2b' on router: MATYAZO  
[2026-09-25 14:22:39] production.ERROR: Mikrotik [MATYAZO] SSH Read Fail: Cannot connect to 41.59.217.91:22. Error 111. Connection refused  
[2026-09-25 14:22:39] production.DEBUG: PackageListSetup: PPP sync result: {"MATYAZO":{"status":false,"message":"Error: Cannot connect to 41.59.217.91:22. Error 111. Connection refused","errors":{"exception":"Cannot connect to 41.59.217.91:22. Error 111. Connection refused"}}}  
[2026-09-25 14:22:39] production.INFO: PackageListSetup: Syncing Hotspot profile 'becon-profile-85657c2b' on router: MATYAZO  
[2026-09-25 14:22:40] production.ERROR: Mikrotik [MATYAZO] SSH Read Fail: Cannot connect to 41.59.217.91:22. Error 111. Connection refused  
[2026-09-25 14:22:40] production.INFO: HotspotSync [MATYAZO]: Profile 'becon-profile-85657c2b' MISSING → add  
[2026-09-25 14:22:40] production.DEBUG: HotspotUserProfile ADD CMD: /ip hotspot user profile add name="becon-profile-85657c2b" address-list="HOTSPOT-TTL-becon-profile-85657c2b" shared-users=1 status-autorefresh=1m  
[2026-09-25 14:22:40] production.ERROR: HotspotSync [MATYAZO]: Error on 'becon-profile-85657c2b': Cannot connect to 41.59.217.91:22. Error 111. Connection refused  
[2026-09-25 14:22:40] production.DEBUG: PackageListSetup: Hotspot sync result: {"becon-profile-85657c2b":"Error: Cannot connect to 41.59.217.91:22. Error 111. Connection refused"}  
[2026-09-25 14:22:40] production.INFO: PackageListSetup: createPackage COMPLETED for 'becon-profile-85657c2b'  
[2026-09-25 14:22:45] production.INFO: PackageListSetup: Starting full Two-Way Synchronization.  
[2026-09-25 14:23:01] production.INFO: PackageListSetup: Restoring missing profile 'Test' to router 'HOPE' (Push enabled)  
[2026-09-25 14:23:04] production.DEBUG: Mikrotik [HOPE] read cache invalidated.  
[2026-09-25 15:58:14] production.DEBUG: Mikrotik [UVINZA] read cache invalidated.  
[2026-09-25 15:58:14] production.DEBUG: Mikrotik [HOPE] read cache invalidated.  
[2026-09-25 15:58:14] production.DEBUG: Mikrotik [UVINZA DC] read cache invalidated.  
[2026-09-25 15:58:14] production.DEBUG: Mikrotik [MATYAZO] read cache invalidated.  
[2026-09-25 15:58:31] production.DEBUG: Mikrotik [UVINZA DC] read cache invalidated.  
[2026-09-25 15:58:36] production.DEBUG: Mikrotik [MATYAZO] read cache invalidated.  
[2026-09-25 15:59:04] production.DEBUG: Mikrotik [UVINZA] read cache invalidated.  
[2026-09-25 15:59:04] production.DEBUG: Mikrotik [HOPE] read cache invalidated.  
[2026-09-25 15:59:04] production.DEBUG: Mikrotik [UVINZA DC] read cache invalidated.  
[2026-09-25 15:59:04] production.DEBUG: Mikrotik [MATYAZO] read cache invalidated.  
[2026-09-25 15:59:21] production.DEBUG: Mikrotik [UVINZA DC] read cache invalidated.  
[2026-09-25 15:59:26] production.DEBUG: Mikrotik [MATYAZO] read cache invalidated.  
[2026-09-25 15:59:29] production.DEBUG: Mikrotik [HOPE] read cache invalidated.  
[2026-09-25 15:59:34] production.DEBUG: Mikrotik [UVINZA] read cache invalidated.  
[2026-09-25 16:00:39] production.DEBUG: Mikrotik [UVINZA] API Read Fail (falling back to SSH): Failed to connect to MikroTik: Socket timeout reached  
[2026-09-25 16:00:45] production.ERROR: Maximum execution time of 30 seconds exceeded {"userId":1,"exception":"[object] (Symfony\\Component\\ErrorHandler\\Error\\FatalError(code: 0): Maximum execution time of 30 seconds exceeded at /home/skytech/ISP-BILLING-main/vendor/evilfreelancer/routeros-api-php/src/Client.php:269)
[stacktrace]
#0 {main}
"} 
[2026-09-25 16:01:48] production.DEBUG: Mikrotik [UVINZA] API Read Fail (falling back to SSH): Failed to connect to MikroTik: Socket timeout reached  
[2026-09-25 16:01:54] production.ERROR: Maximum execution time of 30 seconds exceeded {"userId":1,"exception":"[object] (Symfony\\Component\\ErrorHandler\\Error\\FatalError(code: 0): Maximum execution time of 30 seconds exceeded at /home/skytech/ISP-BILLING-main/vendor/evilfreelancer/routeros-api-php/src/Streams/ResourceStream.php:74)
[stacktrace]
#0 {main}
"} 
[2026-09-25 16:17:23] production.ERROR: PHP Parse error: Syntax error, unexpected '{' on line 7 {"exception":"[object] (Psy\\Exception\\ParseErrorException(code: 0): PHP Parse error: Syntax error, unexpected '{' on line 7 at /home/skytech/ISP-BILLING-main/vendor/psy/psysh/src/Exception/ParseErrorException.php:44)
[stacktrace]
#0 /home/skytech/ISP-BILLING-main/vendor/psy/psysh/src/CodeCleaner.php(657): Psy\\Exception\\ParseErrorException::fromParseError()
#1 /home/skytech/ISP-BILLING-main/vendor/psy/psysh/src/CodeCleaner.php(273): Psy\\CodeCleaner->parse()
#2 /home/skytech/ISP-BILLING-main/vendor/psy/psysh/src/Shell.php(1399): Psy\\CodeCleaner->clean()
#3 /home/skytech/ISP-BILLING-main/vendor/psy/psysh/src/Shell.php(1506): Psy\\Shell->appendCode()
#4 /home/skytech/ISP-BILLING-main/vendor/psy/psysh/src/Shell.php(2215): Psy\\Shell->setCode()
#5 /home/skytech/ISP-BILLING-main/vendor/laravel/tinker/src/Console/TinkerCommand.php(77): Psy\\Shell->execute()
#6 /home/skytech/ISP-BILLING-main/vendor/laravel/framework/src/Illuminate/Container/BoundMethod.php(36): Laravel\\Tinker\\Console\\TinkerCommand->handle()
#7 /home/skytech/ISP-BILLING-main/vendor/laravel/framework/src/Illuminate/Container/Util.php(43): Illuminate\\Container\\BoundMethod::Illuminate\\Container\\{closure}()
#8 /home/skytech/ISP-BILLING-main/vendor/laravel/framework/src/Illuminate/Container/BoundMethod.php(96): Illuminate\\Container\\Util::unwrapIfClosure()
#9 /home/skytech/ISP-BILLING-main/vendor/laravel/framework/src/Illuminate/Container/BoundMethod.php(35): Illuminate\\Container\\BoundMethod::callBoundMethod()
#10 /home/skytech/ISP-BILLING-main/vendor/laravel/framework/src/Illuminate/Container/Container.php(799): Illuminate\\Container\\BoundMethod::call()
#11 /home/skytech/ISP-BILLING-main/vendor/laravel/framework/src/Illuminate/Console/Command.php(211): Illuminate\\Container\\Container->call()
#12 /home/skytech/ISP-BILLING-main/vendor/symfony/console/Command/Command.php(341): Illuminate\\Console\\Command->execute()
#13 /home/skytech/ISP-BILLING-main/vendor/laravel/framework/src/Illuminate/Console/Command.php(180): Symfony\\Component\\Console\\Command\\Command->run()
#14 /home/skytech/ISP-BILLING-main/vendor/symfony/console/Application.php(1117): Illuminate\\Console\\Command->run()
#15 /home/skytech/ISP-BILLING-main/vendor/symfony/console/Application.php(356): Symfony\\Component\\Console\\Application->doRunCommand()
#16 /home/skytech/ISP-BILLING-main/vendor/symfony/console/Application.php(195): Symfony\\Component\\Console\\Application->doRun()
#17 /home/skytech/ISP-BILLING-main/vendor/laravel/framework/src/Illuminate/Foundation/Console/Kernel.php(198): Symfony\\Component\\Console\\Application->run()
#18 /home/skytech/ISP-BILLING-main/vendor/laravel/framework/src/Illuminate/Foundation/Application.php(1235): Illuminate\\Foundation\\Console\\Kernel->handle()
#19 /home/skytech/ISP-BILLING-main/artisan(16): Illuminate\\Foundation\\Application->handleCommand()
#20 {main}
"} 
[2026-09-25 16:45:26] production.ERROR: Maximum execution time of 30 seconds exceeded {"userId":1,"exception":"[object] (Symfony\\Component\\ErrorHandler\\Error\\FatalError(code: 0): Maximum execution time of 30 seconds exceeded at /home/skytech/ISP-BILLING-main/vendor/intervention/image/src/Drivers/Gd/Encoders/PngEncoder.php:31)
[stacktrace]
#0 {main}
"} 
